estimate,statistic,N_sessions,bootstrap_block_length,bootstrap_repetitions,bootstrap_seed,removed_each_tail,ci_low,ci_high,p_raw,alternative,interval,null,null_calibration,status,null_exceedances,N_origins,N_asset_sessions,family,contrast,endpoint,inference_role,baseline_loss,expanded_loss,percent_reduction_mean,asset,horizon_minutes,cannot_rescue_primary
0.0029108604100767164,mean,419,5,9999,20260907,0,0.0008997918004206492,0.005579099444119047,0.0163,greater,two-sided percentile 95%; not inversion of centered-null p,delta <= 0,resampled statistic minus observed statistic; +1 correction,COMPUTED,162,26898,419,log_ridge_harq,B1_over_B0,qlike_mean,SECONDARY,0.1952783200293858,0.19236745961930907,1.4906213908634023,AAPL,15,True
0.0018706067822291759,mean,419,5,9999,20260907,0,0.00024883194442870503,0.003538592052806791,0.0134,greater,two-sided percentile 95%; not inversion of centered-null p,delta <= 0,resampled statistic minus observed statistic; +1 correction,COMPUTED,133,26898,419,log_ridge_harq,B2_over_B1,qlike_mean,SECONDARY,0.19236745961930907,0.1904968528370799,0.972413310406586,AAPL,15,True
0.0006158610911829264,mean,419,5,9999,20260907,0,-0.0023203785343478616,0.003881394524036639,0.3441,greater,two-sided percentile 95%; not inversion of centered-null p,delta <= 0,resampled statistic minus observed statistic; +1 correction,COMPUTED,3440,26898,419,lightgbm_qlike,B1_over_B0,qlike_mean,SECONDARY,0.19643691712818093,0.19582105603699798,0.3135159623692622,AAPL,15,True
-0.00030347455424666053,mean,419,5,9999,20260907,0,-0.0028179463823580332,0.0014525161901734356,0.6404,greater,two-sided percentile 95%; not inversion of centered-null p,delta <= 0,resampled statistic minus observed statistic; +1 correction,COMPUTED,6403,26898,419,lightgbm_qlike,B2_over_B1,qlike_mean,SECONDARY,0.19582105603699798,0.19612453059124466,-0.15497544563814566,AAPL,15,True
0.0025493468144586356,mean,419,5,9999,20260907,0,0.0004740671223032047,0.005311297326300228,0.033,greater,two-sided percentile 95%; not inversion of centered-null p,delta <= 0,resampled statistic minus observed statistic; +1 correction,COMPUTED,329,26743,419,log_ridge_harq,B1_over_B0,qlike_mean,SECONDARY,0.18039826310455,0.17784891629009134,1.4131770287506364,AMZN,15,True
2.6264936730231856e-05,mean,419,5,9999,20260907,0,-0.0012289165695156554,0.001231581830352574,0.4882,greater,two-sided percentile 95%; not inversion of centered-null p,delta <= 0,resampled statistic minus observed statistic; +1 correction,COMPUTED,4881,26743,419,log_ridge_harq,B2_over_B1,qlike_mean,SECONDARY,0.17784891629009134,0.17782265135336112,0.014768117387564412,AMZN,15,True
0.002016817379387465,mean,419,5,9999,20260907,0,-0.0005943145361204902,0.005658823588795215,0.1152,greater,two-sided percentile 95%; not inversion of centered-null p,delta <= 0,resampled statistic minus observed statistic; +1 correction,COMPUTED,1151,26743,419,lightgbm_qlike,B1_over_B0,qlike_mean,SECONDARY,0.18283134386272623,0.18081452648333876,1.1031026391742413,AMZN,15,True
-0.0007301200353267722,mean,419,5,9999,20260907,0,-0.002793263121474961,0.0009826338270177645,0.7828,greater,two-sided percentile 95%; not inversion of centered-null p,delta <= 0,resampled statistic minus observed statistic; +1 correction,COMPUTED,7827,26743,419,lightgbm_qlike,B2_over_B1,qlike_mean,SECONDARY,0.18081452648333876,0.18154464651866556,-0.4037950100176545,AMZN,15,True
0.0026369293150905887,mean,419,5,9999,20260907,0,0.0004893714146545553,0.005275795846943038,0.0253,greater,two-sided percentile 95%; not inversion of centered-null p,delta <= 0,resampled statistic minus observed statistic; +1 correction,COMPUTED,252,26853,419,log_ridge_harq,B1_over_B0,qlike_mean,SECONDARY,0.19432118808523827,0.19168425877014766,1.3569952618516872,META,15,True
-0.0004613343384144146,mean,419,5,9999,20260907,0,-0.001820236141120861,0.000822966735962234,0.762,greater,two-sided percentile 95%; not inversion of centered-null p,delta <= 0,resampled statistic minus observed statistic; +1 correction,COMPUTED,7619,26853,419,log_ridge_harq,B2_over_B1,qlike_mean,SECONDARY,0.19168425877014766,0.19214559310856208,-0.24067408632005072,META,15,True
0.0019528814199912604,mean,419,5,9999,20260907,0,-0.0008753552112871268,0.004999447310357309,0.0937,greater,two-sided percentile 95%; not inversion of centered-null p,delta <= 0,resampled statistic minus observed statistic; +1 correction,COMPUTED,936,26853,419,lightgbm_qlike,B1_over_B0,qlike_mean,SECONDARY,0.20019566527781507,0.1982427838578238,0.9754863659416462,META,15,True
0.0005984011255817052,mean,419,5,9999,20260907,0,-0.0019540210232598023,0.0032109385143129416,0.3143,greater,two-sided percentile 95%; not inversion of centered-null p,delta <= 0,resampled statistic minus observed statistic; +1 correction,COMPUTED,3142,26853,419,lightgbm_qlike,B2_over_B1,qlike_mean,SECONDARY,0.1982427838578238,0.19764438273224208,0.30185266466539734,META,15,True
0.001316394863855575,mean,419,5,9999,20260907,0,-0.0009326149762355242,0.0036827668010322597,0.1323,greater,two-sided percentile 95%; not inversion of centered-null p,delta <= 0,resampled statistic minus observed statistic; +1 correction,COMPUTED,1322,26729,419,log_ridge_harq,B1_over_B0,qlike_mean,SECONDARY,0.1789362055746007,0.17761981071074512,0.7356783159832647,MSFT,15,True
-0.00020206420948233023,mean,419,5,9999,20260907,0,-0.0023789463017873185,0.0021320455797454456,0.5682,greater,two-sided percentile 95%; not inversion of centered-null p,delta <= 0,resampled statistic minus observed statistic; +1 correction,COMPUTED,5681,26729,419,log_ridge_harq,B2_over_B1,qlike_mean,SECONDARY,0.17761981071074512,0.17782187492022747,-0.11376220291743974,MSFT,15,True
0.0030791364783457984,mean,419,5,9999,20260907,0,-0.0008917440014129411,0.00907650495243971,0.1216,greater,two-sided percentile 95%; not inversion of centered-null p,delta <= 0,resampled statistic minus observed statistic; +1 correction,COMPUTED,1215,26729,419,lightgbm_qlike,B1_over_B0,qlike_mean,SECONDARY,0.18304337363115056,0.1799642371528048,1.6821895364267845,MSFT,15,True
-0.0007884250317714636,mean,419,5,9999,20260907,0,-0.0028189669193942374,0.0009212559560758216,0.8053,greater,two-sided percentile 95%; not inversion of centered-null p,delta <= 0,resampled statistic minus observed statistic; +1 correction,COMPUTED,8052,26729,419,lightgbm_qlike,B2_over_B1,qlike_mean,SECONDARY,0.1799642371528048,0.18075266218457625,-0.4381009495247794,MSFT,15,True
0.0016809538740119533,mean,419,5,9999,20260907,0,0.00030913374795740164,0.0031490779298564567,0.0139,greater,two-sided percentile 95%; not inversion of centered-null p,delta <= 0,resampled statistic minus observed statistic; +1 correction,COMPUTED,138,26764,419,log_ridge_harq,B1_over_B0,qlike_mean,SECONDARY,0.18193030561122872,0.18024935173721676,0.9239548454362653,NVDA,15,True
0.0020313681679787195,mean,419,5,9999,20260907,0,0.0010441109557738069,0.0030562737988400817,0.0001,greater,two-sided percentile 95%; not inversion of centered-null p,delta <= 0,resampled statistic minus observed statistic; +1 correction,COMPUTED,0,26764,419,log_ridge_harq,B2_over_B1,qlike_mean,SECONDARY,0.18024935173721676,0.17821798356923804,1.1269766844655427,NVDA,15,True
0.0029449557836413883,mean,419,5,9999,20260907,0,0.0001489103003749962,0.006421733930985154,0.043,greater,two-sided percentile 95%; not inversion of centered-null p,delta <= 0,resampled statistic minus observed statistic; +1 correction,COMPUTED,429,26764,419,lightgbm_qlike,B1_over_B0,qlike_mean,SECONDARY,0.18445817153475735,0.18151321575111598,1.5965439531023822,NVDA,15,True
0.00011528897291000805,mean,419,5,9999,20260907,0,-0.0011628361179378632,0.0014336467534522587,0.4209,greater,two-sided percentile 95%; not inversion of centered-null p,delta <= 0,resampled statistic minus observed statistic; +1 correction,COMPUTED,4208,26764,419,lightgbm_qlike,B2_over_B1,qlike_mean,SECONDARY,0.18151321575111598,0.181397926778206,0.06351547044821679,NVDA,15,True
0.0012462721893625609,mean,419,5,9999,20260907,0,-0.0003886096047199812,0.0031140031050510258,0.0855,greater,two-sided percentile 95%; not inversion of centered-null p,delta <= 0,resampled statistic minus observed statistic; +1 correction,COMPUTED,854,26845,419,log_ridge_harq,B1_over_B0,qlike_mean,SECONDARY,0.1767322309305097,0.17548595874114717,0.7051753847053452,TSLA,15,True
0.00130950974540402,mean,419,5,9999,20260907,0,-1.0467298085535164e-05,0.0027031838592503216,0.0325,greater,two-sided percentile 95%; not inversion of centered-null p,delta <= 0,resampled statistic minus observed statistic; +1 correction,COMPUTED,324,26845,419,log_ridge_harq,B2_over_B1,qlike_mean,SECONDARY,0.17548595874114717,0.17417644899574314,0.7462191019713601,TSLA,15,True
0.0056089087289151315,mean,419,5,9999,20260907,0,0.001089612061555034,0.011974695844085174,0.0393,greater,two-sided percentile 95%; not inversion of centered-null p,delta <= 0,resampled statistic minus observed statistic; +1 correction,COMPUTED,392,26845,419,lightgbm_qlike,B1_over_B0,qlike_mean,SECONDARY,0.1842424418599163,0.17863353313100114,3.0443087229487067,TSLA,15,True
0.0006111584893608655,mean,419,5,9999,20260907,0,-0.0031538308922444062,0.003479424799678298,0.3835,greater,two-sided percentile 95%; not inversion of centered-null p,delta <= 0,resampled statistic minus observed statistic; +1 correction,COMPUTED,3834,26845,419,lightgbm_qlike,B2_over_B1,qlike_mean,SECONDARY,0.17863353313100114,0.17802237464164025,0.34212976625876373,TSLA,15,True
0.0061463882712068756,mean,419,5,9999,20260907,0,0.0005584232988181679,0.014142425705247794,0.0572,greater,two-sided percentile 95%; not inversion of centered-null p,delta <= 0,resampled statistic minus observed statistic; +1 correction,COMPUTED,571,26791,419,log_ridge_harq,B1_over_B0,qlike_mean,SECONDARY,0.24216681805209722,0.23602042978089036,2.5380802872359687,SPY,15,True
0.002969400419733265,mean,419,5,9999,20260907,0,0.0006784153189994666,0.005813981282742691,0.0204,greater,two-sided percentile 95%; not inversion of centered-null p,delta <= 0,resampled statistic minus observed statistic; +1 correction,COMPUTED,203,26791,419,log_ridge_harq,B2_over_B1,qlike_mean,SECONDARY,0.23602042978089036,0.2330510293611571,1.258111606054573,SPY,15,True
-7.924469270072567e-05,mean,419,5,9999,20260907,0,-0.007592811366867143,0.006687818703976573,0.5317,greater,two-sided percentile 95%; not inversion of centered-null p,delta <= 0,resampled statistic minus observed statistic; +1 correction,COMPUTED,5316,26791,419,lightgbm_qlike,B1_over_B0,qlike_mean,SECONDARY,0.24969062003156883,0.24976986472426957,-0.03173715243716669,SPY,15,True
-0.0024673165019269225,mean,419,5,9999,20260907,0,-0.008732803480334242,0.0028422933619315126,0.8019,greater,two-sided percentile 95%; not inversion of centered-null p,delta <= 0,resampled statistic minus observed statistic; +1 correction,COMPUTED,8018,26791,419,lightgbm_qlike,B2_over_B1,qlike_mean,SECONDARY,0.24976986472426957,0.2522371812261965,-0.9878359443604964,SPY,15,True
0.003510700516900292,mean,419,5,9999,20260907,0,0.0008554948297649323,0.006315897125869175,0.0086,greater,two-sided percentile 95%; not inversion of centered-null p,delta <= 0,resampled statistic minus observed statistic; +1 correction,COMPUTED,85,26586,419,log_ridge_harq,B1_over_B0,qlike_mean,SECONDARY,0.21684568006131505,0.21333497954441477,1.6189856841545611,QQQ,15,True
0.0011593555747296705,mean,419,5,9999,20260907,0,-0.0004146957601255281,0.0027884664864518426,0.0843,greater,two-sided percentile 95%; not inversion of centered-null p,delta <= 0,resampled statistic minus observed statistic; +1 correction,COMPUTED,842,26586,419,log_ridge_harq,B2_over_B1,qlike_mean,SECONDARY,0.21333497954441477,0.2121756239696851,0.5434437321087803,QQQ,15,True
0.0011435630329298479,mean,419,5,9999,20260907,0,-0.004082334645328804,0.005872003602736765,0.3236,greater,two-sided percentile 95%; not inversion of centered-null p,delta <= 0,resampled statistic minus observed statistic; +1 correction,COMPUTED,3235,26586,419,lightgbm_qlike,B1_over_B0,qlike_mean,SECONDARY,0.21487542309428756,0.2137318600613577,0.5321981529865568,QQQ,15,True
0.000620258826631047,mean,419,5,9999,20260907,0,-0.00221886841651151,0.0033805866069977065,0.3416,greater,two-sided percentile 95%; not inversion of centered-null p,delta <= 0,resampled statistic minus observed statistic; +1 correction,COMPUTED,3415,26586,419,lightgbm_qlike,B2_over_B1,qlike_mean,SECONDARY,0.2137318600613577,0.21311160123472667,0.2902041962545895,QQQ,15,True
