session_date,loss__log_ridge_harq__B0,loss__log_ridge_harq__B1,loss__log_ridge_harq__B2,loss__lightgbm_qlike__B0,loss__lightgbm_qlike__B1,loss__lightgbm_qlike__B2
2024-10-28,0.13602388275716723,0.14900484408587536,0.14076519847095326,0.13603903112116963,0.15170922058169153,0.16036809437593894
2024-10-29,0.11835168820806098,0.1309610859790112,0.1290327416566128,0.12752229394305056,0.1348764853164703,0.1398889192464147
2024-10-30,0.18056459941656774,0.1854474611439794,0.18343376115833923,0.17796777550443263,0.1851758774384014,0.18583249080571165
2024-10-31,0.1268614446706518,0.12489747321477795,0.12084484713837527,0.13130044184869508,0.1338744778397807,0.1291406788234942
2024-11-01,0.11707174981685091,0.11311850111152948,0.11679020944872583,0.11129294379097669,0.12164582927459483,0.11674899486009134
2024-11-04,0.1213637125575337,0.11445835947623284,0.1117255731100561,0.12757876552103944,0.12914782032430352,0.128053436446761
2024-11-05,0.12108453483425718,0.11644239248680244,0.11514355621629035,0.12565670002233986,0.1348307964223551,0.1303662754092929
2024-11-06,0.132784372897208,0.13264447807027172,0.13283703934177082,0.13960510275408264,0.13765269036709488,0.1344286113417069
2024-11-07,0.13934218697116443,0.13703946345621018,0.13689896422149803,0.15049699224884625,0.14476782878839584,0.14623853545321783
2024-11-08,0.17623545117920034,0.16774517142047643,0.15744899771378568,0.16451722648781278,0.16967322309522728,0.16734554661061676
2024-11-11,0.16065754828956558,0.14349967219564227,0.14376639984174067,0.1652466754760736,0.16488822423948127,0.17459765519150183
2024-11-12,0.15621906145609044,0.16007051078869733,0.15649533737887336,0.17194035198021407,0.1773790934578683,0.17515528097046984
2024-11-13,0.10826838231582074,0.11110739950502822,0.10941417122306017,0.13248888067417727,0.13222772796922685,0.1370460496085464
2024-11-14,0.7695574204570464,0.8219902634571405,0.7568134931814486,0.7906983502398627,0.8542226431066021,0.8395962136936749
2024-11-15,0.15938798662942502,0.1657661428522732,0.1700261734466969,0.1659191344945961,0.16417222928722877,0.16222893188869295
2024-11-18,0.12683908878487832,0.12423009936948914,0.1260686471196904,0.12557878652632726,0.12567585392334837,0.12364925844799696
2024-11-19,0.12729518251558988,0.1312612102001996,0.1321866423405155,0.13047197096935462,0.12678887582688125,0.12640462502455896
2024-11-20,0.1295723175030853,0.13029769349816223,0.12956770185032687,0.13363809340070507,0.13160376866408294,0.13100858274176186
2024-11-21,0.14211450507166748,0.14547904250505014,0.14682244526958657,0.15562872757379173,0.17096069089232258,0.1648928283377292
2024-11-22,0.1476230082568635,0.1407383668077362,0.14707056089982737,0.13568928937062052,0.134724248895933,0.13643412455701265
2024-11-25,0.12151225133101973,0.11520184434045637,0.1162681748177277,0.12156063746996863,0.11943991090021766,0.11711089934846512
2024-11-26,0.14459351915427435,0.14700976250146952,0.14652035030648866,0.14011060442108034,0.14140679434520664,0.1445975644986931
2024-11-27,0.11820700436978471,0.12965108350022342,0.1286818927684257,0.13356107237790218,0.13046109976413556,0.1302063884338491
2024-11-29,0.10157626449524094,0.09210821244447163,0.09246161737221437,0.09697913465079523,0.1101625086810593,0.10734709880070499
2024-12-02,0.12995651384908552,0.1291363485711035,0.1320443155141464,0.141905135147666,0.1405390295577522,0.13786322572624435
2024-12-03,0.2766956868213806,0.2765995542749449,0.2876027561664324,0.2816862179017055,0.28150765820692636,0.2814782715108817
2024-12-04,0.14767769590946056,0.1498497393053215,0.15206960407492365,0.16093382137748274,0.16248755483235397,0.16943171941199753
2024-12-05,0.14215313868863408,0.1406398502310557,0.1430339243171743,0.15238205702666321,0.16564620177061987,0.15750250773755708
2024-12-06,0.14301595459078198,0.14839029537768508,0.14133791336001292,0.1525585474358826,0.1511131479556523,0.14574977412895954
2024-12-09,0.1473624494667652,0.14947153233555377,0.1421989730159546,0.15612597208473974,0.16232986152467585,0.14512992977762915
2024-12-10,0.15673463175518743,0.15601619489447943,0.1538743464457888,0.18314737027065886,0.18877682931890585,0.16402369756481236
2024-12-11,0.13575361285993356,0.150822012242708,0.1367641769334361,0.13125088278300626,0.14111683611228076,0.13570105935035326
2024-12-12,0.09182087090422615,0.09572116699138829,0.09950981867864657,0.09668660035625896,0.11001976802543396,0.1013495916792843
2024-12-13,0.10765878488365845,0.1076410995508685,0.10529651267354713,0.10812434788674541,0.10862225262338594,0.10018753476266812
2024-12-16,0.147337326818052,0.14932728023583738,0.152244674783761,0.1608462710627236,0.15974412313425984,0.16005700611211446
2024-12-17,0.13554459945805972,0.14244427006482616,0.14205991536717896,0.14367655539013405,0.16043358947452604,0.15731202233306316
2024-12-18,0.5241023816402418,0.5024630584623054,0.48976974366622444,0.48302419347848247,0.5056754486343491,0.4794059166004268
2024-12-19,0.10565785459828332,0.1141692143664969,0.11080937574306408,0.1274881415041251,0.11952103023461895,0.12277912812415577
2024-12-20,0.11623118557144337,0.11676460890814992,0.11551024038660591,0.11425247936507492,0.1219065238804366,0.11916237773789318
2024-12-23,0.15992179188714226,0.15249359205769922,0.15049835961390493,0.15089492402234683,0.156210255717261,0.15186731025620517
2024-12-24,0.1913542990653484,0.18960469273367864,0.18917237848355076,0.1578318872787805,0.15992873408695432,0.15236866267467145
2024-12-26,0.1253213968377257,0.1251006952036385,0.13017443248219496,0.12591513043979138,0.13476085775218413,0.12976161497219132
2024-12-27,0.08350138782535965,0.07970993090725002,0.08221420537353989,0.0940383394096664,0.0954208306044003,0.09676425252787096
2024-12-30,0.13944030950514286,0.14166733299675316,0.13783090784602117,0.1471276215037551,0.15935158053382345,0.15444279837062722
2024-12-31,0.12601863526575588,0.12989387615518877,0.13150246958510317,0.1527354505356368,0.15408382757597877,0.14724283687842274
2025-01-02,0.13383094204554905,0.14630444203312795,0.15472728521084564,0.1599972456261371,0.1688767103603859,0.1630464612954214
2025-01-03,0.1461250363871033,0.13239131260697728,0.13208106301306802,0.13081999099888922,0.12103971114208478,0.1202315974927149
2025-01-06,0.15085817623056233,0.1484783629043544,0.15180196756159423,0.14714480609517774,0.14650157397222227,0.14824448424013395
2025-01-07,0.13535048022197374,0.13521978394952014,0.13827487155500776,0.13248527671386043,0.13548374518650527,0.13470762456387098
2025-01-08,0.14715639730440822,0.1485544932946722,0.14952512656375724,0.14549009530522916,0.15019710564592811,0.1510676150129807
2025-01-10,0.11302242380336265,0.11371552468050633,0.11196361099313316,0.11503914792103415,0.11728213025271572,0.11646876458308465
2025-01-13,0.09661297699305878,0.09349416674001793,0.09279601425734546,0.10178245041255946,0.10292043616320884,0.10274603013849466
2025-01-14,0.14999861865209319,0.14844401497529627,0.15014923606050992,0.16213345600830723,0.16315467950835752,0.16675934297189055
2025-01-15,0.11943932499355857,0.11706912968232297,0.11855952064354373,0.12837809577598347,0.12636966819940254,0.12772312639427696
2025-01-16,0.13268212980631275,0.1390620493026163,0.1340739688673962,0.13202950806123917,0.1337053838938456,0.12978760850274104
2025-01-17,0.18652720645991505,0.18573526530785678,0.1786399638909042,0.18914276822272227,0.18018184956692632,0.1706486505404847
2025-01-21,0.18042221863260988,0.1831856439070015,0.179976835239433,0.1913126316521545,0.1896327315363008,0.18047964474092168
2025-01-22,0.16213529718530284,0.1642779764822517,0.1655002006950074,0.17207043359532867,0.17352516187236114,0.1706639757348433
2025-01-23,0.13431439855295096,0.13624624592272352,0.13690075861931558,0.13500912856345318,0.14075592791995553,0.14418491768997718
2025-01-24,0.2538449477399797,0.252943962977414,0.24008884553090082,0.25623256537997224,0.2471580567191152,0.24427679246973444
2025-02-25,0.11629486553076175,0.12483131840355816,0.12571106609366026,0.15766064750366907,0.14284849504148306,0.13854520321210437
2025-02-26,0.11887833671912396,0.11772041060862769,0.11413642362018657,0.11380416452949853,0.11485941763406383,0.11499362399131728
2025-02-27,0.10287762647977217,0.10489864567952716,0.10038804857224719,0.1114688405475474,0.1104559750314979,0.10696583228335615
2025-02-28,0.12782643674945995,0.13282624045184205,0.13303628230132197,0.138273347063291,0.14611918163228516,0.14631970207800246
2025-03-03,0.21015424176691758,0.21710018124069078,0.1942964712568788,0.20896466664885982,0.19771094544918885,0.2010732236325541
2025-03-04,0.12400395089831147,0.119483933026429,0.1030354484975785,0.11826141426040288,0.11945084214629925,0.1179828728344544
2025-03-05,0.1640282981403004,0.16198867144004978,0.14326110529031985,0.14907359039930795,0.14873471813876257,0.15035408669072595
2025-03-06,0.17024970005105367,0.16676911110791506,0.15654928292828593,0.17276663501379574,0.1672712933852555,0.16733081453580712
2025-03-07,0.1388603368354123,0.1384712836850677,0.12767037250179095,0.12874590219400636,0.12411451200641337,0.12325475398539554
2025-03-10,0.12181401772623608,0.1100750978975858,0.10128161287459286,0.10693070383501975,0.09444745143410223,0.09076210167577291
2025-03-11,0.12045323362681581,0.11616763964976623,0.10749836488156028,0.1514374410462049,0.1385200192285864,0.1412724118807361
2025-03-12,0.14740095565162462,0.1449331942096206,0.14583979275976033,0.15327512570017507,0.14840836374430252,0.14515154032006297
2025-03-13,0.07627241189425651,0.07936223954184429,0.07883530785260529,0.07437803116178485,0.07691695691938508,0.07934581218035443
2025-03-14,0.09339070566436358,0.098823267627163,0.09985330670758615,0.08880269374950422,0.09136035734539516,0.09319924418337427
2025-03-17,0.07717060585674146,0.07776538031228632,0.08322826557201131,0.0797728227721587,0.08232738100075275,0.0806533819494932
2025-03-18,0.1213327413324299,0.12260505142743881,0.12275494678560935,0.12088638025349617,0.11886497154543257,0.11846248267077096
2025-03-19,0.34209901154769545,0.33116781835089887,0.32071350223084677,0.2841731779125032,0.26682474389337024,0.29384059164535037
2025-03-20,0.10740823111152259,0.10447229606086249,0.10572910864231518,0.10825126941801584,0.10443757174959727,0.10295862077031098
2025-03-21,0.07183481231855907,0.07166108906742735,0.07346609777823931,0.07431672117599364,0.07602980726246654,0.07263239178277957
2025-03-24,0.13179022179845468,0.1289399358700265,0.1267381554298177,0.12928487818906462,0.1320393383789824,0.13362756714779878
2025-03-25,0.29611897922999725,0.29504087501927917,0.307054895728106,0.2961572088944972,0.2815766329696238,0.27413534155633296
2025-03-26,0.09020590657985926,0.08757960454777863,0.08589636143898495,0.0958004647844012,0.0895816413771191,0.09149238401624982
2025-03-27,0.10370148029511628,0.10130712319255301,0.10250074934637436,0.09896313859749577,0.09813342900437017,0.09742505540615022
2025-03-28,0.10604257628206026,0.10564146870267448,0.11118861812594998,0.11754280831817741,0.11241875460195115,0.11184732453485784
2025-03-31,0.10111680989119975,0.09793076186522919,0.08973472319618585,0.10644906736136732,0.09415504675012,0.09009875644960769
2025-04-01,0.0935592413844711,0.09388678067104532,0.08784146596275007,0.08683948729628116,0.09328517714653722,0.09079298024530143
2025-04-02,0.3471470819266787,0.33296487893227084,0.3373033623178872,0.383108636476406,0.34816955664525695,0.35046392716368285
2025-04-03,0.08450713607367911,0.08873719577935722,0.08615918229757535,0.0885095708058063,0.08752725648379707,0.08420913582767016
2025-04-07,0.8847246675196407,0.8179481385884694,0.8064087091100655,1.580477939332902,1.4592282922399056,1.8036454927237917
2025-04-08,0.13659633041900643,0.15240660020273336,0.14214418231879364,0.14294668902524163,0.1681338134867607,0.15868216973814578
2025-04-09,1.8695091932917591,1.595630888048546,1.6115987918117367,2.2217683538978785,1.979898920289451,1.9012007375902469
2025-04-10,0.13258110632218903,0.13665394748867615,0.14659905651220068,0.1683896500318719,0.18000858101768477,0.17898433443067785
2025-04-11,0.11495956148404944,0.1302058832890619,0.12068601006357083,0.13295811226481652,0.1645028889869359,0.19733128218815663
2025-04-14,0.15682252948157774,0.13989121980389488,0.14003310292969914,0.13575831544406566,0.1474236100433152,0.14827885295364032
2025-04-15,0.11895035422567397,0.1044190557266624,0.10539532885327234,0.10963604264765796,0.11301684195489144,0.11214708350612572
2025-04-16,0.2232206875920405,0.23082824413986047,0.2316187709355744,0.22315206098938026,0.22409937770794508,0.22876172667825248
2025-04-17,0.12799137984462897,0.13097593530240273,0.1482075701845981,0.1678619501328441,0.14572232476874875,0.18047784877546144
2025-04-21,0.09714476115217574,0.12008910591239529,0.09933906567231786,0.0729846634706585,0.10667441604939731,0.10967096881968942
2025-04-22,0.3069381117408982,0.2984147348296488,0.3127516240755767,0.32992894888491275,0.28940908876080323,0.30034487705622853
2025-04-23,0.12116395896825384,0.12385960001382407,0.12650325263719747,0.12009924282992357,0.11391504230452015,0.11341701292504637
2025-04-24,0.08995345632102057,0.10492524597758619,0.09437990395239915,0.0782052964519095,0.0854878235590563,0.08261650587615028
2025-04-25,0.21094112404124535,0.20680739667402556,0.1892480738879804,0.22228319579057088,0.21622445954414715,0.21177673460522314
2025-04-28,0.08899370238384267,0.09127277236141244,0.08858124558961784,0.09879392441417904,0.10447501730038301,0.10425663536643741
2025-04-29,0.1733016414616629,0.1803852060885104,0.17445344337794308,0.16786746268248665,0.17575012990095149,0.17609095699645663
2025-04-30,0.23235281448919243,0.2174639771466879,0.21849723501568655,0.22393499846963608,0.20843261965818347,0.20991046824976525
2025-05-01,0.1450018759959413,0.15155329274280235,0.1501424201643331,0.14085580470936374,0.1382467317213804,0.14541477040169853
2025-05-02,0.15152751676109472,0.1448790169955773,0.14023552071550696,0.15493199609902428,0.15651781918319044,0.1547091213930953
2025-05-05,0.11355552082857982,0.11274012563115719,0.112539076604585,0.13210608659694448,0.12059748698682325,0.11978725239771493
2025-05-06,0.22863299969416806,0.22194600462387226,0.22297443914446294,0.21919425857616792,0.22142562069559016,0.22758159299944367
2025-05-07,0.23913867846200385,0.2217384951402619,0.22868315960199195,0.18230740368971135,0.19291421786841392,0.1898718273523017
2025-05-08,0.11496867370364412,0.11554343301690755,0.12182213072506322,0.12893415036438372,0.11828834231171174,0.11962598975146803
2025-05-09,0.11961831213921247,0.11930161536070799,0.11700113242859667,0.12899857694755132,0.12526927590830592,0.12403481896801816
2025-05-12,0.12741328970883198,0.12208524617515044,0.12475442332502575,0.11530620993637201,0.11185906916253384,0.11455183530396518
2025-05-13,0.12371150003883995,0.12406562590046359,0.11965544468006324,0.12356709876888154,0.124788844112618,0.1184032389918932
2025-05-14,0.17169584399948637,0.17143245455628722,0.1697663709631818,0.1772881483531106,0.17205455903991365,0.17080257727458395
2025-05-15,0.3797300457899027,0.34670856205152645,0.35885105779228504,0.44626203857021074,0.40558968690791614,0.42489283592731414
2025-05-16,0.1081093430386942,0.10863108256679611,0.10751868578784285,0.10637345681668352,0.10159940785880169,0.10100494049243809
2025-05-19,0.11834529778275464,0.11600302313514615,0.11594746024651054,0.1111689908992627,0.10891563807330351,0.10949783964299352
2025-05-20,0.21741406728629453,0.2163708479211068,0.20656271549116467,0.2187816815525867,0.21002786865398151,0.21021124058378218
2025-05-21,0.5372738517848014,0.5014435948430173,0.46390526933397846,0.48173571253134667,0.4817371350914211,0.46463015071455244
2025-05-22,0.2123049094276456,0.21478235112572944,0.2297522536964265,0.2034567863948433,0.19738743351737317,0.2022791022115155
2025-05-23,0.14633563861108276,0.14791567975977868,0.14619903713805563,0.15304342011971298,0.1471066104496988,0.14612398208559307
2025-05-27,0.11616980375246201,0.12608524042166927,0.12883533697732066,0.11870653774683455,0.11559108415737541,0.11787763342002372
2025-05-28,0.18374346824518853,0.19074211743725658,0.18449219153035257,0.18251135183132847,0.1869129709015626,0.1842365690244839
2025-05-29,0.21058025501343006,0.20310253992912672,0.2083615124501205,0.21170513653664533,0.2181104790098192,0.21595693449113254
2025-05-30,0.19983957945503494,0.19730043814924667,0.18850503244400044,0.20780311185273656,0.21168683315487635,0.20686113282800542
2025-06-02,0.14367621200366099,0.14152900055854947,0.13892893435048867,0.14360870602192297,0.12841397056386036,0.13022154923647716
2025-06-03,0.18830054494737425,0.18488604366683936,0.18312803407812858,0.18087533877213055,0.1732107841091509,0.17182470732413987
2025-06-04,0.3165810986719861,0.31454330167681793,0.33206466043081867,0.35915094794701474,0.3354125316467624,0.346968830578034
2025-06-05,0.3901443651329746,0.34255381624945197,0.3286063044445015,0.3362094416109862,0.3558945926128418,0.3493458027594478
2025-06-06,0.1518629729210794,0.1505526655781206,0.14654093092823806,0.15423004050403363,0.14599922456564624,0.14142972206602702
2025-06-09,0.4177799142452016,0.4005151585736475,0.38257539273303554,0.42733715114714954,0.3970687293344952,0.38401330200075773
2025-06-10,0.2511749310103021,0.24857405747239733,0.24422264951462594,0.24835088967461813,0.24995595348354627,0.2516736906136567
2025-06-11,0.2087738482716437,0.19877250699274054,0.20049748492037664,0.19953996552914025,0.20851294645591167,0.20928926507518728
2025-06-12,0.17532649238979955,0.17941951221436048,0.18194117682393415,0.190212957926841,0.20410242991539565,0.20103544318184163
2025-06-13,0.14600242691318302,0.14703010862146965,0.14928400998919658,0.1595601061542386,0.1517392014514812,0.16041964002133344
2025-06-16,0.15361772826086692,0.152577446470673,0.15039926309127127,0.14498832263693504,0.14655799865564192,0.13930574100477433
2025-06-17,0.11463053116363832,0.11573183394364417,0.11815664738550784,0.11323053177220488,0.11240838170385743,0.11400560093832142
2025-06-18,0.24695096025927832,0.2277782322102343,0.22499294540448486,0.2127916871153216,0.212311663969017,0.2251232211315007
2025-06-20,0.11251274439367076,0.1120365128429656,0.11434963948801713,0.1040663965414727,0.10984443233582504,0.11029766117183883
2025-06-23,0.19786099012185962,0.19646697969213603,0.19358517453481391,0.20181551178540427,0.19863412612094108,0.19586751362230428
2025-06-24,0.16038887371611044,0.1584800164220535,0.16030766129028806,0.17592172126584485,0.16655749184622706,0.1557670725023845
2025-06-25,0.1483459114890509,0.1488924538665317,0.1483047248964444,0.15461549723176782,0.14395108950924637,0.14168107151432402
2025-06-26,0.1850998272520874,0.1830368758375447,0.1765623253965433,0.17321684597708434,0.17758593590866703,0.17868210007683757
2025-06-27,0.19355210556024072,0.19892051944265443,0.198245660847612,0.21770679613286467,0.21614591405954123,0.21101654569677367
2025-06-30,0.42475117535997403,0.42527026698870984,0.42442104173627243,0.4465451464467865,0.43857822302374005,0.4224165976534016
2025-07-01,0.17836246800695035,0.17609884077481466,0.16649245792943498,0.1682900314641379,0.1658949440738827,0.1622421494442856
2025-07-02,0.1760218151376054,0.17813915749638976,0.17503450458130052,0.19304136625768376,0.19983004560033554,0.18953142671813797
2025-07-03,0.11829261030484385,0.11804555994954095,0.11507206602171773,0.1185181101964486,0.12292022636509398,0.11815258545905404
2025-07-07,0.25334737659624945,0.2553926082649823,0.25375438966327896,0.2621497067834919,0.25322332804125686,0.2638500137451357
2025-07-08,0.37281700425710484,0.380578436074424,0.3615567724313286,0.39637435668838417,0.3836513615069759,0.3908055791752976
2025-07-09,0.2427816338595089,0.2411385790710562,0.24011458477255043,0.2514133253139114,0.2432755039036231,0.2367444665622721
2025-07-10,0.13864760647795116,0.1414307624704704,0.14257610315675165,0.1529423309420267,0.1469451998232049,0.14358438498867096
2025-07-11,0.1514066946993817,0.15975487277742506,0.1561012756250038,0.15915827487693787,0.15302547766774235,0.1526707340707315
2025-07-14,0.1455623064159697,0.14756306122994187,0.15186815138894416,0.17298832950330734,0.17487655794336662,0.16771690070610776
2025-07-15,0.11667452273277718,0.11643075623014414,0.11944707679315109,0.12669254134932315,0.12344866724777853,0.12600792195783542
2025-07-16,0.2294870026125937,0.2349255729258564,0.23810128382274973,0.24680629163355183,0.23988078834777385,0.23702853296351867
2025-07-17,0.2552344633515546,0.251497978988345,0.25225725355527906,0.26066142721491875,0.2617059763829265,0.25955360592974563
2025-07-18,0.1834815627667875,0.1788759510329123,0.1780349206799445,0.1782258876635113,0.17248579170218648,0.16375707494639416
2025-07-21,0.12452911259661802,0.12447241459332876,0.12183241375018035,0.14878732358261706,0.15327983386698082,0.15168221847714072
2025-07-22,0.18308472635103534,0.18008557973007702,0.18031910214118615,0.1773811446063104,0.17882479813526878,0.184694747990953
2025-07-23,0.234740338994701,0.23487637752316262,0.23202962489266757,0.2413447290135661,0.24164021547965495,0.23866719665062183
2025-07-24,0.1258996078540318,0.1297772416850087,0.12791875398708713,0.11471127707488854,0.11914062557732207,0.12102879058029425
2025-07-25,0.1367358360332573,0.1388221324674296,0.139343429598317,0.14192387438813156,0.16048201849832222,0.14291160096784317
2025-07-28,0.16802283757994116,0.1705238220197217,0.16835245132244706,0.16486943667679235,0.17085778268625287,0.16447671610283832
2025-07-29,0.1537735013827766,0.1516711145232986,0.15102948820104978,0.15908399043318375,0.1619994764910929,0.15651257883842856
2025-07-30,0.25527159659034576,0.2483805569577133,0.23145012057874634,0.238491439367727,0.2442143317387532,0.22872294133137186
2025-07-31,0.12758550078328176,0.13094377113668348,0.1288310775232078,0.12914587478253,0.13609252240039596,0.1337140006725613
2025-08-01,0.1064275322172571,0.09599295878487095,0.0925540635679184,0.09086146273635999,0.09320085673431022,0.09076936145054391
2025-08-04,0.15147081873505466,0.14792126723528617,0.14600811674033853,0.14315649944705439,0.14881397034916377,0.14369294581937503
2025-08-05,0.11609616180296356,0.1115413261447404,0.10914926551088977,0.10801674158471049,0.10098313178663659,0.1015598459558666
2025-08-06,0.12923410553853035,0.12893282174316065,0.1304855512560957,0.12794375441653083,0.1249132762559551,0.12202673466246261
2025-08-07,0.1202735904372168,0.12056114127209937,0.12450194547511924,0.12129281058883358,0.12288969318184384,0.12447418278765754
2025-08-08,0.1635215939603092,0.16322163841765983,0.15714698757802656,0.15737220657302428,0.1639857114836101,0.16005744464356875
2025-08-11,0.12274720934095273,0.12040426861162802,0.12137912673172091,0.12091450347179099,0.12082321508555477,0.11746117260967164
2025-08-12,0.16888985684394375,0.1688501164924753,0.16514557543603398,0.17200862217114143,0.17217875644265432,0.1673031993702332
2025-08-13,0.38033876771274944,0.38327145601502927,0.3949454729620779,0.37672552815639637,0.37432279679990527,0.378210204658032
2025-08-14,0.1999679563342173,0.19552036711896473,0.193631993352025,0.20445912342882436,0.20353355534218945,0.20461782441329066
2025-08-15,0.16529436730907163,0.16232841639472426,0.15714511023401068,0.1532095632223072,0.14916761086087624,0.1504327870106372
2025-08-18,0.1898133439204701,0.18555232491405294,0.1834516301917686,0.174152883692871,0.17686739067171287,0.16669336704317905
2025-08-19,0.15979815169197473,0.1611227377090044,0.16420505646248099,0.1581642438968208,0.15894406650880977,0.1593763117898371
2025-08-20,0.11726214499091338,0.11700273677685157,0.11748446247372625,0.12299137858333682,0.12082323189388894,0.12297156145092651
2025-08-21,0.11510149048847518,0.12021269088194013,0.12245912895829876,0.11438620717256036,0.11674921657411928,0.11899684960100511
2025-08-22,0.2077382145397693,0.19842117924190183,0.19802077372093144,0.22562134093752848,0.22117553727616387,0.21191144922818209
2025-08-25,0.17142889377770154,0.16611665256163652,0.16994383462773646,0.17627378573279695,0.16565025830644856,0.16534231833638194
2025-08-26,0.1821781299666891,0.1846251232721854,0.18650502458329768,0.1956251927669248,0.19350300657070377,0.18607978025208027
2025-08-27,0.27343636515266184,0.26518717311317785,0.2577359482544263,0.2683008009557641,0.26316771589890076,0.26551523120218296
2025-08-28,0.12413705498663619,0.12539893185005624,0.12632385222844245,0.11659711434450054,0.11481398427344953,0.1124009185004637
2025-08-29,0.1680051372168538,0.16583309858803116,0.1681551786044123,0.16886134508620562,0.16673279194382165,0.16531623908220336
2025-09-02,0.20434299154529714,0.2005912525118122,0.201316647592068,0.2191268691610405,0.20599336748167338,0.20797461144935925
2025-09-03,0.09178588095996865,0.09063164004386415,0.09042695648974368,0.08982609904419618,0.08965138591951087,0.09209111954341893
2025-09-04,0.11083169014395172,0.10988635392159757,0.10935456215458343,0.10040746281922415,0.10593812173753835,0.10662943008984703
2025-09-05,0.12101917071765904,0.11935571614443054,0.11620140780723015,0.1258692713332573,0.14459839173241953,0.13873967052604416
2025-09-08,0.1347829895248537,0.12993623076053304,0.13101354635208998,0.13145527446757618,0.1292929703654608,0.12792081909160039
2025-09-09,0.24790452339991553,0.2510592882475086,0.24398675044820264,0.23302916011785482,0.2239471101037214,0.23806953330453032
2025-09-10,0.11570828358094526,0.115330067396478,0.11452932257780568,0.11746970416324658,0.11397974328493499,0.11608620887465736
2025-09-11,0.16600011792406108,0.16633469091592581,0.16417987956639443,0.1596578248183094,0.16383501011212684,0.16641590565958675
2025-09-12,0.2627018891960156,0.2542730169879085,0.2530948442695607,0.23937952362727277,0.2500525478998525,0.241404968293638
2025-09-15,0.17864257322071428,0.17894298183328064,0.1725450371088201,0.17556082184325583,0.1778485916540503,0.1716435891933047
2025-09-16,0.13382148549778058,0.13498901394618737,0.13184830926253763,0.13590141425632676,0.1373240409345482,0.1373225413252557
2025-09-17,0.6033341580499245,0.5551753664695618,0.5292356877413216,0.5470517221877867,0.4474156013231747,0.4605652437829495
2025-09-18,0.14704363610877894,0.1512082445133402,0.14989043273032665,0.1567387343619594,0.15334455614009193,0.15213868950398426
2025-09-19,0.12472512835744766,0.12425070734764886,0.12100582349127724,0.12595841822255072,0.1233251647018287,0.12431510603600222
2025-09-22,0.3555116370782822,0.35411149932419,0.34961610981563584,0.30258529055236794,0.32798706231557445,0.28557806037997197
2025-09-23,0.21061772122508224,0.21109253713843415,0.2084079402252287,0.21587478884956257,0.212172851296672,0.20949288381422546
2025-09-24,0.12601922507374688,0.12839106941303874,0.13080318129345933,0.11998921302109311,0.11583615967654831,0.11992117526039985
2025-09-25,0.13499016736185113,0.1349916085294522,0.13143856912700788,0.14025338887818006,0.1363931551544927,0.13734044711523472
2025-09-26,0.12692113268414293,0.12433166972676672,0.12691130803294393,0.11054553599726209,0.10711661542264916,0.10520401395523697
2025-09-29,0.16042676291471636,0.15621606493615128,0.15735157419889725,0.15766539688710093,0.16053072947042477,0.1581449373438358
2025-09-30,0.141672327948991,0.1412063863670466,0.14410238448848936,0.13159654433148743,0.12670488660474466,0.12964668195648493
2025-10-01,0.16388418201648455,0.16154399377047887,0.16021851098762613,0.15559163248466748,0.15869596005308823,0.15649566904732157
2025-10-02,0.1847310829791804,0.18668116724098685,0.1872951454598143,0.1963161011674397,0.19548843147585063,0.19540130411657064
2025-10-03,0.2131264947401091,0.2060812352656833,0.19900662676525752,0.20372401481949165,0.19783574012609764,0.19268665458744771
2025-10-06,0.2102473700136469,0.21013525216804727,0.21475258657438054,0.21131080617683218,0.20306749077442834,0.20712192917710512
2025-10-07,0.23978587855373215,0.2463578973448265,0.2418812032924612,0.24252035848980893,0.245639925145569,0.2418432262510801
2025-10-08,0.1341518256229782,0.1401245576326967,0.13817983443231194,0.1246073606320859,0.13144518138531502,0.13248907473506918
2025-10-09,0.1909367979614528,0.18369808899724982,0.18012132847915907,0.1983481389950427,0.206515880653681,0.2018788224009642
2025-10-10,0.5702188741629995,0.5759397083096421,0.5637493870933326,0.6561353718168604,0.6235324747738552,0.6504196950589526
2025-10-13,0.1330841729350201,0.12507660686190825,0.12386577708679575,0.10579566133047617,0.10429963206798519,0.10649630155262751
2025-10-14,0.17380421389116704,0.17184854210738554,0.17786037275231248,0.18866869231019912,0.1863843742838216,0.1876444080343516
2025-10-15,0.19889341210795242,0.19521750039745253,0.1996258463673426,0.178630503912835,0.17928366333668108,0.1813082240168482
2025-10-16,0.15214469107215653,0.15136123056919895,0.14777275789011157,0.1613953102155505,0.1581176580676195,0.15556406654231533
2025-10-17,0.0778637551370499,0.07434761819414591,0.07611695072586204,0.07361834758142553,0.07821169628675918,0.07605112064906792
2025-10-20,0.17484692994893977,0.19594452896499595,0.2587474822957579,0.17226143303593497,0.1816910791285703,0.18311717002650493
2025-10-21,0.17072648988778807,0.17490450278174494,0.173135433536291,0.16131056843449113,0.16623003100855702,0.16949623138983186
2025-10-22,0.3408620652716295,0.32518849557441815,0.3347585780429465,0.3298212464465266,0.3338143059711045,0.35692512697510265
2025-10-23,0.1652806114044653,0.17183495420318762,0.17152620656310333,0.1524126908270346,0.16092016529946304,0.1782263213545735
2025-10-24,0.15704812697719958,0.15653266563282772,0.1578707697115514,0.16671712689847595,0.16798452409465267,0.16352952660041567
2025-10-27,0.31303186430028385,0.30099815336856967,0.29000693183324194,0.29134250608316936,0.2824071417805309,0.2777182235442072
2025-10-28,0.2837313648341055,0.27673936210984285,0.27074645463093094,0.2970246962788691,0.27111481633687745,0.2625681506620444
2025-10-29,0.34900542595297135,0.33371088180766956,0.32836656788825946,0.3555680026512931,0.3277507429577538,0.32451706612236325
2025-10-30,0.12443130708971473,0.1266037700733759,0.12588181153721476,0.13669992493797864,0.13931804761187724,0.1380406395093083
2025-10-31,0.12709229519224055,0.12096719643818715,0.11743363856965304,0.11937757864326483,0.11704065568027082,0.11600323463060223
2025-11-03,0.14171750799506613,0.13378278614142095,0.1335768830040542,0.13670709656144034,0.132750954233851,0.1306556444654332
2025-11-04,0.10592711228462637,0.10448207309441505,0.10554969032400181,0.1119630112152586,0.1136638147597117,0.11240106227812856
2025-11-05,0.2917260443544631,0.2866849384752505,0.29876040702058493,0.25143095165040935,0.26436040114889525,0.25966340117580483
2025-11-06,0.11801179408033685,0.11735613350039577,0.11692218858928032,0.13445305139803831,0.13563504979850233,0.13416223508219235
2025-11-07,0.09332358948792545,0.09468234196152366,0.09421740917310184,0.09219924527644487,0.09712185984890324,0.09406529029142707
2025-11-10,0.16384764988072084,0.15830665913036296,0.1558106561535859,0.15559916724896233,0.16023413528528385,0.158227768625661
2025-11-11,0.12380459671475248,0.1261708867136934,0.1302021773922987,0.11981625971056555,0.12270685261476605,0.12030106045673428
2025-11-12,0.13569611755190025,0.13129768702975422,0.12962297635713294,0.14103823994121875,0.13520670526110076,0.14048500416757356
2025-11-13,0.08214812823038573,0.08141333209005443,0.07913534809701554,0.09028738956595368,0.08628526618950157,0.08434443342041309
2025-11-14,0.1121040307490606,0.10911296649706632,0.1097863890484203,0.09740786018144341,0.09759178349527275,0.09369865457663042
2025-11-17,0.1508254279954058,0.1488506417798126,0.14723179124962008,0.16026968056723515,0.15642064528109764,0.15625222464027735
2025-11-18,0.10170671021091647,0.10208909472808929,0.10032471052668888,0.12698560189257757,0.13228660083447216,0.12958589038672444
2025-11-19,0.12308236007282354,0.12672674932973482,0.12842262286556502,0.12217253993189466,0.11975693850769391,0.11906399121949152
2025-11-20,0.0964790420007121,0.09331631020545424,0.09277053578001536,0.11046730205338784,0.10964151888257663,0.10765216467321072
2025-11-21,0.20132275245593734,0.20700774358575671,0.20194905897468474,0.21619935949626182,0.2093004673741082,0.2045903284246323
2025-11-24,0.1570620667767246,0.14324012567806918,0.14825893886426292,0.12701772257557206,0.11352499844168056,0.11504749621438533
2025-11-25,0.17196581824675725,0.16616102205725533,0.1762568141803167,0.15426528113263457,0.12850284736924086,0.13161367107694164
2025-11-26,0.20930492769745812,0.2073037347644232,0.20937270918890513,0.22465713105786508,0.18375236697564246,0.18839390399342296
2025-11-28,0.11241254995064513,0.10987241589101489,0.12590838388586675,0.10059374079599372,0.09266200458633567,0.09511020044604006
2025-12-01,0.14356603055516684,0.13785815892156802,0.13783808323583258,0.12900661877321118,0.14197061762580807,0.13517074663656883
2025-12-02,0.20153589451182632,0.19992363718679637,0.18971945441455385,0.18071724921701435,0.17643189987680297,0.17308395782092592
2025-12-03,0.21687783295903665,0.2232717982667143,0.2152646376585241,0.23024039427012497,0.23586101579647067,0.2301577104008431
2025-12-04,0.16155337713743126,0.16527851781351457,0.16285508202850277,0.16354528304062121,0.15504960516991206,0.16300431748710792
2025-12-05,0.14902781082503871,0.15683117105505864,0.15557172289946028,0.13902794021981263,0.14054067315567648,0.13935669768902767
2025-12-08,0.33490503985011094,0.34285942726209484,0.339882215053819,0.3812850813187354,0.4012543280597732,0.39149991028466036
2025-12-09,0.17214249681342633,0.17968854321066374,0.17627930160766025,0.1658002383790723,0.17475624014638766,0.17470696597662824
2025-12-10,0.3405587456228623,0.3083068983638342,0.30565650577138087,0.2967398433677349,0.28622410472534443,0.29521568012962124
2025-12-11,0.16646055185527206,0.16928594796463625,0.1697999073672536,0.1647098715744229,0.15825302004836758,0.1568529105848521
2025-12-12,0.1730056177162265,0.1688414660389049,0.17337532363909017,0.18304054415397122,0.178670244128924,0.1799630913579935
2025-12-15,0.08341741130122682,0.0811568595713986,0.08552048861182134,0.07531072613651421,0.07626568011785084,0.07542769648219147
2025-12-16,0.11025145559322502,0.11067119760887974,0.1102914459999368,0.09245531808419372,0.08721070483448227,0.09107805285498172
2025-12-17,0.09302095055696569,0.09770926987803145,0.09617172246391172,0.1087238613905172,0.10654445480174109,0.10564996007577104
2025-12-18,0.12927341378805854,0.1287923777454508,0.13085277021387332,0.12851656314314244,0.1321379043839365,0.1308949497338681
2025-12-19,0.17887313712932393,0.17606075512471742,0.17772041090938126,0.1757235966770637,0.16619520320698802,0.17305098532513272
2025-12-22,0.16496245813015806,0.15821232784904465,0.16068398871697812,0.18641246607131726,0.17732145427540305,0.17174268369676318
2025-12-23,0.1587272556735608,0.1564270536103445,0.1578944739336801,0.18381354562844368,0.16628624016337945,0.1762534222887149
2025-12-24,0.11693162369021178,0.11609006667254923,0.12020507524526393,0.12599332982717384,0.13704398699467893,0.1207090641548666
2025-12-26,0.18582721337448774,0.18729713803649448,0.18554675954512098,0.19755916541928817,0.1906046263211804,0.20129119010482185
2025-12-29,0.12255024776114674,0.12147237364985099,0.12269963241182606,0.12179451115032112,0.11830801758979037,0.11921932534762791
2025-12-30,0.1277570304532286,0.13193580665705953,0.1331158701324564,0.1473485651736717,0.1343257317241611,0.14256928885926354
2025-12-31,0.1391158104367375,0.13916612308440948,0.14720318799804386,0.17384458092581886,0.190080635568686,0.20318805837025175
2026-01-02,0.12082772710816059,0.12261841640338418,0.12309839333339934,0.1548525347854354,0.14398755070976768,0.13555318508338685
2026-01-05,0.12475816721415604,0.12086570531144913,0.11904265391570373,0.12705236938203165,0.11843435279894693,0.11771701224376911
2026-01-06,0.1635524336850909,0.1600101699238803,0.1549716181794538,0.18447512876895486,0.1829976947508076,0.17213854733484166
2026-01-07,0.1789292747795241,0.17887840546013697,0.17984482470397892,0.17770490051714727,0.17202733450801047,0.17382301294719224
2026-01-08,0.12389436253455621,0.12599245735611866,0.12868139749302743,0.11788635932388057,0.11785061032487863,0.11169168200815512
2026-01-09,0.14325935464696252,0.13691640524638385,0.1366051641956093,0.1282565648343526,0.12224835381966782,0.12327563207824754
2026-01-12,0.1937673419376088,0.1950073165606363,0.19124572513195248,0.2000238605987412,0.20168388549611896,0.20944038220539252
2026-01-13,0.1296718765133492,0.12666808813007546,0.12880357120392025,0.13052933376844672,0.1309811840793911,0.13205855681515713
2026-01-14,0.2281815114994803,0.22118946642400658,0.22222777739615673,0.23892066349566224,0.2373215841535152,0.2375861928768149
2026-01-15,0.16399974407189238,0.16383562530377563,0.16583826769395185,0.16872087425879614,0.16334563363690421,0.1669910256257714
2026-01-16,0.15355033672909088,0.1503221253873029,0.1478937653466201,0.15461844522158877,0.1610128539272837,0.16216393089615389
2026-01-20,0.11623273171072124,0.11470998109396331,0.1193239059068207,0.12551058866204268,0.12041411905078736,0.12176672727818884
2026-01-21,0.6362729128010729,0.6178348815086749,0.6093061962189931,0.634018107855075,0.6105159616536112,0.6385225832764888
2026-01-22,0.19009625388554854,0.19550498155003015,0.19508197081537115,0.19456943935792084,0.18901429223317442,0.18898408967350658
2026-01-23,0.14224754067746734,0.14050389527108822,0.13568603942550464,0.14308058287407915,0.1525418441396158,0.1460262768625141
2026-01-26,0.1698806130393992,0.1718139214881774,0.17141489592034678,0.18062954794608252,0.1837563381888195,0.1910330545767572
2026-01-27,0.13690220017866203,0.13895819435662773,0.13334991333951765,0.1365985501155689,0.14469482819872462,0.14689427723126
2026-01-28,0.21628324894276774,0.2001123214067767,0.20089726506299596,0.17339719145876945,0.16903317045675384,0.164968612123195
2026-01-29,0.13132486459615275,0.12567580545529736,0.127856406404097,0.13940209497772124,0.14036502347687174,0.1485150328258404
2026-01-30,0.10235821928205657,0.0952523665079636,0.09253098914045187,0.1011455042449963,0.1005057027326157,0.09848675752370718
2026-02-02,0.2614337056335907,0.31515256014003246,0.3116218340781165,0.3218072903716601,0.3160191216673603,0.31657319193720784
2026-02-03,0.10964009374903387,0.13952591753117435,0.12724060360182274,0.1345896741481685,0.13800244392156094,0.12951802452872843
2026-02-04,0.13425734674156156,0.13933095423640743,0.13093697408457167,0.15454806673425248,0.14682957312700193,0.14025369421808656
2026-02-05,0.11210699928511388,0.11044189903125179,0.11101981913570329,0.11009275908445253,0.1060884147063554,0.10535291491482256
2026-02-06,0.1597282724279298,0.15771582006164833,0.1530233695334242,0.16302138562032484,0.16177943875136963,0.15838334730823175
2026-02-09,0.1696971266624542,0.16270253347206698,0.16137096172008428,0.17548052132687034,0.16502583248531058,0.17300586349096456
2026-02-10,0.159767698747566,0.14998333910538747,0.14924468205249405,0.16280075801198526,0.14597237349193057,0.15241838685473166
2026-02-11,0.17682780846287274,0.17395764167042563,0.17794167803475444,0.19725227236119922,0.1830548728194121,0.1811240179495428
2026-02-12,0.08432215819319483,0.08598832600059332,0.0876607132088632,0.08678849023869918,0.08932947818477031,0.08822236970674757
2026-02-13,0.10003259250098111,0.095023898990599,0.09462301892036994,0.09029268177233406,0.08908974060293477,0.08980460327255146
2026-02-17,0.12777733916908662,0.12288656786769196,0.12794573841864487,0.12179913173182648,0.12470591251270254,0.1270949442025476
2026-02-18,0.13460274666456531,0.12570711933941572,0.12388376692614804,0.1502114915058453,0.12959922214735978,0.1290653720829514
2026-02-19,0.12228851946004278,0.11910327470626668,0.12198862284045198,0.13647161938751506,0.12344293542900102,0.12803380103235867
2026-02-20,0.19200141959915915,0.1874291292087521,0.18700181847133612,0.16911650728154617,0.16532005797152433,0.16763414647563005
2026-02-23,0.11480014180883756,0.1055171947413946,0.10987029155394884,0.10208843899978219,0.10725751594233064,0.11530345434232221
2026-02-24,0.12394935953793867,0.12493471026699393,0.12769711556035554,0.11972890123294984,0.1203797434965152,0.12565164302988216
2026-02-25,0.12907918942578367,0.13638533363521763,0.13746869462876612,0.1457658196737057,0.1457503715705154,0.1468302249639208
2026-02-26,0.1282471053060791,0.12656667557991705,0.12717465616071957,0.12710657400104705,0.1274623352740361,0.12552750986350614
2026-02-27,0.10307235428733456,0.1018832930209911,0.10411505794870506,0.10801212653529386,0.10697210503793368,0.1069604718966285
2026-03-02,0.15243882312410992,0.15913696941502994,0.15884197288556645,0.15973417767897585,0.14915244850124051,0.15774674612034903
2026-03-03,0.13715092568466924,0.1401926611810597,0.13594314352594106,0.15039307353986273,0.14159436093963576,0.14727154771893156
2026-03-04,0.1560087736055023,0.15038698581942964,0.14831732019762014,0.1661171925703768,0.15505922830825772,0.1510122096108903
2026-03-05,0.16120377186084847,0.16627561180571604,0.16426877941173534,0.1732327002546454,0.18886319108162672,0.1808218216711939
2026-03-06,0.1303031687020557,0.1264747196544104,0.12564201523406027,0.1333973944009638,0.12274935865927339,0.12610715715706103
2026-03-09,0.44535731646177285,0.45988735849305434,0.46377101654139247,0.45126362004036374,0.43650387565949517,0.4359968586091029
2026-03-10,0.2001012866870152,0.20307801552758598,0.20626547446637375,0.18877101758967288,0.18798900500336013,0.18657170062955275
2026-03-11,0.21574802549899555,0.2128042918830503,0.2128667754198944,0.22334868199738409,0.22089026419196608,0.22490870286561856
2026-03-12,0.14938546069456732,0.14315743533264177,0.143841228267,0.1477897714409475,0.1436788133658548,0.14427506471779292
2026-03-13,0.1368966975973759,0.13706311200684898,0.13868505651182086,0.14026644730147972,0.1379533004515391,0.13765285189893997
2026-03-16,0.8570822000182486,0.8530613455014918,0.8618596867293041,0.7493728683234909,0.7286689692387204,0.7326439703694126
2026-03-17,0.2389824368628084,0.23233993707002032,0.23405785020782546,0.2603990043656314,0.2638369807808552,0.26430190100899426
2026-03-18,0.1322653375044747,0.1311656038383431,0.13294199942052834,0.13935771904226313,0.14329530872117546,0.1456895496244716
2026-03-19,0.30528193181073465,0.30064440191843156,0.286362741838663,0.24988658250553575,0.24965938573352964,0.24114881656745782
2026-03-20,0.17085450516414613,0.1693612204394934,0.17025629935624376,0.17906471204889832,0.1792722715093554,0.18384073123746036
2026-03-23,0.12612556698734875,0.12362242264778849,0.12319401749160468,0.15577130109143064,0.15875604704103577,0.1574677823634845
2026-03-24,0.19775715489732523,0.1952036663763225,0.19469074147493112,0.22085264517781666,0.20667691015036307,0.2187119815101978
2026-03-25,0.2645319682498541,0.25880812830705596,0.2532903250271254,0.27726631515490485,0.22649626707229661,0.2517239043008586
2026-03-26,0.14935259458128317,0.1507724284411449,0.15485978197203576,0.1636062878538353,0.1512137686464004,0.16859420576838258
2026-03-27,0.15701217151392202,0.16151865047320854,0.17097392592665725,0.181643455622674,0.16342645008042342,0.18815612289848116
2026-03-30,0.14379973419550665,0.14099180040851453,0.13999405867976025,0.13389312295592157,0.13662461698620534,0.1443048647341799
2026-03-31,0.3645291319293947,0.35819108890195944,0.35843725659635056,0.3607745661811815,0.3605419290904807,0.36864798073792365
2026-04-01,0.10998500996981365,0.10945158343249987,0.10457687737473502,0.1251575672289679,0.12075192810121975,0.11600701672685616
2026-04-02,0.3191310785677221,0.3167097764947468,0.316610712721533,0.3524947757887353,0.3576155315131735,0.36048687570645277
2026-04-06,0.1960207232176715,0.18633090197302027,0.18051688053588455,0.21741212700247736,0.2181531381449188,0.2207629150308852
2026-04-07,0.373207476848506,0.36183987516252963,0.360256636245162,0.382115210229841,0.33352456279938153,0.32318268366902575
2026-04-08,0.270248735881372,0.2681961233157837,0.27708485989134934,0.2551679877649061,0.2621733993535728,0.254915501361666
2026-04-09,0.14239214096401379,0.14508158260289114,0.14279513224621657,0.14867719108979108,0.1440701132615043,0.14459174653537316
2026-04-10,0.12105669749634551,0.11940225800971173,0.12091250636172036,0.1201634529289563,0.11177111301052091,0.11360525801933485
2026-04-13,0.17840400845926982,0.1697210453881901,0.16769136224020134,0.1735475749307632,0.17910287970945146,0.1855041167863752
2026-04-14,0.17376006945776556,0.1699263833370452,0.16922100946290938,0.17655811301026228,0.17247303778842984,0.17368410495864275
2026-04-15,0.19988537984407528,0.205074226925996,0.19746138028460467,0.20343416543995388,0.1966583947515046,0.18821712153821446
2026-04-16,0.2108221981519742,0.20674147350067817,0.20345544139578195,0.22171741135616133,0.2260079994347937,0.21801785772913237
2026-04-17,0.20969637146405942,0.20505020498216311,0.2014454081999756,0.20056997326987855,0.20610398241902936,0.20467678914047774
2026-04-20,0.13514935659990615,0.12058506335916681,0.11450216578680779,0.11889829920210983,0.11857337128146224,0.12565453206456675
2026-04-21,0.1280762106970857,0.12796834901374685,0.12350254696756718,0.12502677263325404,0.12971977103932886,0.12356452299222866
2026-04-22,0.11795824199200554,0.11952004160103336,0.11698678201946938,0.12350407172042077,0.1264529917576473,0.1233165730445399
2026-04-23,0.2826177656113244,0.2791417905240447,0.268725173367454,0.26605431365066284,0.2656042834043378,0.2617856759614796
2026-04-24,0.1493520582487964,0.15197630026545214,0.1481163050288641,0.1462706292082582,0.14376031841109013,0.1455124697293402
2026-04-27,0.12826970022138837,0.13491779659410116,0.13060779861225902,0.12871291888244799,0.13041398412445818,0.12608989123924144
2026-04-28,0.1275425071787554,0.13611105610922428,0.13334513205502924,0.1304317479999121,0.13393063340111164,0.13198409276929543
2026-04-29,0.11456732123459844,0.12208313486065514,0.1211302663621508,0.11497177105594686,0.12429128372769821,0.11965469377646688
2026-04-30,0.13760710704681564,0.14370247603354222,0.14099426675125318,0.1505913604373155,0.15217087794378922,0.15415183006872837
2026-05-01,0.12418779699310985,0.1145681795979308,0.112194652331455,0.11348831676726485,0.10597137035396821,0.10444403876982285
2026-05-04,0.18561910732151612,0.17909912577543877,0.1777115502869925,0.17079249092301785,0.16394962123590737,0.16184097729628558
2026-05-05,0.17419697774826684,0.17304397097554503,0.1688117593444678,0.18009748585875643,0.1831659564417777,0.1762358433170329
2026-05-06,0.1811935936037782,0.18259079843342904,0.18070564314742787,0.18472179577903305,0.18531476559000085,0.18807508630422465
2026-05-07,0.15319343725209364,0.1553939002891627,0.15296343093624232,0.1579611446676567,0.1616876925043453,0.16423728187711037
2026-05-08,0.13746843616462587,0.13261582418963747,0.12881184171073137,0.1308702085333503,0.1313433075360734,0.13105175734852573
2026-05-11,0.16758464677011187,0.17175134600194827,0.1786215965255277,0.1586495413467638,0.16223468230134186,0.16183143851580997
2026-05-12,0.10156755625813156,0.10173882325250076,0.10269155675277684,0.10457929086781824,0.10114753110275443,0.1040325673813867
2026-05-13,0.13045012407644213,0.1291423545624758,0.12926288442741676,0.13799184076405205,0.13939996789763573,0.13592611577150962
2026-05-14,0.20749471741924186,0.2099264630842909,0.20926558931002662,0.2065257875561348,0.2091158475810646,0.20501623236908742
2026-05-15,0.11690492180787837,0.11335398501331073,0.10929463336449256,0.1120827837033417,0.11267813215971512,0.11033264948234478
2026-05-18,0.39064166325656124,0.41504446414206225,0.4221891109098499,0.43195920643758484,0.4249894420845055,0.4346188371871875
2026-05-19,0.10866006957150111,0.10562984807278081,0.10494911832627195,0.10178624666764859,0.10246616643664719,0.10194766053850207
2026-05-20,0.19291320918511767,0.18958146643278315,0.18607229726318983,0.20457163775785428,0.20025766312292595,0.19605888662888607
2026-05-21,0.29164014911169434,0.28451711940637775,0.2726729559866446,0.2902089322039731,0.2955297708218503,0.2954936000058253
2026-05-22,0.16972527873862006,0.16248461781423934,0.16057466045892085,0.15998131554510162,0.1589430825932075,0.15879892033378049
2026-05-26,0.11133162621908978,0.1123310920047142,0.11310776230485055,0.11507723200153196,0.11286412909587133,0.11542344614022375
2026-05-27,0.49557702015582206,0.48104704459763165,0.46450527009960774,0.4284185251462886,0.43456552117463004,0.3885942554586326
2026-05-28,0.14569228060992345,0.14594378077936934,0.1460062239150873,0.14065000841036038,0.14208397940584705,0.14063711747307825
2026-05-29,0.16040219861603353,0.15754205055398263,0.1530521258210427,0.1609283280400354,0.15747789834648973,0.15187112751355847
2026-06-01,0.13404535870955311,0.13817789248123916,0.13536481681761262,0.14443977431400665,0.1387054931791284,0.1383781789181246
2026-06-02,0.16546820293234432,0.16410628820518003,0.1617687396974837,0.1665664466842054,0.17012221551715756,0.1716775723757172
2026-06-03,0.1337140736243879,0.1337204914027321,0.13447544833933353,0.12820075101538528,0.12429861460918042,0.1247247457528251
2026-06-04,0.1615714404746219,0.16223058825923592,0.16055996987656462,0.16154321709907968,0.15720919085680227,0.1575392791582638
2026-06-05,0.8710518567729347,0.899090389704642,0.9349465183198112,0.8628783789096142,0.8610623978121206,0.8454498461287204
2026-06-08,0.30793154866751854,0.3056767176743769,0.3247563542590806,0.2654883878942199,0.2777546427513249,0.278170434100068
2026-06-09,0.15008304642222517,0.15152617658949674,0.14873199996510642,0.2180421153783528,0.23097162903863544,0.2032271673070223
2026-06-10,0.15212614789727885,0.1572393269649713,0.1544163983536406,0.17429999160607057,0.17080369440360998,0.178361646255823
2026-06-11,0.5388193595793745,0.5251036213071377,0.5233401632903648,0.5998089961642906,0.5944079796264071,0.6015970876293294
2026-06-12,0.17012367215184895,0.1660489724930241,0.16255333004461778,0.1916621157761185,0.1710029193061502,0.16874208335066673
2026-06-15,0.1436995161074072,0.13328459478870547,0.13312328204731913,0.13704473623520397,0.12900945020722498,0.12883646597567985
2026-06-16,0.15732156574847728,0.1596408391188837,0.16101483171965789,0.17101030588088817,0.15701847927696158,0.1649350930346564
2026-06-17,0.573719884591474,0.6072877978713417,0.5938413262302041,0.48318206149540316,0.5682068171504275,0.5702435606483418
2026-06-18,0.16563530321253464,0.16119675040543946,0.16456214584145237,0.17141586808000178,0.16734315754371346,0.17159123014819566
2026-06-22,0.15360489878691908,0.1680844110425129,0.15141328063281614,0.14790771289957097,0.148017570618916,0.15486162196070333
2026-06-23,0.2006661465567682,0.19653226098618348,0.1997607424180573,0.19191050742155522,0.19038778796140912,0.19582194881406945
2026-06-24,0.11552519830422052,0.11487584673001189,0.11514947118946121,0.11876801187300401,0.11904900855472385,0.11670462018174983
2026-06-25,0.14427994502907435,0.14262598485224734,0.14270176633020445,0.1500837100261521,0.1472787959600115,0.1490182837980892
2026-06-26,0.14953228836287188,0.15081244708530558,0.1540818269567992,0.16169241772529172,0.16636701548387461,0.17465377625275347
2026-06-29,0.1370444628678483,0.1324285879592203,0.13115214185064625,0.13473430746138584,0.1289366197765571,0.13416259700828148
2026-06-30,0.16573415920314163,0.16741835218257842,0.16515439272256616,0.1676007415620677,0.16704912837726907,0.16389231470324986
2026-07-01,0.16216236985181687,0.16172485268027312,0.16747565148674173,0.15493304048081497,0.18145305573859147,0.17505063292232104
2026-07-02,0.1635585814655104,0.16101382787862106,0.1637346856912946,0.16110293558736208,0.16555404942394014,0.16204155012811347
2026-07-06,0.17478207085232286,0.17202776250799565,0.1725168670978957,0.1694515591794332,0.16731757686763135,0.17095608396315135
2026-07-07,0.22104449943220197,0.21998715333158805,0.21703934560954088,0.22421474425907298,0.20566518584513538,0.2234226744626455
2026-07-08,0.25919575473114065,0.26307994605707674,0.26284869625227425,0.28917968224237384,0.2730351319535884,0.27391368046386505
2026-07-09,0.2043377159123556,0.2066793729505476,0.20404039546468697,0.20302865475902598,0.20461168854930353,0.2018738588249742
2026-07-10,0.177591939317265,0.18119800812475176,0.17749580324584832,0.18596525234731218,0.1877890379319239,0.18444351920700477
2026-07-13,0.1536499571436265,0.15026613466909605,0.15035493060496696,0.14678235440216275,0.13869556145612516,0.14394380509664179
2026-07-14,0.15057607105100765,0.15217255522734466,0.1537704061095331,0.15551096782306253,0.15174727951604525,0.14995938926321453
2026-07-15,0.15789369622192576,0.15762255679201573,0.15557301725612652,0.1621447490698732,0.1604553722680545,0.1589184335638452
2026-07-16,0.19011053992544633,0.18138283974919014,0.18075876547273748,0.18821468864184596,0.18262459620267216,0.1812411341028304
2026-07-17,0.2723572225664331,0.26714315572922415,0.26649497107699444,0.316066229550349,0.32699478759751893,0.3019972298723839
2026-07-20,0.15486447612505547,0.15473075019346438,0.15383458234582653,0.16584333271071316,0.16851882178160327,0.1587893956986645
2026-07-21,0.18554707245063964,0.18914707326530503,0.19252452301088252,0.16057570500266652,0.16181409564091268,0.1739084489056907
2026-07-22,0.1630563477091781,0.17382095511211093,0.1714888641303958,0.17970372781993083,0.17857724274231654,0.18301539760372396
2026-07-23,0.11584804788583329,0.12611586743897818,0.1374751825793937,0.1256324823357074,0.13215021690495435,0.1284775399549412
2026-07-24,0.1394381532449911,0.14478327663024912,0.14007008117933276,0.13765538165585436,0.13649494201637183,0.13616841321154918
2026-07-27,0.16784140185447724,0.17077665213788765,0.1677944487701125,0.17472933565940774,0.16924731219048897,0.17298031945886724
2026-07-28,0.11436685765756065,0.12294167353114745,0.12152384724986347,0.11315677341598294,0.1140520344050398,0.11524655693658185
2026-07-29,0.1958479898961861,0.18773636010316364,0.18343844587547667,0.1580203406569344,0.1490279713404662,0.15520104046096328
2026-07-30,0.1495888042952784,0.15908328534636615,0.1568515632782854,0.1466615223270214,0.14611633476297392,0.1480941802027815
2026-07-31,0.1550704125983878,0.15492826045951436,0.15141346805718373,0.14975207689016126,0.1480941190337295,0.14843811248207567
