session_date,forecast__log_ols_harq__B0,loss__log_ols_harq__B0,forecast__log_ols_harq__B1,loss__log_ols_harq__B1,forecast__log_ols_harq__B2,loss__log_ols_harq__B2,forecast__lightgbm_qlike__B0,loss__lightgbm_qlike__B0,forecast__lightgbm_qlike__B1,loss__lightgbm_qlike__B1,forecast__lightgbm_qlike__B2,loss__lightgbm_qlike__B2,actual
2026-08-03,1.9734038866423305e-05,0.07987623374829624,1.8716324701713618e-05,0.07086802524764652,1.8136304113660477e-05,0.06762523570064889,1.8218608947938868e-05,0.07454062804303531,1.7395158184600013e-05,0.06880960348681685,1.755903044262252e-05,0.07279886487594697,1.56745373456693e-05
2026-08-04,1.4340272016691488e-05,0.12509877868338087,1.4171460339132809e-05,0.12107558511962031,1.426253181714959e-05,0.12014423849194196,1.3650583044726907e-05,0.11631313613691173,1.3445963730916152e-05,0.11226759880708818,1.342698731907385e-05,0.10977640433541236,1.2401001590551311e-05
2026-08-05,1.932586957120574e-05,0.16499161286024575,1.891797705443863e-05,0.16015859087698783,1.825017197582871e-05,0.15852197490514322,1.8910145091324128e-05,0.14561878951715818,1.8034072128072663e-05,0.14936616371721334,1.78754895118925e-05,0.14848417521310886,1.5845077188757188e-05
2026-08-06,1.4220941008780162e-05,0.13822229822617207,1.4209814102791213e-05,0.13982454701470318,1.3906468404170679e-05,0.1389443605969922,1.4098591173836297e-05,0.12397211633228826,1.3668576601453052e-05,0.11804237000302187,1.3491192086289166e-05,0.11715088336951714,1.182648864235897e-05
2026-08-07,1.3016200589146693e-05,0.11288916352893395,1.2404787398834121e-05,0.10396577245485276,1.2128708340415718e-05,0.10102316857728182,1.2387289613937341e-05,0.10869556977276267,1.2040953531789741e-05,0.0975049836583927,1.216568296997855e-05,0.09874004932155189,1.0657996668993838e-05
2026-08-10,1.3094477521571745e-05,0.22622243965239222,1.224085312880175e-05,0.2352293729068354,1.1876006135038113e-05,0.2289500081860222,1.3041499528155942e-05,0.2195838474312257,1.2714854094603394e-05,0.2184329910803899,1.2813316686454139e-05,0.21789616358582084,1.4884397159939e-05
2026-08-11,1.312869881066057e-05,0.13573125271937334,1.3112046646325743e-05,0.13320373363419516,1.2982711150907477e-05,0.13091850822436335,1.3197178520773646e-05,0.14480930828994418,1.2950624630384588e-05,0.1413127817643856,1.3070702661647905e-05,0.13852599742520838,1.020986224584468e-05
2026-08-12,8.680764751942165e-06,0.10484270233516295,8.462752154448e-06,0.10838010693317436,8.475057888365724e-06,0.0994356098881914,8.977848720567263e-06,0.11727331265058193,8.73474649343176e-06,0.10478447144048009,9.070345041787569e-06,0.10568164501344929,7.400073037441037e-06
2026-08-13,9.427302494416842e-06,0.09796512707682771,9.412316031172991e-06,0.09684858887000158,9.476399849027771e-06,0.0976841745896911,1.0025290712173979e-05,0.0965783259720779,9.942667455908867e-06,0.08478847514500325,1.0031567486154901e-05,0.08417451998788582,9.741793555361778e-06
2026-08-14,1.0078629445748969e-05,0.08088652090463593,9.863564102968432e-06,0.07762558524004777,9.428913240774539e-06,0.0750083239345432,9.975411609004517e-06,0.07648526907439801,1.005343641075344e-05,0.0736654918123759,1.0128710575722916e-05,0.07455803717131325,9.310194233488335e-06
2026-08-17,7.769350597875982e-06,0.2498200747502983,7.403281423786726e-06,0.2702185716203926,7.3949324616963086e-06,0.2720789635686365,7.59559795948098e-06,0.2270925341275306,7.507386775018138e-06,0.2300183986883089,7.798125733219262e-06,0.22825775237823462,8.697991272789394e-06
2026-08-18,1.1221716842826236e-05,0.060823480364022,1.1240172059301837e-05,0.06200535884824284,1.137567537414688e-05,0.06275854572807467,1.034827634806468e-05,0.05851818428357953,1.0375920332495526e-05,0.05906817333714185,1.0520497607790726e-05,0.05756639047537367,1.045704275413113e-05
2026-08-19,1.167991871441576e-05,0.11358119448386257,1.1461882082934282e-05,0.11489225796826723,1.1304598704012078e-05,0.11520387068449155,1.1293286907657104e-05,0.1085795135912956,1.1128042972073055e-05,0.10845465315796254,1.122613389128908e-05,0.11300905656573441,1.0810198126492607e-05
2026-08-20,1.1140201938822401e-05,0.13686766823691435,1.1345942507919211e-05,0.13941212466945566,1.1333761759132731e-05,0.14135759644810508,1.076596640371648e-05,0.13115287703798353,1.0770467913530093e-05,0.13674094060470965,1.065458313785405e-05,0.13996064072434375,9.712044703175223e-06
2026-08-21,1.1841040322234852e-05,0.10497114407409565,1.1739626305742649e-05,0.11040589225453079,1.1568934486471247e-05,0.10637563969421808,1.1840046691948134e-05,0.10838512910927912,1.1935082184441673e-05,0.10727826056277497,1.2064561315062395e-05,0.10859061606898746,1.2310713636350157e-05
2026-08-24,1.1684014108411007e-05,0.09953563848858656,1.1185725572217397e-05,0.10045438142589769,1.1194854488626157e-05,0.10272876557240179,1.14524251969751e-05,0.10064156036322147,1.118932156452949e-05,0.10132698533620155,1.1372673361560528e-05,0.09893451733023906,1.0616902555662431e-05
2026-08-25,1.0389037900995215e-05,0.13173600731599924,1.0501697048909514e-05,0.13285107882132538,1.0533821887227459e-05,0.13077986187007154,1.0706309290518907e-05,0.14296817990388633,1.0646059344991385e-05,0.1424763939262612,1.04304558858487e-05,0.13862429414298547,1.0538420832783123e-05
2026-08-26,1.3900548114252384e-05,0.10711474707773598,1.4066011226500851e-05,0.1041775198387821,1.3908401294559998e-05,0.1033198050473086,1.4216852509001224e-05,0.11917237341366675,1.4023819014055814e-05,0.11312315133584101,1.389922190518885e-05,0.10868777235503396,1.3676909576922171e-05
2026-08-27,1.709200413018755e-05,0.12353258784844545,1.6989941686877184e-05,0.12455234228795552,1.7029255568347212e-05,0.12006419805251238,1.5813252651652315e-05,0.12228196170276014,1.5351035221482753e-05,0.11241520360826172,1.5590831326032002e-05,0.11874635225919665,1.5831107701705926e-05
2026-08-28,1.803167803907262e-05,0.09178262251929704,1.7080496488399e-05,0.0881790117831851,1.697476848567532e-05,0.0889567492119024,1.701019496134183e-05,0.09186977145196418,1.635484965025749e-05,0.09395962241445067,1.670536206326757e-05,0.09209625369377267,1.6428720446732663e-05
2026-08-31,1.33752592702713e-05,2.41346092298108,1.2682165450970542e-05,2.269853375500964,1.264683554274094e-05,2.0881124835186493,1.3222030151306612e-05,2.1122124286407504,1.3109531438910103e-05,1.970440486866692,1.3358734705024671e-05,2.0584847739859136,1.9340726924338565e-05
2026-09-01,1.2944453849783532e-05,0.11792094333762955,1.2553216560557369e-05,0.11915167582956916,1.2627809865587528e-05,0.11423038699186068,1.4059411451270218e-05,0.12717780624223365,1.3469349077808022e-05,0.11829529571959489,1.3535051406455513e-05,0.11899469128303752,1.264460224786407e-05
2026-09-02,1.3402400087804417e-05,0.09161288550366792,1.3075366592695334e-05,0.09096300216092852,1.3131663470283255e-05,0.08811379429961275,1.4177602664798632e-05,0.10898884311462476,1.4161485697632087e-05,0.10979569825994616,1.4166833842192737e-05,0.1099318631925938,1.2788508766818883e-05
2026-09-03,1.6672261012944794e-05,0.10171643116367092,1.6456723694241567e-05,0.10049838076206173,1.670508699990194e-05,0.10034170897664979,1.5164222338932441e-05,0.13559971628633227,1.4761028105355882e-05,0.12745098616631523,1.4822078492758334e-05,0.12810375620419737,1.4317409392541642e-05
2026-09-04,1.179746621456833e-05,0.15857661236173495,1.1372704141052195e-05,0.15189394111769935,1.1554871940020394e-05,0.15534099027113266,1.1794743456097982e-05,0.21443185195898049,1.1565341563081077e-05,0.20361663435054678,1.1583367726037826e-05,0.20454362963835135,9.241494706614087e-06
