label,column,changed_cells,missing_before,missing_after
"robustez comprometida en la propuesta, ejecutada después de la lectura primaria; no selecciona modelos ni cambia el titular; se reporta salga como salga",b1_butterfly_25,184646,1205,1205
"robustez comprometida en la propuesta, ejecutada después de la lectura primaria; no selecciona modelos ni cambia el titular; se reporta salga como salga",b1_iv_14d,185327,395,394
"robustez comprometida en la propuesta, ejecutada después de la lectura primaria; no selecciona modelos ni cambia el titular; se reporta salga como salga",b1_iv_30d,185331,395,394
"robustez comprometida en la propuesta, ejecutada después de la lectura primaria; no selecciona modelos ni cambia el titular; se reporta salga como salga",b1_iv_60d,185332,395,394
"robustez comprometida en la propuesta, ejecutada después de la lectura primaria; no selecciona modelos ni cambia el titular; se reporta salga como salga",b1_iv_7d,185335,395,394
"robustez comprometida en la propuesta, ejecutada después de la lectura primaria; no selecciona modelos ni cambia el titular; se reporta salga como salga",b1_iv_90d,185334,395,394
"robustez comprometida en la propuesta, ejecutada después de la lectura primaria; no selecciona modelos ni cambia el titular; se reporta salga como salga",b1_iv_minus_trailing_rv_30d,185331,395,394
"robustez comprometida en la propuesta, ejecutada después de la lectura primaria; no selecciona modelos ni cambia el titular; se reporta salga como salga",b1_mfiv,185075,396,396
"robustez comprometida en la propuesta, ejecutada después de la lectura primaria; no selecciona modelos ni cambia el titular; se reporta salga como salga",b1_risk_reversal_25,183223,1205,1205
"robustez comprometida en la propuesta, ejecutada después de la lectura primaria; no selecciona modelos ni cambia el titular; se reporta salga como salga",b1_smile_curvature,185152,395,395
"robustez comprometida en la propuesta, ejecutada después de la lectura primaria; no selecciona modelos ni cambia el titular; se reporta salga como salga",b1_smile_level,185186,395,395
"robustez comprometida en la propuesta, ejecutada después de la lectura primaria; no selecciona modelos ni cambia el titular; se reporta salga como salga",b1_smile_slope,185186,395,395
"robustez comprometida en la propuesta, ejecutada después de la lectura primaria; no selecciona modelos ni cambia el titular; se reporta salga como salga",b1_term_convexity,185335,395,394
"robustez comprometida en la propuesta, ejecutada después de la lectura primaria; no selecciona modelos ni cambia el titular; se reporta salga como salga",b1_term_slope,185335,395,394
"robustez comprometida en la propuesta, ejecutada después de la lectura primaria; no selecciona modelos ni cambia el titular; se reporta salga como salga",b2_30m_buy_premium_share,185334,396,395
"robustez comprometida en la propuesta, ejecutada después de la lectura primaria; no selecciona modelos ni cambia el titular; se reporta salga como salga",b2_30m_contracts,179908,0,0
"robustez comprometida en la propuesta, ejecutada después de la lectura primaria; no selecciona modelos ni cambia el titular; se reporta salga como salga",b2_30m_d_iv,185334,396,395
"robustez comprometida en la propuesta, ejecutada después de la lectura primaria; no selecciona modelos ni cambia el titular; se reporta salga como salga",b2_30m_d_mid_rel,185334,396,395
"robustez comprometida en la propuesta, ejecutada después de la lectura primaria; no selecciona modelos ni cambia el titular; se reporta salga como salga",b2_30m_d_spread,185334,396,395
"robustez comprometida en la propuesta, ejecutada después de la lectura primaria; no selecciona modelos ni cambia el titular; se reporta salga como salga",b2_30m_decay_intensity_innovation,185334,396,395
"robustez comprometida en la propuesta, ejecutada después de la lectura primaria; no selecciona modelos ni cambia el titular; se reporta salga como salga",b2_30m_decay_intensity_last,185339,0,0
"robustez comprometida en la propuesta, ejecutada después de la lectura primaria; no selecciona modelos ni cambia el titular; se reporta salga como salga",b2_30m_delta_flow,185335,0,0
"robustez comprometida en la propuesta, ejecutada después de la lectura primaria; no selecciona modelos ni cambia el titular; se reporta salga como salga",b2_30m_gamma_flow,185335,0,0
"robustez comprometida en la propuesta, ejecutada después de la lectura primaria; no selecciona modelos ni cambia el titular; se reporta salga como salga",b2_30m_multileg_premium_share,185334,396,395
"robustez comprometida en la propuesta, ejecutada después de la lectura primaria; no selecciona modelos ni cambia el titular; se reporta salga como salga",b2_30m_multileg_size_share,185334,396,395
"robustez comprometida en la propuesta, ejecutada después de la lectura primaria; no selecciona modelos ni cambia el titular; se reporta salga como salga",b2_30m_otm_premium_share,185334,396,395
"robustez comprometida en la propuesta, ejecutada después de la lectura primaria; no selecciona modelos ni cambia el titular; se reporta salga como salga",b2_30m_passive_premium_share,185334,396,395
"robustez comprometida en la propuesta, ejecutada después de la lectura primaria; no selecciona modelos ni cambia el titular; se reporta salga como salga",b2_30m_premium,185334,0,0
"robustez comprometida en la propuesta, ejecutada después de la lectura primaria; no selecciona modelos ni cambia el titular; se reporta salga como salga",b2_30m_rate_per_second,185103,0,0
"robustez comprometida en la propuesta, ejecutada después de la lectura primaria; no selecciona modelos ni cambia el titular; se reporta salga como salga",b2_30m_sell_premium_share,185334,396,395
"robustez comprometida en la propuesta, ejecutada después de la lectura primaria; no selecciona modelos ni cambia el titular; se reporta salga como salga",b2_30m_size,185289,0,0
"robustez comprometida en la propuesta, ejecutada después de la lectura primaria; no selecciona modelos ni cambia el titular; se reporta salga como salga",b2_30m_sweep_premium_share,185334,396,395
"robustez comprometida en la propuesta, ejecutada después de la lectura primaria; no selecciona modelos ni cambia el titular; se reporta salga como salga",b2_30m_trades,185103,0,0
"robustez comprometida en la propuesta, ejecutada después de la lectura primaria; no selecciona modelos ni cambia el titular; se reporta salga como salga",b2_30m_vega_flow,185335,0,0
"robustez comprometida en la propuesta, ejecutada después de la lectura primaria; no selecciona modelos ni cambia el titular; se reporta salga como salga",b2_30m_vega_flow_abs,185335,0,0
"robustez comprometida en la propuesta, ejecutada después de la lectura primaria; no selecciona modelos ni cambia el titular; se reporta salga como salga",b2_30m_vega_flow_call,185335,0,0
"robustez comprometida en la propuesta, ejecutada después de la lectura primaria; no selecciona modelos ni cambia el titular; se reporta salga como salga",b2_30m_vega_flow_long_dte,185335,0,0
"robustez comprometida en la propuesta, ejecutada después de la lectura primaria; no selecciona modelos ni cambia el titular; se reporta salga como salga",b2_30m_vega_flow_put,185335,0,0
"robustez comprometida en la propuesta, ejecutada después de la lectura primaria; no selecciona modelos ni cambia el titular; se reporta salga como salga",b2_30m_vega_flow_short_dte,179873,0,0
"robustez comprometida en la propuesta, ejecutada después de la lectura primaria; no selecciona modelos ni cambia el titular; se reporta salga como salga",b2_30m_window_empty,1,0,0
"robustez comprometida en la propuesta, ejecutada después de la lectura primaria; no selecciona modelos ni cambia el titular; se reporta salga como salga",b2_30m_zero_dte_premium_share,57723,396,395
"robustez comprometida en la propuesta, ejecutada después de la lectura primaria; no selecciona modelos ni cambia el titular; se reporta salga como salga",b2_30m_zero_dte_signed_premium,57626,0,0
"robustez comprometida en la propuesta, ejecutada después de la lectura primaria; no selecciona modelos ni cambia el titular; se reporta salga como salga",b2_30m_zero_dte_trade_share,57721,396,395
"robustez comprometida en la propuesta, ejecutada después de la lectura primaria; no selecciona modelos ni cambia el titular; se reporta salga como salga",b2_5m_buy_premium_share,185322,424,410
"robustez comprometida en la propuesta, ejecutada después de la lectura primaria; no selecciona modelos ni cambia el titular; se reporta salga como salga",b2_5m_contract_entropy,185322,424,410
"robustez comprometida en la propuesta, ejecutada después de la lectura primaria; no selecciona modelos ni cambia el titular; se reporta salga como salga",b2_5m_contracts,182788,0,0
"robustez comprometida en la propuesta, ejecutada después de la lectura primaria; no selecciona modelos ni cambia el titular; se reporta salga como salga",b2_5m_d_iv,185322,424,410
"robustez comprometida en la propuesta, ejecutada después de la lectura primaria; no selecciona modelos ni cambia el titular; se reporta salga como salga",b2_5m_d_mid_rel,185322,424,410
"robustez comprometida en la propuesta, ejecutada después de la lectura primaria; no selecciona modelos ni cambia el titular; se reporta salga como salga",b2_5m_d_spread,185322,424,410
"robustez comprometida en la propuesta, ejecutada después de la lectura primaria; no selecciona modelos ni cambia el titular; se reporta salga como salga",b2_5m_decay_intensity_innovation,185322,424,410
"robustez comprometida en la propuesta, ejecutada después de la lectura primaria; no selecciona modelos ni cambia el titular; se reporta salga como salga",b2_5m_decay_intensity_last,185339,0,0
"robustez comprometida en la propuesta, ejecutada después de la lectura primaria; no selecciona modelos ni cambia el titular; se reporta salga como salga",b2_5m_delta_flow,185330,0,0
"robustez comprometida en la propuesta, ejecutada después de la lectura primaria; no selecciona modelos ni cambia el titular; se reporta salga como salga",b2_5m_expiry_hhi,185322,424,410
"robustez comprometida en la propuesta, ejecutada después de la lectura primaria; no selecciona modelos ni cambia el titular; se reporta salga como salga",b2_5m_gamma_flow,185330,0,0
"robustez comprometida en la propuesta, ejecutada después de la lectura primaria; no selecciona modelos ni cambia el titular; se reporta salga como salga",b2_5m_interarrival_cv,185322,424,410
"robustez comprometida en la propuesta, ejecutada después de la lectura primaria; no selecciona modelos ni cambia el titular; se reporta salga como salga",b2_5m_multileg_premium_share,185322,424,410
"robustez comprometida en la propuesta, ejecutada después de la lectura primaria; no selecciona modelos ni cambia el titular; se reporta salga como salga",b2_5m_multileg_size_share,185320,424,410
"robustez comprometida en la propuesta, ejecutada después de la lectura primaria; no selecciona modelos ni cambia el titular; se reporta salga como salga",b2_5m_otm_premium_share,185322,424,410
"robustez comprometida en la propuesta, ejecutada después de la lectura primaria; no selecciona modelos ni cambia el titular; se reporta salga como salga",b2_5m_passive_premium_share,185322,424,410
"robustez comprometida en la propuesta, ejecutada después de la lectura primaria; no selecciona modelos ni cambia el titular; se reporta salga como salga",b2_5m_premium,185322,0,0
"robustez comprometida en la propuesta, ejecutada después de la lectura primaria; no selecciona modelos ni cambia el titular; se reporta salga como salga",b2_5m_rate_per_second,184998,0,0
"robustez comprometida en la propuesta, ejecutada después de la lectura primaria; no selecciona modelos ni cambia el titular; se reporta salga como salga",b2_5m_sell_premium_share,185322,424,410
"robustez comprometida en la propuesta, ejecutada después de la lectura primaria; no selecciona modelos ni cambia el titular; se reporta salga como salga",b2_5m_size,185265,0,0
"robustez comprometida en la propuesta, ejecutada después de la lectura primaria; no selecciona modelos ni cambia el titular; se reporta salga como salga",b2_5m_strike_hhi,185322,424,410
"robustez comprometida en la propuesta, ejecutada después de la lectura primaria; no selecciona modelos ni cambia el titular; se reporta salga como salga",b2_5m_sweep_premium_share,185224,424,410
"robustez comprometida en la propuesta, ejecutada después de la lectura primaria; no selecciona modelos ni cambia el titular; se reporta salga como salga",b2_5m_trades,184998,0,0
"robustez comprometida en la propuesta, ejecutada después de la lectura primaria; no selecciona modelos ni cambia el titular; se reporta salga como salga",b2_5m_vega_flow,185330,0,0
"robustez comprometida en la propuesta, ejecutada después de la lectura primaria; no selecciona modelos ni cambia el titular; se reporta salga como salga",b2_5m_vega_flow_abs,185330,0,0
"robustez comprometida en la propuesta, ejecutada después de la lectura primaria; no selecciona modelos ni cambia el titular; se reporta salga como salga",b2_5m_vega_flow_call,185329,0,0
"robustez comprometida en la propuesta, ejecutada después de la lectura primaria; no selecciona modelos ni cambia el titular; se reporta salga como salga",b2_5m_vega_flow_long_dte,185330,0,0
"robustez comprometida en la propuesta, ejecutada después de la lectura primaria; no selecciona modelos ni cambia el titular; se reporta salga como salga",b2_5m_vega_flow_put,185330,0,0
"robustez comprometida en la propuesta, ejecutada después de la lectura primaria; no selecciona modelos ni cambia el titular; se reporta salga como salga",b2_5m_vega_flow_short_dte,179545,0,0
"robustez comprometida en la propuesta, ejecutada después de la lectura primaria; no selecciona modelos ni cambia el titular; se reporta salga como salga",b2_5m_window_empty,20,0,0
"robustez comprometida en la propuesta, ejecutada después de la lectura primaria; no selecciona modelos ni cambia el titular; se reporta salga como salga",b2_5m_zero_dte_premium_share,57719,424,410
"robustez comprometida en la propuesta, ejecutada después de la lectura primaria; no selecciona modelos ni cambia el titular; se reporta salga como salga",b2_5m_zero_dte_signed_premium,57602,0,0
"robustez comprometida en la propuesta, ejecutada después de la lectura primaria; no selecciona modelos ni cambia el titular; se reporta salga como salga",b2_5m_zero_dte_trade_share,57718,424,410
"robustez comprometida en la propuesta, ejecutada después de la lectura primaria; no selecciona modelos ni cambia el titular; se reporta salga como salga",rp4_dealer_gamma_near_spot,185335,395,394
"robustez comprometida en la propuesta, ejecutada después de la lectura primaria; no selecciona modelos ni cambia el titular; se reporta salga como salga",rp4_dealer_gamma_net,185335,395,394
"robustez comprometida en la propuesta, ejecutada después de la lectura primaria; no selecciona modelos ni cambia el titular; se reporta salga como salga",rp4_dealer_max_gamma_distance,182525,395,394
"robustez comprometida en la propuesta, ejecutada después de la lectura primaria; no selecciona modelos ni cambia el titular; se reporta salga como salga",rp4_gamma_imb_near_short,185187,390,390
"robustez comprometida en la propuesta, ejecutada después de la lectura primaria; no selecciona modelos ni cambia el titular; se reporta salga como salga",rp4_gamma_imb_near_spot,185303,390,390
"robustez comprometida en la propuesta, ejecutada después de la lectura primaria; no selecciona modelos ni cambia el titular; se reporta salga como salga",rp4_gamma_imb_signed_trades,185303,390,390
"robustez comprometida en la propuesta, ejecutada después de la lectura primaria; no selecciona modelos ni cambia el titular; se reporta salga como salga",rp4_gamma_imb_total,185303,390,390
"robustez comprometida en la propuesta, ejecutada después de la lectura primaria; no selecciona modelos ni cambia el titular; se reporta salga como salga",rp4_iv_dte_0_1_m_090_097,86510,86849,86835
"robustez comprometida en la propuesta, ejecutada después de la lectura primaria; no selecciona modelos ni cambia el titular; se reporta salga como salga",rp4_iv_dte_0_1_m_097_103,94598,84117,84165
"robustez comprometida en la propuesta, ejecutada después de la lectura primaria; no selecciona modelos ni cambia el titular; se reporta salga como salga",rp4_iv_dte_0_1_m_103_110,78962,96492,96363
"robustez comprometida en la propuesta, ejecutada después de la lectura primaria; no selecciona modelos ni cambia el titular; se reporta salga como salga",rp4_iv_dte_0_1_m_gt110,33033,150009,149756
"robustez comprometida en la propuesta, ejecutada después de la lectura primaria; no selecciona modelos ni cambia el titular; se reporta salga como salga",rp4_iv_dte_0_1_m_lt090,62313,117032,116968
"robustez comprometida en la propuesta, ejecutada después de la lectura primaria; no selecciona modelos ni cambia el titular; se reporta salga como salga",rp4_iv_dte_2_7_m_090_097,142052,26555,26558
"robustez comprometida en la propuesta, ejecutada después de la lectura primaria; no selecciona modelos ni cambia el titular; se reporta salga como salga",rp4_iv_dte_2_7_m_097_103,150584,26313,26307
"robustez comprometida en la propuesta, ejecutada después de la lectura primaria; no selecciona modelos ni cambia el titular; se reporta salga como salga",rp4_iv_dte_2_7_m_103_110,142141,26841,26841
"robustez comprometida en la propuesta, ejecutada después de la lectura primaria; no selecciona modelos ni cambia el titular; se reporta salga como salga",rp4_iv_dte_2_7_m_gt110,100922,71842,71793
"robustez comprometida en la propuesta, ejecutada después de la lectura primaria; no selecciona modelos ni cambia el titular; se reporta salga como salga",rp4_iv_dte_2_7_m_lt090,122019,47054,46772
"robustez comprometida en la propuesta, ejecutada después de la lectura primaria; no selecciona modelos ni cambia el titular; se reporta salga como salga",rp4_iv_dte_31_90_m_090_097,160419,1253,1230
"robustez comprometida en la propuesta, ejecutada después de la lectura primaria; no selecciona modelos ni cambia el titular; se reporta salga como salga",rp4_iv_dte_31_90_m_097_103,163712,500,495
"robustez comprometida en la propuesta, ejecutada después de la lectura primaria; no selecciona modelos ni cambia el titular; se reporta salga como salga",rp4_iv_dte_31_90_m_103_110,160980,858,822
"robustez comprometida en la propuesta, ejecutada después de la lectura primaria; no selecciona modelos ni cambia el titular; se reporta salga como salga",rp4_iv_dte_31_90_m_gt110,158829,2782,2816
"robustez comprometida en la propuesta, ejecutada después de la lectura primaria; no selecciona modelos ni cambia el titular; se reporta salga como salga",rp4_iv_dte_31_90_m_lt090,159617,2070,2000
"robustez comprometida en la propuesta, ejecutada después de la lectura primaria; no selecciona modelos ni cambia el titular; se reporta salga como salga",rp4_iv_dte_8_30_m_090_097,164125,481,488
"robustez comprometida en la propuesta, ejecutada después de la lectura primaria; no selecciona modelos ni cambia el titular; se reporta salga como salga",rp4_iv_dte_8_30_m_097_103,169865,416,406
"robustez comprometida en la propuesta, ejecutada después de la lectura primaria; no selecciona modelos ni cambia el titular; se reporta salga como salga",rp4_iv_dte_8_30_m_103_110,165345,440,439
"robustez comprometida en la propuesta, ejecutada después de la lectura primaria; no selecciona modelos ni cambia el titular; se reporta salga como salga",rp4_iv_dte_8_30_m_gt110,153546,9336,9284
"robustez comprometida en la propuesta, ejecutada después de la lectura primaria; no selecciona modelos ni cambia el titular; se reporta salga como salga",rp4_iv_dte_8_30_m_lt090,158024,3727,3634
"robustez comprometida en la propuesta, ejecutada después de la lectura primaria; no selecciona modelos ni cambia el titular; se reporta salga como salga",rp4_iv_dte_gt90_m_090_097,155954,4158,4135
"robustez comprometida en la propuesta, ejecutada después de la lectura primaria; no selecciona modelos ni cambia el titular; se reporta salga como salga",rp4_iv_dte_gt90_m_097_103,159816,1122,1104
"robustez comprometida en la propuesta, ejecutada después de la lectura primaria; no selecciona modelos ni cambia el titular; se reporta salga como salga",rp4_iv_dte_gt90_m_103_110,157033,2929,2913
"robustez comprometida en la propuesta, ejecutada después de la lectura primaria; no selecciona modelos ni cambia el titular; se reporta salga como salga",rp4_iv_dte_gt90_m_gt110,162501,783,760
"robustez comprometida en la propuesta, ejecutada después de la lectura primaria; no selecciona modelos ni cambia el titular; se reporta salga como salga",rp4_iv_dte_gt90_m_lt090,161842,914,860
"robustez comprometida en la propuesta, ejecutada después de la lectura primaria; no selecciona modelos ni cambia el titular; se reporta salga como salga",rp4_surface_populated_cells,60360,0,0
