label,session_date,B0,B1,B2
"robustez comprometida en la propuesta, ejecutada después de la lectura primaria; no selecciona modelos ni cambia el titular; se reporta salga como salga",2024-10-28,0.13602388275716723,0.14935048027383974,0.1422468106738354
"robustez comprometida en la propuesta, ejecutada después de la lectura primaria; no selecciona modelos ni cambia el titular; se reporta salga como salga",2024-10-29,0.11835168820806098,0.13182496623158066,0.12983934033114977
"robustez comprometida en la propuesta, ejecutada después de la lectura primaria; no selecciona modelos ni cambia el titular; se reporta salga como salga",2024-10-30,0.18056459941656774,0.18566404435188597,0.1796657645009662
"robustez comprometida en la propuesta, ejecutada después de la lectura primaria; no selecciona modelos ni cambia el titular; se reporta salga como salga",2024-10-31,0.1268614446706518,0.125448392482645,0.122237053050961
"robustez comprometida en la propuesta, ejecutada después de la lectura primaria; no selecciona modelos ni cambia el titular; se reporta salga como salga",2024-11-01,0.11707174981685091,0.1118368918168041,0.11769405954337857
"robustez comprometida en la propuesta, ejecutada después de la lectura primaria; no selecciona modelos ni cambia el titular; se reporta salga como salga",2024-11-04,0.1213637125575337,0.11419472499269352,0.11124650030453452
"robustez comprometida en la propuesta, ejecutada después de la lectura primaria; no selecciona modelos ni cambia el titular; se reporta salga como salga",2024-11-05,0.12108453483425718,0.11597331397571398,0.11360241308293195
"robustez comprometida en la propuesta, ejecutada después de la lectura primaria; no selecciona modelos ni cambia el titular; se reporta salga como salga",2024-11-06,0.132784372897208,0.1320445096293795,0.1324229279708849
"robustez comprometida en la propuesta, ejecutada después de la lectura primaria; no selecciona modelos ni cambia el titular; se reporta salga como salga",2024-11-07,0.13934218697116443,0.13696062937827413,0.13813108200984567
"robustez comprometida en la propuesta, ejecutada después de la lectura primaria; no selecciona modelos ni cambia el titular; se reporta salga como salga",2024-11-08,0.17623545117920034,0.16888099160382594,0.16037313208616685
"robustez comprometida en la propuesta, ejecutada después de la lectura primaria; no selecciona modelos ni cambia el titular; se reporta salga como salga",2024-11-11,0.16065754828956558,0.1447376662229932,0.1463538452733354
"robustez comprometida en la propuesta, ejecutada después de la lectura primaria; no selecciona modelos ni cambia el titular; se reporta salga como salga",2024-11-12,0.15621906145609044,0.1583416254356658,0.15195796218955163
"robustez comprometida en la propuesta, ejecutada después de la lectura primaria; no selecciona modelos ni cambia el titular; se reporta salga como salga",2024-11-13,0.10826838231582074,0.11119928907302605,0.10992241080615302
"robustez comprometida en la propuesta, ejecutada después de la lectura primaria; no selecciona modelos ni cambia el titular; se reporta salga como salga",2024-11-14,0.7695574204570464,0.8128025275573636,0.7471809932946379
"robustez comprometida en la propuesta, ejecutada después de la lectura primaria; no selecciona modelos ni cambia el titular; se reporta salga como salga",2024-11-15,0.15938798662942502,0.16525728612135274,0.1732574960353576
"robustez comprometida en la propuesta, ejecutada después de la lectura primaria; no selecciona modelos ni cambia el titular; se reporta salga como salga",2024-11-18,0.12683908878487832,0.12389954098603795,0.1257814990563423
"robustez comprometida en la propuesta, ejecutada después de la lectura primaria; no selecciona modelos ni cambia el titular; se reporta salga como salga",2024-11-19,0.12729518251558988,0.13137737555732878,0.13354742296739533
"robustez comprometida en la propuesta, ejecutada después de la lectura primaria; no selecciona modelos ni cambia el titular; se reporta salga como salga",2024-11-20,0.1295723175030853,0.13055819997324905,0.1300976555021893
"robustez comprometida en la propuesta, ejecutada después de la lectura primaria; no selecciona modelos ni cambia el titular; se reporta salga como salga",2024-11-21,0.14211450507166748,0.144777520446018,0.14569863863455987
"robustez comprometida en la propuesta, ejecutada después de la lectura primaria; no selecciona modelos ni cambia el titular; se reporta salga como salga",2024-11-22,0.1476230082568635,0.13892532539644978,0.14643055844491215
"robustez comprometida en la propuesta, ejecutada después de la lectura primaria; no selecciona modelos ni cambia el titular; se reporta salga como salga",2024-11-25,0.12151225133101973,0.11887055560289488,0.11855251544991546
"robustez comprometida en la propuesta, ejecutada después de la lectura primaria; no selecciona modelos ni cambia el titular; se reporta salga como salga",2024-11-26,0.14459351915427435,0.14733284799440913,0.14765241862232226
"robustez comprometida en la propuesta, ejecutada después de la lectura primaria; no selecciona modelos ni cambia el titular; se reporta salga como salga",2024-11-27,0.11820700436978471,0.12955332438012448,0.12929544383573988
"robustez comprometida en la propuesta, ejecutada después de la lectura primaria; no selecciona modelos ni cambia el titular; se reporta salga como salga",2024-11-29,0.10157626449524094,0.08786057593276232,0.15084898369032038
"robustez comprometida en la propuesta, ejecutada después de la lectura primaria; no selecciona modelos ni cambia el titular; se reporta salga como salga",2024-12-02,0.12995651384908552,0.12902134609486435,0.12712108862521707
"robustez comprometida en la propuesta, ejecutada después de la lectura primaria; no selecciona modelos ni cambia el titular; se reporta salga como salga",2024-12-03,0.2766956868213806,0.28424463050380117,0.28937544975679474
"robustez comprometida en la propuesta, ejecutada después de la lectura primaria; no selecciona modelos ni cambia el titular; se reporta salga como salga",2024-12-04,0.14767769590946056,0.14934716989706376,0.14997117552846598
"robustez comprometida en la propuesta, ejecutada después de la lectura primaria; no selecciona modelos ni cambia el titular; se reporta salga como salga",2024-12-05,0.14215313868863408,0.14142730026973613,0.13974292803414678
"robustez comprometida en la propuesta, ejecutada después de la lectura primaria; no selecciona modelos ni cambia el titular; se reporta salga como salga",2024-12-06,0.14301595459078198,0.14282786904734,0.14280065778284187
"robustez comprometida en la propuesta, ejecutada después de la lectura primaria; no selecciona modelos ni cambia el titular; se reporta salga como salga",2024-12-09,0.1473624494667652,0.15236587912547953,0.1465765457639829
"robustez comprometida en la propuesta, ejecutada después de la lectura primaria; no selecciona modelos ni cambia el titular; se reporta salga como salga",2024-12-10,0.15673463175518743,0.15654907639038382,0.15676105750121389
"robustez comprometida en la propuesta, ejecutada después de la lectura primaria; no selecciona modelos ni cambia el titular; se reporta salga como salga",2024-12-11,0.13575361285993356,0.1496115896939805,0.13689791702067286
"robustez comprometida en la propuesta, ejecutada después de la lectura primaria; no selecciona modelos ni cambia el titular; se reporta salga como salga",2024-12-12,0.09182087090422615,0.09506825644419988,0.09769197528535396
"robustez comprometida en la propuesta, ejecutada después de la lectura primaria; no selecciona modelos ni cambia el titular; se reporta salga como salga",2024-12-13,0.10765878488365845,0.11542841966093585,0.1105544209786548
"robustez comprometida en la propuesta, ejecutada después de la lectura primaria; no selecciona modelos ni cambia el titular; se reporta salga como salga",2024-12-16,0.147337326818052,0.14841300590784715,0.1513122908963214
"robustez comprometida en la propuesta, ejecutada después de la lectura primaria; no selecciona modelos ni cambia el titular; se reporta salga como salga",2024-12-17,0.13554459945805972,0.14200343117480263,0.14371431249383657
"robustez comprometida en la propuesta, ejecutada después de la lectura primaria; no selecciona modelos ni cambia el titular; se reporta salga como salga",2024-12-18,0.5241023816402418,0.4974702919949388,0.4884415465705816
"robustez comprometida en la propuesta, ejecutada después de la lectura primaria; no selecciona modelos ni cambia el titular; se reporta salga como salga",2024-12-19,0.10565785459828332,0.11424698497185942,0.11050509646276864
"robustez comprometida en la propuesta, ejecutada después de la lectura primaria; no selecciona modelos ni cambia el titular; se reporta salga como salga",2024-12-20,0.11623118557144337,0.11692306095548723,0.11683156792653493
"robustez comprometida en la propuesta, ejecutada después de la lectura primaria; no selecciona modelos ni cambia el titular; se reporta salga como salga",2024-12-23,0.15992179188714226,0.1534689137642087,0.1512486822528004
"robustez comprometida en la propuesta, ejecutada después de la lectura primaria; no selecciona modelos ni cambia el titular; se reporta salga como salga",2024-12-24,0.1913542990653484,0.19250281209357809,0.19259426816094782
"robustez comprometida en la propuesta, ejecutada después de la lectura primaria; no selecciona modelos ni cambia el titular; se reporta salga como salga",2024-12-26,0.1253213968377257,0.12729867243173335,0.13320545055908864
"robustez comprometida en la propuesta, ejecutada después de la lectura primaria; no selecciona modelos ni cambia el titular; se reporta salga como salga",2024-12-27,0.08350138782535965,0.08112775379498975,0.08334852740609151
"robustez comprometida en la propuesta, ejecutada después de la lectura primaria; no selecciona modelos ni cambia el titular; se reporta salga como salga",2024-12-30,0.13944030950514286,0.1393628284811934,0.1377956847234452
"robustez comprometida en la propuesta, ejecutada después de la lectura primaria; no selecciona modelos ni cambia el titular; se reporta salga como salga",2024-12-31,0.12601863526575588,0.12989289437742046,0.1319340883404322
"robustez comprometida en la propuesta, ejecutada después de la lectura primaria; no selecciona modelos ni cambia el titular; se reporta salga como salga",2025-01-02,0.13383094204554905,0.14668020953520658,0.1500595013952787
"robustez comprometida en la propuesta, ejecutada después de la lectura primaria; no selecciona modelos ni cambia el titular; se reporta salga como salga",2025-01-03,0.1461250363871033,0.13238472299212325,0.13291396175820502
"robustez comprometida en la propuesta, ejecutada después de la lectura primaria; no selecciona modelos ni cambia el titular; se reporta salga como salga",2025-01-06,0.15085817623056233,0.15005916652969212,0.152611697815066
"robustez comprometida en la propuesta, ejecutada después de la lectura primaria; no selecciona modelos ni cambia el titular; se reporta salga como salga",2025-01-07,0.13535048022197374,0.13586069788943075,0.13997163573876373
"robustez comprometida en la propuesta, ejecutada después de la lectura primaria; no selecciona modelos ni cambia el titular; se reporta salga como salga",2025-01-08,0.14715639730440822,0.14789044131163345,0.15025728344429842
"robustez comprometida en la propuesta, ejecutada después de la lectura primaria; no selecciona modelos ni cambia el titular; se reporta salga como salga",2025-01-10,0.11302242380336265,0.11474766197798573,0.11427447903054298
"robustez comprometida en la propuesta, ejecutada después de la lectura primaria; no selecciona modelos ni cambia el titular; se reporta salga como salga",2025-01-13,0.09661297699305878,0.09454402742103046,0.09569744750054511
"robustez comprometida en la propuesta, ejecutada después de la lectura primaria; no selecciona modelos ni cambia el titular; se reporta salga como salga",2025-01-14,0.14999861865209319,0.1485824410492689,0.15081011592549456
"robustez comprometida en la propuesta, ejecutada después de la lectura primaria; no selecciona modelos ni cambia el titular; se reporta salga como salga",2025-01-15,0.11943932499355857,0.11747232226934588,0.11754948870215198
"robustez comprometida en la propuesta, ejecutada después de la lectura primaria; no selecciona modelos ni cambia el titular; se reporta salga como salga",2025-01-16,0.13268212980631275,0.13840529674875823,0.1347921787694469
"robustez comprometida en la propuesta, ejecutada después de la lectura primaria; no selecciona modelos ni cambia el titular; se reporta salga como salga",2025-01-17,0.18652720645991505,0.18697884125172007,0.18078200236040887
"robustez comprometida en la propuesta, ejecutada después de la lectura primaria; no selecciona modelos ni cambia el titular; se reporta salga como salga",2025-01-21,0.18042221863260988,0.1824415875481963,0.1822057576914885
"robustez comprometida en la propuesta, ejecutada después de la lectura primaria; no selecciona modelos ni cambia el titular; se reporta salga como salga",2025-01-22,0.16213529718530284,0.16355008788663578,0.16640807569320745
"robustez comprometida en la propuesta, ejecutada después de la lectura primaria; no selecciona modelos ni cambia el titular; se reporta salga como salga",2025-01-23,0.13431439855295096,0.13577928868399403,0.1360721999307145
"robustez comprometida en la propuesta, ejecutada después de la lectura primaria; no selecciona modelos ni cambia el titular; se reporta salga como salga",2025-01-24,0.2538449477399797,0.25485005234121666,0.2453349680828034
"robustez comprometida en la propuesta, ejecutada después de la lectura primaria; no selecciona modelos ni cambia el titular; se reporta salga como salga",2025-02-25,0.11629486553076175,0.12443259909252861,0.1271912347585892
"robustez comprometida en la propuesta, ejecutada después de la lectura primaria; no selecciona modelos ni cambia el titular; se reporta salga como salga",2025-02-26,0.11887833671912396,0.11785190453593541,0.11536257876170686
"robustez comprometida en la propuesta, ejecutada después de la lectura primaria; no selecciona modelos ni cambia el titular; se reporta salga como salga",2025-02-27,0.10287762647977217,0.1040613257343629,0.10099057751419753
"robustez comprometida en la propuesta, ejecutada después de la lectura primaria; no selecciona modelos ni cambia el titular; se reporta salga como salga",2025-02-28,0.12782643674945995,0.13260049712154276,0.13526667992047556
"robustez comprometida en la propuesta, ejecutada después de la lectura primaria; no selecciona modelos ni cambia el titular; se reporta salga como salga",2025-03-03,0.21015424176691758,0.2174050338160671,0.1996011011789812
"robustez comprometida en la propuesta, ejecutada después de la lectura primaria; no selecciona modelos ni cambia el titular; se reporta salga como salga",2025-03-04,0.12400395089831147,0.1195156657838813,0.10349889821244113
"robustez comprometida en la propuesta, ejecutada después de la lectura primaria; no selecciona modelos ni cambia el titular; se reporta salga como salga",2025-03-05,0.1640282981403004,0.16219944650492008,0.1456198143440758
"robustez comprometida en la propuesta, ejecutada después de la lectura primaria; no selecciona modelos ni cambia el titular; se reporta salga como salga",2025-03-06,0.17024970005105367,0.16642763021105864,0.1600983146579682
"robustez comprometida en la propuesta, ejecutada después de la lectura primaria; no selecciona modelos ni cambia el titular; se reporta salga como salga",2025-03-07,0.1388603368354123,0.13659688169693765,0.12651693773111813
"robustez comprometida en la propuesta, ejecutada después de la lectura primaria; no selecciona modelos ni cambia el titular; se reporta salga como salga",2025-03-10,0.12181401772623608,0.11037314823885362,0.09927461021134953
"robustez comprometida en la propuesta, ejecutada después de la lectura primaria; no selecciona modelos ni cambia el titular; se reporta salga como salga",2025-03-11,0.12045323362681581,0.11565190828321122,0.1079366816512914
"robustez comprometida en la propuesta, ejecutada después de la lectura primaria; no selecciona modelos ni cambia el titular; se reporta salga como salga",2025-03-12,0.14740095565162462,0.14514093837659167,0.14941726230630434
"robustez comprometida en la propuesta, ejecutada después de la lectura primaria; no selecciona modelos ni cambia el titular; se reporta salga como salga",2025-03-13,0.07627241189425651,0.08002369964746499,0.08175368534075354
"robustez comprometida en la propuesta, ejecutada después de la lectura primaria; no selecciona modelos ni cambia el titular; se reporta salga como salga",2025-03-14,0.09339070566436358,0.098430589457032,0.10050183381210002
"robustez comprometida en la propuesta, ejecutada después de la lectura primaria; no selecciona modelos ni cambia el titular; se reporta salga como salga",2025-03-17,0.07717060585674146,0.07789621448066404,0.08422331271641526
"robustez comprometida en la propuesta, ejecutada después de la lectura primaria; no selecciona modelos ni cambia el titular; se reporta salga como salga",2025-03-18,0.1213327413324299,0.12287936755473507,0.1219112339077607
"robustez comprometida en la propuesta, ejecutada después de la lectura primaria; no selecciona modelos ni cambia el titular; se reporta salga como salga",2025-03-19,0.34209901154769545,0.33021529339541517,0.31622638019167437
"robustez comprometida en la propuesta, ejecutada después de la lectura primaria; no selecciona modelos ni cambia el titular; se reporta salga como salga",2025-03-20,0.10740823111152259,0.1042151086264018,0.10563086756517308
"robustez comprometida en la propuesta, ejecutada después de la lectura primaria; no selecciona modelos ni cambia el titular; se reporta salga como salga",2025-03-21,0.07183481231855907,0.07241578027038972,0.07337864868414057
"robustez comprometida en la propuesta, ejecutada después de la lectura primaria; no selecciona modelos ni cambia el titular; se reporta salga como salga",2025-03-24,0.13179022179845468,0.12853206096888306,0.12598425348603443
"robustez comprometida en la propuesta, ejecutada después de la lectura primaria; no selecciona modelos ni cambia el titular; se reporta salga como salga",2025-03-25,0.29611897922999725,0.2935114384275717,0.30988347001314837
"robustez comprometida en la propuesta, ejecutada después de la lectura primaria; no selecciona modelos ni cambia el titular; se reporta salga como salga",2025-03-26,0.09020590657985926,0.08711171710173245,0.08573494269035005
"robustez comprometida en la propuesta, ejecutada después de la lectura primaria; no selecciona modelos ni cambia el titular; se reporta salga como salga",2025-03-27,0.10370148029511628,0.10267634488181332,0.10350975943941305
"robustez comprometida en la propuesta, ejecutada después de la lectura primaria; no selecciona modelos ni cambia el titular; se reporta salga como salga",2025-03-28,0.10604257628206026,0.10552816732970523,0.11228025474478494
"robustez comprometida en la propuesta, ejecutada después de la lectura primaria; no selecciona modelos ni cambia el titular; se reporta salga como salga",2025-03-31,0.10111680989119975,0.09766026491623603,0.09052267447210727
"robustez comprometida en la propuesta, ejecutada después de la lectura primaria; no selecciona modelos ni cambia el titular; se reporta salga como salga",2025-04-01,0.0935592413844711,0.09353022154029432,0.08960803199423033
"robustez comprometida en la propuesta, ejecutada después de la lectura primaria; no selecciona modelos ni cambia el titular; se reporta salga como salga",2025-04-02,0.3471470819266787,0.33427526268185304,0.3428060947988864
"robustez comprometida en la propuesta, ejecutada después de la lectura primaria; no selecciona modelos ni cambia el titular; se reporta salga como salga",2025-04-03,0.08450713607367911,0.08836143674107821,0.08595301001094614
"robustez comprometida en la propuesta, ejecutada después de la lectura primaria; no selecciona modelos ni cambia el titular; se reporta salga como salga",2025-04-07,0.8847246675196407,0.8163904048932774,0.8018894177161023
"robustez comprometida en la propuesta, ejecutada después de la lectura primaria; no selecciona modelos ni cambia el titular; se reporta salga como salga",2025-04-08,0.13659633041900643,0.15256442966874037,0.14231084101186056
"robustez comprometida en la propuesta, ejecutada después de la lectura primaria; no selecciona modelos ni cambia el titular; se reporta salga como salga",2025-04-09,1.8695091932917591,1.590862188149859,1.63321085183932
"robustez comprometida en la propuesta, ejecutada después de la lectura primaria; no selecciona modelos ni cambia el titular; se reporta salga como salga",2025-04-10,0.13258110632218903,0.13714680601751256,0.14531400328995417
"robustez comprometida en la propuesta, ejecutada después de la lectura primaria; no selecciona modelos ni cambia el titular; se reporta salga como salga",2025-04-11,0.11495956148404944,0.12993829193818227,0.11547982203231195
"robustez comprometida en la propuesta, ejecutada después de la lectura primaria; no selecciona modelos ni cambia el titular; se reporta salga como salga",2025-04-14,0.15682252948157774,0.1399268588134105,0.14027914042863854
"robustez comprometida en la propuesta, ejecutada después de la lectura primaria; no selecciona modelos ni cambia el titular; se reporta salga como salga",2025-04-15,0.11895035422567397,0.1042984302000093,0.10460798716864049
"robustez comprometida en la propuesta, ejecutada después de la lectura primaria; no selecciona modelos ni cambia el titular; se reporta salga como salga",2025-04-16,0.2232206875920405,0.22972898673533984,0.22610554111219486
"robustez comprometida en la propuesta, ejecutada después de la lectura primaria; no selecciona modelos ni cambia el titular; se reporta salga como salga",2025-04-17,0.12799137984462897,0.13003977455728008,0.1442842638974707
"robustez comprometida en la propuesta, ejecutada después de la lectura primaria; no selecciona modelos ni cambia el titular; se reporta salga como salga",2025-04-21,0.09714476115217574,0.09065051353179543,0.09946414507604938
"robustez comprometida en la propuesta, ejecutada después de la lectura primaria; no selecciona modelos ni cambia el titular; se reporta salga como salga",2025-04-22,0.3069381117408982,0.29935511332590886,0.31258738654068735
"robustez comprometida en la propuesta, ejecutada después de la lectura primaria; no selecciona modelos ni cambia el titular; se reporta salga como salga",2025-04-23,0.12116395896825384,0.12382821349781974,0.12807520516483303
"robustez comprometida en la propuesta, ejecutada después de la lectura primaria; no selecciona modelos ni cambia el titular; se reporta salga como salga",2025-04-24,0.08995345632102057,0.10472427323623539,0.0944145902638121
"robustez comprometida en la propuesta, ejecutada después de la lectura primaria; no selecciona modelos ni cambia el titular; se reporta salga como salga",2025-04-25,0.21094112404124535,0.20705271255775778,0.19115141965797564
"robustez comprometida en la propuesta, ejecutada después de la lectura primaria; no selecciona modelos ni cambia el titular; se reporta salga como salga",2025-04-28,0.08899370238384267,0.09121802780341833,0.08889300154684794
"robustez comprometida en la propuesta, ejecutada después de la lectura primaria; no selecciona modelos ni cambia el titular; se reporta salga como salga",2025-04-29,0.1733016414616629,0.18070012834623206,0.17551330868718576
"robustez comprometida en la propuesta, ejecutada después de la lectura primaria; no selecciona modelos ni cambia el titular; se reporta salga como salga",2025-04-30,0.23235281448919243,0.21718148421449182,0.21883456282540817
"robustez comprometida en la propuesta, ejecutada después de la lectura primaria; no selecciona modelos ni cambia el titular; se reporta salga como salga",2025-05-01,0.1450018759959413,0.15053152030697511,0.14681507686961962
"robustez comprometida en la propuesta, ejecutada después de la lectura primaria; no selecciona modelos ni cambia el titular; se reporta salga como salga",2025-05-02,0.15152751676109472,0.14451153560715388,0.14080916304247176
"robustez comprometida en la propuesta, ejecutada después de la lectura primaria; no selecciona modelos ni cambia el titular; se reporta salga como salga",2025-05-05,0.11355552082857982,0.11260105789272802,0.11046997771802365
"robustez comprometida en la propuesta, ejecutada después de la lectura primaria; no selecciona modelos ni cambia el titular; se reporta salga como salga",2025-05-06,0.22863299969416806,0.22319282746205038,0.22222463001673576
"robustez comprometida en la propuesta, ejecutada después de la lectura primaria; no selecciona modelos ni cambia el titular; se reporta salga como salga",2025-05-07,0.23913867846200385,0.22381431488032286,0.23636354255074177
"robustez comprometida en la propuesta, ejecutada después de la lectura primaria; no selecciona modelos ni cambia el titular; se reporta salga como salga",2025-05-08,0.11496867370364412,0.11536391426680855,0.12271195316648172
"robustez comprometida en la propuesta, ejecutada después de la lectura primaria; no selecciona modelos ni cambia el titular; se reporta salga como salga",2025-05-09,0.11961831213921247,0.11951501530607722,0.11655809088512524
"robustez comprometida en la propuesta, ejecutada después de la lectura primaria; no selecciona modelos ni cambia el titular; se reporta salga como salga",2025-05-12,0.12741328970883198,0.12176442541271165,0.12404433003578548
"robustez comprometida en la propuesta, ejecutada después de la lectura primaria; no selecciona modelos ni cambia el titular; se reporta salga como salga",2025-05-13,0.12371150003883995,0.1243390605686201,0.12128347240807526
"robustez comprometida en la propuesta, ejecutada después de la lectura primaria; no selecciona modelos ni cambia el titular; se reporta salga como salga",2025-05-14,0.17169584399948637,0.1710083674708619,0.170522543260471
"robustez comprometida en la propuesta, ejecutada después de la lectura primaria; no selecciona modelos ni cambia el titular; se reporta salga como salga",2025-05-15,0.3797300457899027,0.34713176947776825,0.3538672476674472
"robustez comprometida en la propuesta, ejecutada después de la lectura primaria; no selecciona modelos ni cambia el titular; se reporta salga como salga",2025-05-16,0.1081093430386942,0.10884661601027895,0.10835822740131229
"robustez comprometida en la propuesta, ejecutada después de la lectura primaria; no selecciona modelos ni cambia el titular; se reporta salga como salga",2025-05-19,0.11834529778275464,0.11564507663197611,0.11532914011775779
"robustez comprometida en la propuesta, ejecutada después de la lectura primaria; no selecciona modelos ni cambia el titular; se reporta salga como salga",2025-05-20,0.21741406728629453,0.21439729236953042,0.20913830840115114
"robustez comprometida en la propuesta, ejecutada después de la lectura primaria; no selecciona modelos ni cambia el titular; se reporta salga como salga",2025-05-21,0.5372738517848014,0.5014496593484236,0.47938949635052214
"robustez comprometida en la propuesta, ejecutada después de la lectura primaria; no selecciona modelos ni cambia el titular; se reporta salga como salga",2025-05-22,0.2123049094276456,0.21550387806271132,0.22360780464319607
"robustez comprometida en la propuesta, ejecutada después de la lectura primaria; no selecciona modelos ni cambia el titular; se reporta salga como salga",2025-05-23,0.14633563861108276,0.14698655062136803,0.1490101869368172
"robustez comprometida en la propuesta, ejecutada después de la lectura primaria; no selecciona modelos ni cambia el titular; se reporta salga como salga",2025-05-27,0.11616980375246201,0.12617662355840176,0.12822053918400927
"robustez comprometida en la propuesta, ejecutada después de la lectura primaria; no selecciona modelos ni cambia el titular; se reporta salga como salga",2025-05-28,0.18374346824518853,0.18874089553040474,0.1830775987721417
"robustez comprometida en la propuesta, ejecutada después de la lectura primaria; no selecciona modelos ni cambia el titular; se reporta salga como salga",2025-05-29,0.21058025501343006,0.2026908052102584,0.20761649639611965
"robustez comprometida en la propuesta, ejecutada después de la lectura primaria; no selecciona modelos ni cambia el titular; se reporta salga como salga",2025-05-30,0.19983957945503494,0.19985779285610136,0.19687874816603387
"robustez comprometida en la propuesta, ejecutada después de la lectura primaria; no selecciona modelos ni cambia el titular; se reporta salga como salga",2025-06-02,0.14367621200366099,0.14150299211032252,0.13909416223119717
"robustez comprometida en la propuesta, ejecutada después de la lectura primaria; no selecciona modelos ni cambia el titular; se reporta salga como salga",2025-06-03,0.18830054494737425,0.18494186046852915,0.18503949067189698
"robustez comprometida en la propuesta, ejecutada después de la lectura primaria; no selecciona modelos ni cambia el titular; se reporta salga como salga",2025-06-04,0.3165810986719861,0.3140225537991126,0.3311610254336131
"robustez comprometida en la propuesta, ejecutada después de la lectura primaria; no selecciona modelos ni cambia el titular; se reporta salga como salga",2025-06-05,0.3901443651329746,0.3719644754980833,0.353862313369617
"robustez comprometida en la propuesta, ejecutada después de la lectura primaria; no selecciona modelos ni cambia el titular; se reporta salga como salga",2025-06-06,0.1518629729210794,0.1489495196751424,0.1460043783725082
"robustez comprometida en la propuesta, ejecutada después de la lectura primaria; no selecciona modelos ni cambia el titular; se reporta salga como salga",2025-06-09,0.4177799142452016,0.4018794495448947,0.394299621902055
"robustez comprometida en la propuesta, ejecutada después de la lectura primaria; no selecciona modelos ni cambia el titular; se reporta salga como salga",2025-06-10,0.2511749310103021,0.24580826762296057,0.24415096907191655
"robustez comprometida en la propuesta, ejecutada después de la lectura primaria; no selecciona modelos ni cambia el titular; se reporta salga como salga",2025-06-11,0.2087738482716437,0.197930423540294,0.19992140405737846
"robustez comprometida en la propuesta, ejecutada después de la lectura primaria; no selecciona modelos ni cambia el titular; se reporta salga como salga",2025-06-12,0.17532649238979955,0.17872535420414537,0.1825211968040499
"robustez comprometida en la propuesta, ejecutada después de la lectura primaria; no selecciona modelos ni cambia el titular; se reporta salga como salga",2025-06-13,0.14600242691318302,0.1491475268416251,0.15096378435936275
"robustez comprometida en la propuesta, ejecutada después de la lectura primaria; no selecciona modelos ni cambia el titular; se reporta salga como salga",2025-06-16,0.15361772826086692,0.15224696733266996,0.15042883667343307
"robustez comprometida en la propuesta, ejecutada después de la lectura primaria; no selecciona modelos ni cambia el titular; se reporta salga como salga",2025-06-17,0.11463053116363832,0.11642406442284743,0.11924182424995074
"robustez comprometida en la propuesta, ejecutada después de la lectura primaria; no selecciona modelos ni cambia el titular; se reporta salga como salga",2025-06-18,0.24695096025927832,0.22615520631832667,0.22270565344547633
"robustez comprometida en la propuesta, ejecutada después de la lectura primaria; no selecciona modelos ni cambia el titular; se reporta salga como salga",2025-06-20,0.11251274439367076,0.10808502207993208,0.11138562365582476
"robustez comprometida en la propuesta, ejecutada después de la lectura primaria; no selecciona modelos ni cambia el titular; se reporta salga como salga",2025-06-23,0.19786099012185962,0.19599845047938533,0.19754580824133552
"robustez comprometida en la propuesta, ejecutada después de la lectura primaria; no selecciona modelos ni cambia el titular; se reporta salga como salga",2025-06-24,0.16038887371611044,0.1584679875822012,0.16101222130476975
"robustez comprometida en la propuesta, ejecutada después de la lectura primaria; no selecciona modelos ni cambia el titular; se reporta salga como salga",2025-06-25,0.1483459114890509,0.14899566860525815,0.14969257990821255
"robustez comprometida en la propuesta, ejecutada después de la lectura primaria; no selecciona modelos ni cambia el titular; se reporta salga como salga",2025-06-26,0.1850998272520874,0.18301419009222533,0.17833781825797193
"robustez comprometida en la propuesta, ejecutada después de la lectura primaria; no selecciona modelos ni cambia el titular; se reporta salga como salga",2025-06-27,0.19355210556024072,0.19916721877535237,0.19792127606585344
"robustez comprometida en la propuesta, ejecutada después de la lectura primaria; no selecciona modelos ni cambia el titular; se reporta salga como salga",2025-06-30,0.42475117535997403,0.42406480384130435,0.42775514460905667
"robustez comprometida en la propuesta, ejecutada después de la lectura primaria; no selecciona modelos ni cambia el titular; se reporta salga como salga",2025-07-01,0.17836246800695035,0.17566984162169771,0.16942197099450032
"robustez comprometida en la propuesta, ejecutada después de la lectura primaria; no selecciona modelos ni cambia el titular; se reporta salga como salga",2025-07-02,0.1760218151376054,0.17862593932705498,0.17604846638049002
"robustez comprometida en la propuesta, ejecutada después de la lectura primaria; no selecciona modelos ni cambia el titular; se reporta salga como salga",2025-07-03,0.11829261030484385,0.1178123944828644,0.11542007377210817
"robustez comprometida en la propuesta, ejecutada después de la lectura primaria; no selecciona modelos ni cambia el titular; se reporta salga como salga",2025-07-07,0.25334737659624945,0.2547317236630106,0.25182230277710205
"robustez comprometida en la propuesta, ejecutada después de la lectura primaria; no selecciona modelos ni cambia el titular; se reporta salga como salga",2025-07-08,0.37281700425710484,0.37834039369076394,0.36192012099545706
"robustez comprometida en la propuesta, ejecutada después de la lectura primaria; no selecciona modelos ni cambia el titular; se reporta salga como salga",2025-07-09,0.2427816338595089,0.24137287662602577,0.2417796454504165
"robustez comprometida en la propuesta, ejecutada después de la lectura primaria; no selecciona modelos ni cambia el titular; se reporta salga como salga",2025-07-10,0.13864760647795116,0.1413196054114719,0.14474802667686087
"robustez comprometida en la propuesta, ejecutada después de la lectura primaria; no selecciona modelos ni cambia el titular; se reporta salga como salga",2025-07-11,0.1514066946993817,0.15964259573011372,0.15880488676089138
"robustez comprometida en la propuesta, ejecutada después de la lectura primaria; no selecciona modelos ni cambia el titular; se reporta salga como salga",2025-07-14,0.1455623064159697,0.14751913543815867,0.15342752059285772
"robustez comprometida en la propuesta, ejecutada después de la lectura primaria; no selecciona modelos ni cambia el titular; se reporta salga como salga",2025-07-15,0.11667452273277718,0.11578802898353559,0.11904865794114922
"robustez comprometida en la propuesta, ejecutada después de la lectura primaria; no selecciona modelos ni cambia el titular; se reporta salga como salga",2025-07-16,0.2294870026125937,0.2338065379900303,0.2392206505187615
"robustez comprometida en la propuesta, ejecutada después de la lectura primaria; no selecciona modelos ni cambia el titular; se reporta salga como salga",2025-07-17,0.2552344633515546,0.2523434660689772,0.2530924216428165
"robustez comprometida en la propuesta, ejecutada después de la lectura primaria; no selecciona modelos ni cambia el titular; se reporta salga como salga",2025-07-18,0.1834815627667875,0.1775728666590789,0.17702382195358524
"robustez comprometida en la propuesta, ejecutada después de la lectura primaria; no selecciona modelos ni cambia el titular; se reporta salga como salga",2025-07-21,0.12452911259661802,0.1260714320966043,0.12414628325027245
"robustez comprometida en la propuesta, ejecutada después de la lectura primaria; no selecciona modelos ni cambia el titular; se reporta salga como salga",2025-07-22,0.18308472635103534,0.18068418553994434,0.18226026242604867
"robustez comprometida en la propuesta, ejecutada después de la lectura primaria; no selecciona modelos ni cambia el titular; se reporta salga como salga",2025-07-23,0.234740338994701,0.23403224838389813,0.23260542907679269
"robustez comprometida en la propuesta, ejecutada después de la lectura primaria; no selecciona modelos ni cambia el titular; se reporta salga como salga",2025-07-24,0.1258996078540318,0.1297877620540441,0.12961698789978893
"robustez comprometida en la propuesta, ejecutada después de la lectura primaria; no selecciona modelos ni cambia el titular; se reporta salga como salga",2025-07-25,0.1367358360332573,0.13924628269617,0.1396287538237109
"robustez comprometida en la propuesta, ejecutada después de la lectura primaria; no selecciona modelos ni cambia el titular; se reporta salga como salga",2025-07-28,0.16802283757994116,0.1702289418564826,0.17047443856015917
"robustez comprometida en la propuesta, ejecutada después de la lectura primaria; no selecciona modelos ni cambia el titular; se reporta salga como salga",2025-07-29,0.1537735013827766,0.15193760077043414,0.15164000111294443
"robustez comprometida en la propuesta, ejecutada después de la lectura primaria; no selecciona modelos ni cambia el titular; se reporta salga como salga",2025-07-30,0.25527159659034576,0.2483148418759107,0.23586967100617925
"robustez comprometida en la propuesta, ejecutada después de la lectura primaria; no selecciona modelos ni cambia el titular; se reporta salga como salga",2025-07-31,0.12758550078328176,0.13176533908080093,0.13107533078585573
"robustez comprometida en la propuesta, ejecutada después de la lectura primaria; no selecciona modelos ni cambia el titular; se reporta salga como salga",2025-08-01,0.1064275322172571,0.09596537553485858,0.09208288401888677
"robustez comprometida en la propuesta, ejecutada después de la lectura primaria; no selecciona modelos ni cambia el titular; se reporta salga como salga",2025-08-04,0.15147081873505466,0.1483176529049202,0.14725598475110588
"robustez comprometida en la propuesta, ejecutada después de la lectura primaria; no selecciona modelos ni cambia el titular; se reporta salga como salga",2025-08-05,0.11609616180296356,0.11128187611925437,0.1103808269620481
"robustez comprometida en la propuesta, ejecutada después de la lectura primaria; no selecciona modelos ni cambia el titular; se reporta salga como salga",2025-08-06,0.12923410553853035,0.12914573830453294,0.12990522135911112
"robustez comprometida en la propuesta, ejecutada después de la lectura primaria; no selecciona modelos ni cambia el titular; se reporta salga como salga",2025-08-07,0.1202735904372168,0.12103061214184807,0.12453802447463735
"robustez comprometida en la propuesta, ejecutada después de la lectura primaria; no selecciona modelos ni cambia el titular; se reporta salga como salga",2025-08-08,0.1635215939603092,0.16459730697242178,0.16037906905302166
"robustez comprometida en la propuesta, ejecutada después de la lectura primaria; no selecciona modelos ni cambia el titular; se reporta salga como salga",2025-08-11,0.12274720934095273,0.12057366396080203,0.1221402360058153
"robustez comprometida en la propuesta, ejecutada después de la lectura primaria; no selecciona modelos ni cambia el titular; se reporta salga como salga",2025-08-12,0.16888985684394375,0.1686713108040453,0.16336258366878945
"robustez comprometida en la propuesta, ejecutada después de la lectura primaria; no selecciona modelos ni cambia el titular; se reporta salga como salga",2025-08-13,0.38033876771274944,0.38353940030826256,0.3935066938408332
"robustez comprometida en la propuesta, ejecutada después de la lectura primaria; no selecciona modelos ni cambia el titular; se reporta salga como salga",2025-08-14,0.1999679563342173,0.19635222363801552,0.19421515801459166
"robustez comprometida en la propuesta, ejecutada después de la lectura primaria; no selecciona modelos ni cambia el titular; se reporta salga como salga",2025-08-15,0.16529436730907163,0.16133558552507585,0.15551827397258633
"robustez comprometida en la propuesta, ejecutada después de la lectura primaria; no selecciona modelos ni cambia el titular; se reporta salga como salga",2025-08-18,0.1898133439204701,0.18512965675433204,0.181562118587943
"robustez comprometida en la propuesta, ejecutada después de la lectura primaria; no selecciona modelos ni cambia el titular; se reporta salga como salga",2025-08-19,0.15979815169197473,0.16078661737331015,0.16393584541883455
"robustez comprometida en la propuesta, ejecutada después de la lectura primaria; no selecciona modelos ni cambia el titular; se reporta salga como salga",2025-08-20,0.11726214499091338,0.1165773229422976,0.11718796629602792
"robustez comprometida en la propuesta, ejecutada después de la lectura primaria; no selecciona modelos ni cambia el titular; se reporta salga como salga",2025-08-21,0.11510149048847518,0.11940836669143667,0.1265594081422967
"robustez comprometida en la propuesta, ejecutada después de la lectura primaria; no selecciona modelos ni cambia el titular; se reporta salga como salga",2025-08-22,0.2077382145397693,0.199013816256557,0.2000801644965473
"robustez comprometida en la propuesta, ejecutada después de la lectura primaria; no selecciona modelos ni cambia el titular; se reporta salga como salga",2025-08-25,0.17142889377770154,0.1663151109304162,0.16988671966390978
"robustez comprometida en la propuesta, ejecutada después de la lectura primaria; no selecciona modelos ni cambia el titular; se reporta salga como salga",2025-08-26,0.1821781299666891,0.18466945045325897,0.18774774145223608
"robustez comprometida en la propuesta, ejecutada después de la lectura primaria; no selecciona modelos ni cambia el titular; se reporta salga como salga",2025-08-27,0.27343636515266184,0.2657014874312735,0.26157959848790346
"robustez comprometida en la propuesta, ejecutada después de la lectura primaria; no selecciona modelos ni cambia el titular; se reporta salga como salga",2025-08-28,0.12413705498663619,0.12489366193991402,0.12656522512275523
"robustez comprometida en la propuesta, ejecutada después de la lectura primaria; no selecciona modelos ni cambia el titular; se reporta salga como salga",2025-08-29,0.1680051372168538,0.1662216803213626,0.1684354743179067
"robustez comprometida en la propuesta, ejecutada después de la lectura primaria; no selecciona modelos ni cambia el titular; se reporta salga como salga",2025-09-02,0.20434299154529714,0.20144232096359374,0.19933133389525293
"robustez comprometida en la propuesta, ejecutada después de la lectura primaria; no selecciona modelos ni cambia el titular; se reporta salga como salga",2025-09-03,0.09178588095996865,0.09050558628536114,0.08946083357650782
"robustez comprometida en la propuesta, ejecutada después de la lectura primaria; no selecciona modelos ni cambia el titular; se reporta salga como salga",2025-09-04,0.11083169014395172,0.11051463355051455,0.11002013330357181
"robustez comprometida en la propuesta, ejecutada después de la lectura primaria; no selecciona modelos ni cambia el titular; se reporta salga como salga",2025-09-05,0.12101917071765904,0.11971427588583684,0.11581130555427743
"robustez comprometida en la propuesta, ejecutada después de la lectura primaria; no selecciona modelos ni cambia el titular; se reporta salga como salga",2025-09-08,0.1347829895248537,0.12945467051812423,0.12991874400939504
"robustez comprometida en la propuesta, ejecutada después de la lectura primaria; no selecciona modelos ni cambia el titular; se reporta salga como salga",2025-09-09,0.24790452339991553,0.25117850227206606,0.2477790938071011
"robustez comprometida en la propuesta, ejecutada después de la lectura primaria; no selecciona modelos ni cambia el titular; se reporta salga como salga",2025-09-10,0.11570828358094526,0.11522078543542509,0.11489845317306673
"robustez comprometida en la propuesta, ejecutada después de la lectura primaria; no selecciona modelos ni cambia el titular; se reporta salga como salga",2025-09-11,0.16600011792406108,0.1665236229718172,0.16489196536797465
"robustez comprometida en la propuesta, ejecutada después de la lectura primaria; no selecciona modelos ni cambia el titular; se reporta salga como salga",2025-09-12,0.2627018891960156,0.25480515715187263,0.25425133924148563
"robustez comprometida en la propuesta, ejecutada después de la lectura primaria; no selecciona modelos ni cambia el titular; se reporta salga como salga",2025-09-15,0.17864257322071428,0.17907690717311575,0.1778522530239572
"robustez comprometida en la propuesta, ejecutada después de la lectura primaria; no selecciona modelos ni cambia el titular; se reporta salga como salga",2025-09-16,0.13382148549778058,0.135010857228109,0.13439217082304292
"robustez comprometida en la propuesta, ejecutada después de la lectura primaria; no selecciona modelos ni cambia el titular; se reporta salga como salga",2025-09-17,0.6033341580499245,0.5558074504505423,0.5357667178855526
"robustez comprometida en la propuesta, ejecutada después de la lectura primaria; no selecciona modelos ni cambia el titular; se reporta salga como salga",2025-09-18,0.14704363610877894,0.148192923070238,0.1483479000264633
"robustez comprometida en la propuesta, ejecutada después de la lectura primaria; no selecciona modelos ni cambia el titular; se reporta salga como salga",2025-09-19,0.12472512835744766,0.12311716264212536,0.12056894615537027
"robustez comprometida en la propuesta, ejecutada después de la lectura primaria; no selecciona modelos ni cambia el titular; se reporta salga como salga",2025-09-22,0.3555116370782822,0.35333769934676645,0.3584984024871088
"robustez comprometida en la propuesta, ejecutada después de la lectura primaria; no selecciona modelos ni cambia el titular; se reporta salga como salga",2025-09-23,0.21061772122508224,0.21048347568241912,0.2120838150853642
"robustez comprometida en la propuesta, ejecutada después de la lectura primaria; no selecciona modelos ni cambia el titular; se reporta salga como salga",2025-09-24,0.12601922507374688,0.12909668468849997,0.13334606048405637
"robustez comprometida en la propuesta, ejecutada después de la lectura primaria; no selecciona modelos ni cambia el titular; se reporta salga como salga",2025-09-25,0.13499016736185113,0.13537848475180536,0.1337706210838047
"robustez comprometida en la propuesta, ejecutada después de la lectura primaria; no selecciona modelos ni cambia el titular; se reporta salga como salga",2025-09-26,0.12692113268414293,0.12429289489873137,0.12156517226706488
"robustez comprometida en la propuesta, ejecutada después de la lectura primaria; no selecciona modelos ni cambia el titular; se reporta salga como salga",2025-09-29,0.16042676291471636,0.15658085600864355,0.15023832720827016
"robustez comprometida en la propuesta, ejecutada después de la lectura primaria; no selecciona modelos ni cambia el titular; se reporta salga como salga",2025-09-30,0.141672327948991,0.14067067384659002,0.14516605352044387
"robustez comprometida en la propuesta, ejecutada después de la lectura primaria; no selecciona modelos ni cambia el titular; se reporta salga como salga",2025-10-01,0.16388418201648455,0.16128001509765014,0.15255467170528084
"robustez comprometida en la propuesta, ejecutada después de la lectura primaria; no selecciona modelos ni cambia el titular; se reporta salga como salga",2025-10-02,0.1847310829791804,0.1866650651883498,0.19042177422039672
"robustez comprometida en la propuesta, ejecutada después de la lectura primaria; no selecciona modelos ni cambia el titular; se reporta salga como salga",2025-10-03,0.2131264947401091,0.20597830562837638,0.20109808689390765
"robustez comprometida en la propuesta, ejecutada después de la lectura primaria; no selecciona modelos ni cambia el titular; se reporta salga como salga",2025-10-06,0.2102473700136469,0.21026534854413784,0.21402811280670522
"robustez comprometida en la propuesta, ejecutada después de la lectura primaria; no selecciona modelos ni cambia el titular; se reporta salga como salga",2025-10-07,0.23978587855373215,0.24593001280027674,0.24581615160670897
"robustez comprometida en la propuesta, ejecutada después de la lectura primaria; no selecciona modelos ni cambia el titular; se reporta salga como salga",2025-10-08,0.1341518256229782,0.1393229887835203,0.139269333209766
"robustez comprometida en la propuesta, ejecutada después de la lectura primaria; no selecciona modelos ni cambia el titular; se reporta salga como salga",2025-10-09,0.1909367979614528,0.18444244715598335,0.17972339171341387
"robustez comprometida en la propuesta, ejecutada después de la lectura primaria; no selecciona modelos ni cambia el titular; se reporta salga como salga",2025-10-10,0.5702188741629995,0.5818079881676786,0.5719669861984885
"robustez comprometida en la propuesta, ejecutada después de la lectura primaria; no selecciona modelos ni cambia el titular; se reporta salga como salga",2025-10-13,0.1330841729350201,0.12547739910431815,0.12626737262690388
"robustez comprometida en la propuesta, ejecutada después de la lectura primaria; no selecciona modelos ni cambia el titular; se reporta salga como salga",2025-10-14,0.17380421389116704,0.17122637950087127,0.17488054983606646
"robustez comprometida en la propuesta, ejecutada después de la lectura primaria; no selecciona modelos ni cambia el titular; se reporta salga como salga",2025-10-15,0.19889341210795242,0.194005149900304,0.1986936564697844
"robustez comprometida en la propuesta, ejecutada después de la lectura primaria; no selecciona modelos ni cambia el titular; se reporta salga como salga",2025-10-16,0.15214469107215653,0.1509437601971525,0.15144476846895832
"robustez comprometida en la propuesta, ejecutada después de la lectura primaria; no selecciona modelos ni cambia el titular; se reporta salga como salga",2025-10-17,0.0778637551370499,0.07470014428082865,0.07587312144776523
"robustez comprometida en la propuesta, ejecutada después de la lectura primaria; no selecciona modelos ni cambia el titular; se reporta salga como salga",2025-10-20,0.17484692994893977,0.19443949645321226,0.24064533374595232
"robustez comprometida en la propuesta, ejecutada después de la lectura primaria; no selecciona modelos ni cambia el titular; se reporta salga como salga",2025-10-21,0.17072648988778807,0.17527005121417186,0.1736021247671098
"robustez comprometida en la propuesta, ejecutada después de la lectura primaria; no selecciona modelos ni cambia el titular; se reporta salga como salga",2025-10-22,0.3408620652716295,0.3247531127877994,0.3295894342073952
"robustez comprometida en la propuesta, ejecutada después de la lectura primaria; no selecciona modelos ni cambia el titular; se reporta salga como salga",2025-10-23,0.1652806114044653,0.1721410046205396,0.17309229562890902
"robustez comprometida en la propuesta, ejecutada después de la lectura primaria; no selecciona modelos ni cambia el titular; se reporta salga como salga",2025-10-24,0.15704812697719958,0.1558103949062993,0.15609648149506042
"robustez comprometida en la propuesta, ejecutada después de la lectura primaria; no selecciona modelos ni cambia el titular; se reporta salga como salga",2025-10-27,0.31303186430028385,0.30092666457466466,0.2928769789594307
"robustez comprometida en la propuesta, ejecutada después de la lectura primaria; no selecciona modelos ni cambia el titular; se reporta salga como salga",2025-10-28,0.2837313648341055,0.27586157153460905,0.27048911519494856
"robustez comprometida en la propuesta, ejecutada después de la lectura primaria; no selecciona modelos ni cambia el titular; se reporta salga como salga",2025-10-29,0.34900542595297135,0.33360607278855214,0.330214398982454
"robustez comprometida en la propuesta, ejecutada después de la lectura primaria; no selecciona modelos ni cambia el titular; se reporta salga como salga",2025-10-30,0.12443130708971473,0.1263652429133119,0.12660184938902533
"robustez comprometida en la propuesta, ejecutada después de la lectura primaria; no selecciona modelos ni cambia el titular; se reporta salga como salga",2025-10-31,0.12709229519224055,0.12114611413945837,0.11848969857626268
"robustez comprometida en la propuesta, ejecutada después de la lectura primaria; no selecciona modelos ni cambia el titular; se reporta salga como salga",2025-11-03,0.14171750799506613,0.133733454203631,0.1332509589061259
"robustez comprometida en la propuesta, ejecutada después de la lectura primaria; no selecciona modelos ni cambia el titular; se reporta salga como salga",2025-11-04,0.10592711228462637,0.10423873813077644,0.10649915321885411
"robustez comprometida en la propuesta, ejecutada después de la lectura primaria; no selecciona modelos ni cambia el titular; se reporta salga como salga",2025-11-05,0.2917260443544631,0.284561189300901,0.2949853307739924
"robustez comprometida en la propuesta, ejecutada después de la lectura primaria; no selecciona modelos ni cambia el titular; se reporta salga como salga",2025-11-06,0.11801179408033685,0.11750730631937052,0.11927211443347557
"robustez comprometida en la propuesta, ejecutada después de la lectura primaria; no selecciona modelos ni cambia el titular; se reporta salga como salga",2025-11-07,0.09332358948792545,0.0946610331708903,0.09519983684647194
"robustez comprometida en la propuesta, ejecutada después de la lectura primaria; no selecciona modelos ni cambia el titular; se reporta salga como salga",2025-11-10,0.16384764988072084,0.15827067556205385,0.15747248694000537
"robustez comprometida en la propuesta, ejecutada después de la lectura primaria; no selecciona modelos ni cambia el titular; se reporta salga como salga",2025-11-11,0.12380459671475248,0.12567109652024674,0.1301476528046189
"robustez comprometida en la propuesta, ejecutada después de la lectura primaria; no selecciona modelos ni cambia el titular; se reporta salga como salga",2025-11-12,0.13569611755190025,0.13146198239510856,0.12931570846525484
"robustez comprometida en la propuesta, ejecutada después de la lectura primaria; no selecciona modelos ni cambia el titular; se reporta salga como salga",2025-11-13,0.08214812823038573,0.08175263225122532,0.0794553280472709
"robustez comprometida en la propuesta, ejecutada después de la lectura primaria; no selecciona modelos ni cambia el titular; se reporta salga como salga",2025-11-14,0.1121040307490606,0.10899733325192477,0.1091609211127026
"robustez comprometida en la propuesta, ejecutada después de la lectura primaria; no selecciona modelos ni cambia el titular; se reporta salga como salga",2025-11-17,0.1508254279954058,0.14862956956242626,0.14928445275155677
"robustez comprometida en la propuesta, ejecutada después de la lectura primaria; no selecciona modelos ni cambia el titular; se reporta salga como salga",2025-11-18,0.10170671021091647,0.10171333126456893,0.10130188467998956
"robustez comprometida en la propuesta, ejecutada después de la lectura primaria; no selecciona modelos ni cambia el titular; se reporta salga como salga",2025-11-19,0.12308236007282354,0.12653885530904377,0.13096356171384604
"robustez comprometida en la propuesta, ejecutada después de la lectura primaria; no selecciona modelos ni cambia el titular; se reporta salga como salga",2025-11-20,0.0964790420007121,0.09374276554879052,0.09302342475881498
"robustez comprometida en la propuesta, ejecutada después de la lectura primaria; no selecciona modelos ni cambia el titular; se reporta salga como salga",2025-11-21,0.20132275245593734,0.20675415815954143,0.2061790710632758
"robustez comprometida en la propuesta, ejecutada después de la lectura primaria; no selecciona modelos ni cambia el titular; se reporta salga como salga",2025-11-24,0.1570620667767246,0.14318329640226254,0.14778512955524317
"robustez comprometida en la propuesta, ejecutada después de la lectura primaria; no selecciona modelos ni cambia el titular; se reporta salga como salga",2025-11-25,0.17196581824675725,0.1655031025067405,0.1741451992019317
"robustez comprometida en la propuesta, ejecutada después de la lectura primaria; no selecciona modelos ni cambia el titular; se reporta salga como salga",2025-11-26,0.20930492769745812,0.2073654621786147,0.21006429348890746
"robustez comprometida en la propuesta, ejecutada después de la lectura primaria; no selecciona modelos ni cambia el titular; se reporta salga como salga",2025-11-28,0.11241254995064513,0.1097273686531514,0.12499300010301578
"robustez comprometida en la propuesta, ejecutada después de la lectura primaria; no selecciona modelos ni cambia el titular; se reporta salga como salga",2025-12-01,0.14356603055516684,0.13759841086517755,0.13757436724162697
"robustez comprometida en la propuesta, ejecutada después de la lectura primaria; no selecciona modelos ni cambia el titular; se reporta salga como salga",2025-12-02,0.20153589451182632,0.19893286605308638,0.19160201998173718
"robustez comprometida en la propuesta, ejecutada después de la lectura primaria; no selecciona modelos ni cambia el titular; se reporta salga como salga",2025-12-03,0.21687783295903665,0.2225240726549282,0.21951785989959716
"robustez comprometida en la propuesta, ejecutada después de la lectura primaria; no selecciona modelos ni cambia el titular; se reporta salga como salga",2025-12-04,0.16155337713743126,0.1651460438128929,0.16315546967541306
"robustez comprometida en la propuesta, ejecutada después de la lectura primaria; no selecciona modelos ni cambia el titular; se reporta salga como salga",2025-12-05,0.14902781082503871,0.15655608063213033,0.1569398177338688
"robustez comprometida en la propuesta, ejecutada después de la lectura primaria; no selecciona modelos ni cambia el titular; se reporta salga como salga",2025-12-08,0.33490503985011094,0.341926693424307,0.3458819922605178
"robustez comprometida en la propuesta, ejecutada después de la lectura primaria; no selecciona modelos ni cambia el titular; se reporta salga como salga",2025-12-09,0.17214249681342633,0.1801907785883418,0.17819524097221262
"robustez comprometida en la propuesta, ejecutada después de la lectura primaria; no selecciona modelos ni cambia el titular; se reporta salga como salga",2025-12-10,0.3405587456228623,0.30962453691293274,0.3084796631964019
"robustez comprometida en la propuesta, ejecutada después de la lectura primaria; no selecciona modelos ni cambia el titular; se reporta salga como salga",2025-12-11,0.16646055185527206,0.16998626185257248,0.17037056537278072
"robustez comprometida en la propuesta, ejecutada después de la lectura primaria; no selecciona modelos ni cambia el titular; se reporta salga como salga",2025-12-12,0.1730056177162265,0.16968519512112112,0.1740758821141631
"robustez comprometida en la propuesta, ejecutada después de la lectura primaria; no selecciona modelos ni cambia el titular; se reporta salga como salga",2025-12-15,0.08341741130122682,0.08088216870818803,0.08678393663785706
"robustez comprometida en la propuesta, ejecutada después de la lectura primaria; no selecciona modelos ni cambia el titular; se reporta salga como salga",2025-12-16,0.11025145559322502,0.11000601491089441,0.11485016149876931
"robustez comprometida en la propuesta, ejecutada después de la lectura primaria; no selecciona modelos ni cambia el titular; se reporta salga como salga",2025-12-17,0.09302095055696569,0.09728043970024193,0.0973854393156743
"robustez comprometida en la propuesta, ejecutada después de la lectura primaria; no selecciona modelos ni cambia el titular; se reporta salga como salga",2025-12-18,0.12927341378805854,0.129302801466721,0.13082028667310605
"robustez comprometida en la propuesta, ejecutada después de la lectura primaria; no selecciona modelos ni cambia el titular; se reporta salga como salga",2025-12-19,0.17887313712932393,0.17611180548232988,0.17785641105109487
"robustez comprometida en la propuesta, ejecutada después de la lectura primaria; no selecciona modelos ni cambia el titular; se reporta salga como salga",2025-12-22,0.16496245813015806,0.1584906532944493,0.1602479511985931
"robustez comprometida en la propuesta, ejecutada después de la lectura primaria; no selecciona modelos ni cambia el titular; se reporta salga como salga",2025-12-23,0.1587272556735608,0.15712840557168348,0.159012705502508
"robustez comprometida en la propuesta, ejecutada después de la lectura primaria; no selecciona modelos ni cambia el titular; se reporta salga como salga",2025-12-24,0.11693162369021178,0.11608778975015187,0.12179897084089386
"robustez comprometida en la propuesta, ejecutada después de la lectura primaria; no selecciona modelos ni cambia el titular; se reporta salga como salga",2025-12-26,0.18582721337448774,0.18748863020766535,0.18555430532338313
"robustez comprometida en la propuesta, ejecutada después de la lectura primaria; no selecciona modelos ni cambia el titular; se reporta salga como salga",2025-12-29,0.12255024776114674,0.12184529465425586,0.12360612962949917
"robustez comprometida en la propuesta, ejecutada después de la lectura primaria; no selecciona modelos ni cambia el titular; se reporta salga como salga",2025-12-30,0.1277570304532286,0.13159066693780122,0.1324865449240745
"robustez comprometida en la propuesta, ejecutada después de la lectura primaria; no selecciona modelos ni cambia el titular; se reporta salga como salga",2025-12-31,0.1391158104367375,0.13966253106066484,0.144745602248932
"robustez comprometida en la propuesta, ejecutada después de la lectura primaria; no selecciona modelos ni cambia el titular; se reporta salga como salga",2026-01-02,0.12082772710816059,0.12231746878883032,0.12240162075331466
"robustez comprometida en la propuesta, ejecutada después de la lectura primaria; no selecciona modelos ni cambia el titular; se reporta salga como salga",2026-01-05,0.12475816721415604,0.12108270745756311,0.12114944960446572
"robustez comprometida en la propuesta, ejecutada después de la lectura primaria; no selecciona modelos ni cambia el titular; se reporta salga como salga",2026-01-06,0.1635524336850909,0.16001203592554744,0.15563945037917043
"robustez comprometida en la propuesta, ejecutada después de la lectura primaria; no selecciona modelos ni cambia el titular; se reporta salga como salga",2026-01-07,0.1789292747795241,0.17945858635534337,0.18118486074174142
"robustez comprometida en la propuesta, ejecutada después de la lectura primaria; no selecciona modelos ni cambia el titular; se reporta salga como salga",2026-01-08,0.12389436253455621,0.12605765822393633,0.12973939325945125
"robustez comprometida en la propuesta, ejecutada después de la lectura primaria; no selecciona modelos ni cambia el titular; se reporta salga como salga",2026-01-09,0.14325935464696252,0.1373102465141817,0.13653520489145243
"robustez comprometida en la propuesta, ejecutada después de la lectura primaria; no selecciona modelos ni cambia el titular; se reporta salga como salga",2026-01-12,0.1937673419376088,0.19495388821792245,0.19382704170983703
"robustez comprometida en la propuesta, ejecutada después de la lectura primaria; no selecciona modelos ni cambia el titular; se reporta salga como salga",2026-01-13,0.1296718765133492,0.12710207066040966,0.13031338164384554
"robustez comprometida en la propuesta, ejecutada después de la lectura primaria; no selecciona modelos ni cambia el titular; se reporta salga como salga",2026-01-14,0.2281815114994803,0.22239090696762753,0.22369937105892992
"robustez comprometida en la propuesta, ejecutada después de la lectura primaria; no selecciona modelos ni cambia el titular; se reporta salga como salga",2026-01-15,0.16399974407189238,0.163676004458111,0.16767367402007483
"robustez comprometida en la propuesta, ejecutada después de la lectura primaria; no selecciona modelos ni cambia el titular; se reporta salga como salga",2026-01-16,0.15355033672909088,0.150741574776029,0.14816145882181453
"robustez comprometida en la propuesta, ejecutada después de la lectura primaria; no selecciona modelos ni cambia el titular; se reporta salga como salga",2026-01-20,0.11623273171072124,0.11503924267764193,0.11937592318588676
"robustez comprometida en la propuesta, ejecutada después de la lectura primaria; no selecciona modelos ni cambia el titular; se reporta salga como salga",2026-01-21,0.6362729128010729,0.6093270163708872,0.5922893752493774
"robustez comprometida en la propuesta, ejecutada después de la lectura primaria; no selecciona modelos ni cambia el titular; se reporta salga como salga",2026-01-22,0.19009625388554854,0.1953380957586699,0.1959280558193133
"robustez comprometida en la propuesta, ejecutada después de la lectura primaria; no selecciona modelos ni cambia el titular; se reporta salga como salga",2026-01-23,0.14224754067746734,0.14053690254393938,0.13715966747630712
"robustez comprometida en la propuesta, ejecutada después de la lectura primaria; no selecciona modelos ni cambia el titular; se reporta salga como salga",2026-01-26,0.1698806130393992,0.17136273155883164,0.17082145624517375
"robustez comprometida en la propuesta, ejecutada después de la lectura primaria; no selecciona modelos ni cambia el titular; se reporta salga como salga",2026-01-27,0.13690220017866203,0.13886982319613853,0.13555623719794838
"robustez comprometida en la propuesta, ejecutada después de la lectura primaria; no selecciona modelos ni cambia el titular; se reporta salga como salga",2026-01-28,0.21628324894276774,0.20018360943840133,0.20144717313652163
"robustez comprometida en la propuesta, ejecutada después de la lectura primaria; no selecciona modelos ni cambia el titular; se reporta salga como salga",2026-01-29,0.13132486459615275,0.1263029536660338,0.12948341506010994
"robustez comprometida en la propuesta, ejecutada después de la lectura primaria; no selecciona modelos ni cambia el titular; se reporta salga como salga",2026-01-30,0.10235821928205657,0.09540179536829062,0.09370268827231938
"robustez comprometida en la propuesta, ejecutada después de la lectura primaria; no selecciona modelos ni cambia el titular; se reporta salga como salga",2026-02-02,0.2614337056335907,0.3119685794575022,0.3033918285215278
"robustez comprometida en la propuesta, ejecutada después de la lectura primaria; no selecciona modelos ni cambia el titular; se reporta salga como salga",2026-02-03,0.10964009374903387,0.13789639541251855,0.12848737074170513
"robustez comprometida en la propuesta, ejecutada después de la lectura primaria; no selecciona modelos ni cambia el titular; se reporta salga como salga",2026-02-04,0.13425734674156156,0.13826191593593393,0.13321550608761343
"robustez comprometida en la propuesta, ejecutada después de la lectura primaria; no selecciona modelos ni cambia el titular; se reporta salga como salga",2026-02-05,0.11210699928511388,0.11050573740526205,0.11274800052113514
"robustez comprometida en la propuesta, ejecutada después de la lectura primaria; no selecciona modelos ni cambia el titular; se reporta salga como salga",2026-02-06,0.1597282724279298,0.15824059314147057,0.1533534713110675
"robustez comprometida en la propuesta, ejecutada después de la lectura primaria; no selecciona modelos ni cambia el titular; se reporta salga como salga",2026-02-09,0.1696971266624542,0.1633384620909045,0.162263784615635
"robustez comprometida en la propuesta, ejecutada después de la lectura primaria; no selecciona modelos ni cambia el titular; se reporta salga como salga",2026-02-10,0.159767698747566,0.14979818078015447,0.14995465567531166
"robustez comprometida en la propuesta, ejecutada después de la lectura primaria; no selecciona modelos ni cambia el titular; se reporta salga como salga",2026-02-11,0.17682780846287274,0.17532232242385437,0.17616034682569706
"robustez comprometida en la propuesta, ejecutada después de la lectura primaria; no selecciona modelos ni cambia el titular; se reporta salga como salga",2026-02-12,0.08432215819319483,0.08594071058445152,0.08658224005579178
"robustez comprometida en la propuesta, ejecutada después de la lectura primaria; no selecciona modelos ni cambia el titular; se reporta salga como salga",2026-02-13,0.10003259250098111,0.09467353272231709,0.09487098669073568
"robustez comprometida en la propuesta, ejecutada después de la lectura primaria; no selecciona modelos ni cambia el titular; se reporta salga como salga",2026-02-17,0.12777733916908662,0.12303042704204468,0.12893847786621057
"robustez comprometida en la propuesta, ejecutada después de la lectura primaria; no selecciona modelos ni cambia el titular; se reporta salga como salga",2026-02-18,0.13460274666456531,0.12648183623718365,0.12487827145910756
"robustez comprometida en la propuesta, ejecutada después de la lectura primaria; no selecciona modelos ni cambia el titular; se reporta salga como salga",2026-02-19,0.12228851946004278,0.11947077128983596,0.12309967274980876
"robustez comprometida en la propuesta, ejecutada después de la lectura primaria; no selecciona modelos ni cambia el titular; se reporta salga como salga",2026-02-20,0.19200141959915915,0.18955668313615803,0.1898625821579585
"robustez comprometida en la propuesta, ejecutada después de la lectura primaria; no selecciona modelos ni cambia el titular; se reporta salga como salga",2026-02-23,0.11480014180883756,0.10547543544544179,0.1101050587553532
"robustez comprometida en la propuesta, ejecutada después de la lectura primaria; no selecciona modelos ni cambia el titular; se reporta salga como salga",2026-02-24,0.12394935953793867,0.12487355904111852,0.12694086394108925
"robustez comprometida en la propuesta, ejecutada después de la lectura primaria; no selecciona modelos ni cambia el titular; se reporta salga como salga",2026-02-25,0.12907918942578367,0.13734895769720937,0.13821517367558916
"robustez comprometida en la propuesta, ejecutada después de la lectura primaria; no selecciona modelos ni cambia el titular; se reporta salga como salga",2026-02-26,0.1282471053060791,0.1259586796311845,0.12639729868491448
"robustez comprometida en la propuesta, ejecutada después de la lectura primaria; no selecciona modelos ni cambia el titular; se reporta salga como salga",2026-02-27,0.10307235428733456,0.10199498702603997,0.10430455263324111
"robustez comprometida en la propuesta, ejecutada después de la lectura primaria; no selecciona modelos ni cambia el titular; se reporta salga como salga",2026-03-02,0.15243882312410992,0.1600184553269018,0.16190202923653677
"robustez comprometida en la propuesta, ejecutada después de la lectura primaria; no selecciona modelos ni cambia el titular; se reporta salga como salga",2026-03-03,0.13715092568466924,0.13931217379517183,0.13629931420323885
"robustez comprometida en la propuesta, ejecutada después de la lectura primaria; no selecciona modelos ni cambia el titular; se reporta salga como salga",2026-03-04,0.1560087736055023,0.1498886314164243,0.1475707963099042
"robustez comprometida en la propuesta, ejecutada después de la lectura primaria; no selecciona modelos ni cambia el titular; se reporta salga como salga",2026-03-05,0.16120377186084847,0.16615798092865078,0.16552079768371522
"robustez comprometida en la propuesta, ejecutada después de la lectura primaria; no selecciona modelos ni cambia el titular; se reporta salga como salga",2026-03-06,0.1303031687020557,0.12638868093002634,0.12481359892752934
"robustez comprometida en la propuesta, ejecutada después de la lectura primaria; no selecciona modelos ni cambia el titular; se reporta salga como salga",2026-03-09,0.44535731646177285,0.4609516932001843,0.4619069216423149
"robustez comprometida en la propuesta, ejecutada después de la lectura primaria; no selecciona modelos ni cambia el titular; se reporta salga como salga",2026-03-10,0.2001012866870152,0.20385819217344903,0.20715541625260506
"robustez comprometida en la propuesta, ejecutada después de la lectura primaria; no selecciona modelos ni cambia el titular; se reporta salga como salga",2026-03-11,0.21574802549899555,0.21164256736608542,0.21237980335528825
"robustez comprometida en la propuesta, ejecutada después de la lectura primaria; no selecciona modelos ni cambia el titular; se reporta salga como salga",2026-03-12,0.14938546069456732,0.14421282715828312,0.14366359881917637
"robustez comprometida en la propuesta, ejecutada después de la lectura primaria; no selecciona modelos ni cambia el titular; se reporta salga como salga",2026-03-13,0.1368966975973759,0.13682509147952637,0.13764899600551486
"robustez comprometida en la propuesta, ejecutada después de la lectura primaria; no selecciona modelos ni cambia el titular; se reporta salga como salga",2026-03-16,0.8570822000182486,0.8503220188750128,0.8578021785439406
"robustez comprometida en la propuesta, ejecutada después de la lectura primaria; no selecciona modelos ni cambia el titular; se reporta salga como salga",2026-03-17,0.2389824368628084,0.23370064904985674,0.23679334091376988
"robustez comprometida en la propuesta, ejecutada después de la lectura primaria; no selecciona modelos ni cambia el titular; se reporta salga como salga",2026-03-18,0.1322653375044747,0.13121994217444485,0.13274381417226008
"robustez comprometida en la propuesta, ejecutada después de la lectura primaria; no selecciona modelos ni cambia el titular; se reporta salga como salga",2026-03-19,0.30528193181073465,0.3019605235269502,0.28653571529747984
"robustez comprometida en la propuesta, ejecutada después de la lectura primaria; no selecciona modelos ni cambia el titular; se reporta salga como salga",2026-03-20,0.17085450516414613,0.16881375016113356,0.17019379195278247
"robustez comprometida en la propuesta, ejecutada después de la lectura primaria; no selecciona modelos ni cambia el titular; se reporta salga como salga",2026-03-23,0.12612556698734875,0.1230765753640911,0.12239305644905692
"robustez comprometida en la propuesta, ejecutada después de la lectura primaria; no selecciona modelos ni cambia el titular; se reporta salga como salga",2026-03-24,0.19775715489732523,0.1944160773571069,0.19415092898042166
"robustez comprometida en la propuesta, ejecutada después de la lectura primaria; no selecciona modelos ni cambia el titular; se reporta salga como salga",2026-03-25,0.2645319682498541,0.25800432914725374,0.2537208463966092
"robustez comprometida en la propuesta, ejecutada después de la lectura primaria; no selecciona modelos ni cambia el titular; se reporta salga como salga",2026-03-26,0.14935259458128317,0.15059195863472977,0.15613768465020098
"robustez comprometida en la propuesta, ejecutada después de la lectura primaria; no selecciona modelos ni cambia el titular; se reporta salga como salga",2026-03-27,0.15701217151392202,0.16078576130720768,0.16974322877804307
"robustez comprometida en la propuesta, ejecutada después de la lectura primaria; no selecciona modelos ni cambia el titular; se reporta salga como salga",2026-03-30,0.14379973419550665,0.14077718757319282,0.139990690177635
"robustez comprometida en la propuesta, ejecutada después de la lectura primaria; no selecciona modelos ni cambia el titular; se reporta salga como salga",2026-03-31,0.3645291319293947,0.36079439917938755,0.3626087301144218
"robustez comprometida en la propuesta, ejecutada después de la lectura primaria; no selecciona modelos ni cambia el titular; se reporta salga como salga",2026-04-01,0.10998500996981365,0.10882486681578085,0.10383028703206022
"robustez comprometida en la propuesta, ejecutada después de la lectura primaria; no selecciona modelos ni cambia el titular; se reporta salga como salga",2026-04-02,0.3191310785677221,0.31734734179044444,0.3123145723779847
"robustez comprometida en la propuesta, ejecutada después de la lectura primaria; no selecciona modelos ni cambia el titular; se reporta salga como salga",2026-04-06,0.1960207232176715,0.18711893832640272,0.18455545728721937
"robustez comprometida en la propuesta, ejecutada después de la lectura primaria; no selecciona modelos ni cambia el titular; se reporta salga como salga",2026-04-07,0.373207476848506,0.361656856242441,0.35415541062240935
"robustez comprometida en la propuesta, ejecutada después de la lectura primaria; no selecciona modelos ni cambia el titular; se reporta salga como salga",2026-04-08,0.270248735881372,0.2667477576452871,0.275242484329413
"robustez comprometida en la propuesta, ejecutada después de la lectura primaria; no selecciona modelos ni cambia el titular; se reporta salga como salga",2026-04-09,0.14239214096401379,0.14520249500816723,0.1434583648183982
"robustez comprometida en la propuesta, ejecutada después de la lectura primaria; no selecciona modelos ni cambia el titular; se reporta salga como salga",2026-04-10,0.12105669749634551,0.11983034124934462,0.12181694864153947
"robustez comprometida en la propuesta, ejecutada después de la lectura primaria; no selecciona modelos ni cambia el titular; se reporta salga como salga",2026-04-13,0.17840400845926982,0.17155252520559242,0.16941990900317752
"robustez comprometida en la propuesta, ejecutada después de la lectura primaria; no selecciona modelos ni cambia el titular; se reporta salga como salga",2026-04-14,0.17376006945776556,0.16994167899521695,0.1699373045867214
"robustez comprometida en la propuesta, ejecutada después de la lectura primaria; no selecciona modelos ni cambia el titular; se reporta salga como salga",2026-04-15,0.19988537984407528,0.20556425424265534,0.20016409327811657
"robustez comprometida en la propuesta, ejecutada después de la lectura primaria; no selecciona modelos ni cambia el titular; se reporta salga como salga",2026-04-16,0.2108221981519742,0.20690195717280102,0.20334953723072638
"robustez comprometida en la propuesta, ejecutada después de la lectura primaria; no selecciona modelos ni cambia el titular; se reporta salga como salga",2026-04-17,0.20969637146405942,0.20493087855586944,0.20156999700251654
"robustez comprometida en la propuesta, ejecutada después de la lectura primaria; no selecciona modelos ni cambia el titular; se reporta salga como salga",2026-04-20,0.13514935659990615,0.12152258115747704,0.11653993970074046
"robustez comprometida en la propuesta, ejecutada después de la lectura primaria; no selecciona modelos ni cambia el titular; se reporta salga como salga",2026-04-21,0.1280762106970857,0.12893260106564644,0.12592292790738652
"robustez comprometida en la propuesta, ejecutada después de la lectura primaria; no selecciona modelos ni cambia el titular; se reporta salga como salga",2026-04-22,0.11795824199200554,0.11957887532428528,0.11965446627666353
"robustez comprometida en la propuesta, ejecutada después de la lectura primaria; no selecciona modelos ni cambia el titular; se reporta salga como salga",2026-04-23,0.2826177656113244,0.28020139109889525,0.27524581287789734
"robustez comprometida en la propuesta, ejecutada después de la lectura primaria; no selecciona modelos ni cambia el titular; se reporta salga como salga",2026-04-24,0.1493520582487964,0.15321832079290013,0.15186189292684923
"robustez comprometida en la propuesta, ejecutada después de la lectura primaria; no selecciona modelos ni cambia el titular; se reporta salga como salga",2026-04-27,0.12826970022138837,0.13433173442121377,0.13150852560485324
"robustez comprometida en la propuesta, ejecutada después de la lectura primaria; no selecciona modelos ni cambia el titular; se reporta salga como salga",2026-04-28,0.1275425071787554,0.13596925841368526,0.13345683124670205
"robustez comprometida en la propuesta, ejecutada después de la lectura primaria; no selecciona modelos ni cambia el titular; se reporta salga como salga",2026-04-29,0.11456732123459844,0.12089975780843402,0.12199858666630492
"robustez comprometida en la propuesta, ejecutada después de la lectura primaria; no selecciona modelos ni cambia el titular; se reporta salga como salga",2026-04-30,0.13760710704681564,0.1441973408271644,0.14067861801075024
"robustez comprometida en la propuesta, ejecutada después de la lectura primaria; no selecciona modelos ni cambia el titular; se reporta salga como salga",2026-05-01,0.12418779699310985,0.11444719506957823,0.11537099258214882
"robustez comprometida en la propuesta, ejecutada después de la lectura primaria; no selecciona modelos ni cambia el titular; se reporta salga como salga",2026-05-04,0.18561910732151612,0.1783293265584652,0.17514071858803018
"robustez comprometida en la propuesta, ejecutada después de la lectura primaria; no selecciona modelos ni cambia el titular; se reporta salga como salga",2026-05-05,0.17419697774826684,0.17303213746663546,0.17099596709949116
"robustez comprometida en la propuesta, ejecutada después de la lectura primaria; no selecciona modelos ni cambia el titular; se reporta salga como salga",2026-05-06,0.1811935936037782,0.18096355848310938,0.18165160855903692
"robustez comprometida en la propuesta, ejecutada después de la lectura primaria; no selecciona modelos ni cambia el titular; se reporta salga como salga",2026-05-07,0.15319343725209364,0.15423584297973955,0.1530137368227244
"robustez comprometida en la propuesta, ejecutada después de la lectura primaria; no selecciona modelos ni cambia el titular; se reporta salga como salga",2026-05-08,0.13746843616462587,0.13236644300296924,0.1282620725267596
"robustez comprometida en la propuesta, ejecutada después de la lectura primaria; no selecciona modelos ni cambia el titular; se reporta salga como salga",2026-05-11,0.16758464677011187,0.1721523570007173,0.17752340740768766
"robustez comprometida en la propuesta, ejecutada después de la lectura primaria; no selecciona modelos ni cambia el titular; se reporta salga como salga",2026-05-12,0.10156755625813156,0.10170396374130909,0.10089066406721069
"robustez comprometida en la propuesta, ejecutada después de la lectura primaria; no selecciona modelos ni cambia el titular; se reporta salga como salga",2026-05-13,0.13045012407644213,0.12859779640139102,0.12933762966815862
"robustez comprometida en la propuesta, ejecutada después de la lectura primaria; no selecciona modelos ni cambia el titular; se reporta salga como salga",2026-05-14,0.20749471741924186,0.20965442258141986,0.20940527962742492
"robustez comprometida en la propuesta, ejecutada después de la lectura primaria; no selecciona modelos ni cambia el titular; se reporta salga como salga",2026-05-15,0.11690492180787837,0.11319078794751763,0.1103632692550492
"robustez comprometida en la propuesta, ejecutada después de la lectura primaria; no selecciona modelos ni cambia el titular; se reporta salga como salga",2026-05-18,0.39064166325656124,0.41386862117987877,0.4213594856713044
"robustez comprometida en la propuesta, ejecutada después de la lectura primaria; no selecciona modelos ni cambia el titular; se reporta salga como salga",2026-05-19,0.10866006957150111,0.10641181591877046,0.10669799160370176
"robustez comprometida en la propuesta, ejecutada después de la lectura primaria; no selecciona modelos ni cambia el titular; se reporta salga como salga",2026-05-20,0.19291320918511767,0.19088452558310323,0.18718422110570967
"robustez comprometida en la propuesta, ejecutada después de la lectura primaria; no selecciona modelos ni cambia el titular; se reporta salga como salga",2026-05-21,0.29164014911169434,0.28767522053012967,0.27936111703472816
"robustez comprometida en la propuesta, ejecutada después de la lectura primaria; no selecciona modelos ni cambia el titular; se reporta salga como salga",2026-05-22,0.16972527873862006,0.16357466360196607,0.16151603498280934
"robustez comprometida en la propuesta, ejecutada después de la lectura primaria; no selecciona modelos ni cambia el titular; se reporta salga como salga",2026-05-26,0.11133162621908978,0.11193156887982324,0.11341049742085203
"robustez comprometida en la propuesta, ejecutada después de la lectura primaria; no selecciona modelos ni cambia el titular; se reporta salga como salga",2026-05-27,0.49557702015582206,0.4879407024010298,0.4591418379558731
"robustez comprometida en la propuesta, ejecutada después de la lectura primaria; no selecciona modelos ni cambia el titular; se reporta salga como salga",2026-05-28,0.14569228060992345,0.14503695297630156,0.14603863527565575
"robustez comprometida en la propuesta, ejecutada después de la lectura primaria; no selecciona modelos ni cambia el titular; se reporta salga como salga",2026-05-29,0.16040219861603353,0.15742057552236302,0.15487923021928948
"robustez comprometida en la propuesta, ejecutada después de la lectura primaria; no selecciona modelos ni cambia el titular; se reporta salga como salga",2026-06-01,0.13404535870955311,0.1387843834686041,0.13588997629674815
"robustez comprometida en la propuesta, ejecutada después de la lectura primaria; no selecciona modelos ni cambia el titular; se reporta salga como salga",2026-06-02,0.16546820293234432,0.16394928363341643,0.161728344512539
"robustez comprometida en la propuesta, ejecutada después de la lectura primaria; no selecciona modelos ni cambia el titular; se reporta salga como salga",2026-06-03,0.1337140736243879,0.13333884655359948,0.13445133596468706
"robustez comprometida en la propuesta, ejecutada después de la lectura primaria; no selecciona modelos ni cambia el titular; se reporta salga como salga",2026-06-04,0.1615714404746219,0.16255401554621396,0.16178322499006356
"robustez comprometida en la propuesta, ejecutada después de la lectura primaria; no selecciona modelos ni cambia el titular; se reporta salga como salga",2026-06-05,0.8710518567729347,0.897578701322276,0.9373561896921497
"robustez comprometida en la propuesta, ejecutada después de la lectura primaria; no selecciona modelos ni cambia el titular; se reporta salga como salga",2026-06-08,0.30793154866751854,0.30548515071388305,0.32269253857762
"robustez comprometida en la propuesta, ejecutada después de la lectura primaria; no selecciona modelos ni cambia el titular; se reporta salga como salga",2026-06-09,0.15008304642222517,0.150498703828991,0.1488229423403906
"robustez comprometida en la propuesta, ejecutada después de la lectura primaria; no selecciona modelos ni cambia el titular; se reporta salga como salga",2026-06-10,0.15212614789727885,0.15573751460598606,0.15104651200224953
"robustez comprometida en la propuesta, ejecutada después de la lectura primaria; no selecciona modelos ni cambia el titular; se reporta salga como salga",2026-06-11,0.5388193595793745,0.5303486095255262,0.5232754959375311
"robustez comprometida en la propuesta, ejecutada después de la lectura primaria; no selecciona modelos ni cambia el titular; se reporta salga como salga",2026-06-12,0.17012367215184895,0.16479870966426433,0.16318721489468171
"robustez comprometida en la propuesta, ejecutada después de la lectura primaria; no selecciona modelos ni cambia el titular; se reporta salga como salga",2026-06-15,0.1436995161074072,0.1341115801406682,0.13349922202180636
"robustez comprometida en la propuesta, ejecutada después de la lectura primaria; no selecciona modelos ni cambia el titular; se reporta salga como salga",2026-06-16,0.15732156574847728,0.16005509105187954,0.16164145247610304
"robustez comprometida en la propuesta, ejecutada después de la lectura primaria; no selecciona modelos ni cambia el titular; se reporta salga como salga",2026-06-17,0.573719884591474,0.6030724571514419,0.5849436414204171
"robustez comprometida en la propuesta, ejecutada después de la lectura primaria; no selecciona modelos ni cambia el titular; se reporta salga como salga",2026-06-18,0.16563530321253464,0.16190203095010386,0.16310467566828588
"robustez comprometida en la propuesta, ejecutada después de la lectura primaria; no selecciona modelos ni cambia el titular; se reporta salga como salga",2026-06-22,0.15360489878691908,0.16821499738015352,0.1531628261671926
"robustez comprometida en la propuesta, ejecutada después de la lectura primaria; no selecciona modelos ni cambia el titular; se reporta salga como salga",2026-06-23,0.2006661465567682,0.19678561307397188,0.19642717061813628
"robustez comprometida en la propuesta, ejecutada después de la lectura primaria; no selecciona modelos ni cambia el titular; se reporta salga como salga",2026-06-24,0.11552519830422052,0.11472073358031003,0.11384004226429878
"robustez comprometida en la propuesta, ejecutada después de la lectura primaria; no selecciona modelos ni cambia el titular; se reporta salga como salga",2026-06-25,0.14427994502907435,0.14271354900740713,0.14271672041443736
"robustez comprometida en la propuesta, ejecutada después de la lectura primaria; no selecciona modelos ni cambia el titular; se reporta salga como salga",2026-06-26,0.14953228836287188,0.15043159334146475,0.15292076816431396
"robustez comprometida en la propuesta, ejecutada después de la lectura primaria; no selecciona modelos ni cambia el titular; se reporta salga como salga",2026-06-29,0.1370444628678483,0.13254296490047343,0.13136354214672655
"robustez comprometida en la propuesta, ejecutada después de la lectura primaria; no selecciona modelos ni cambia el titular; se reporta salga como salga",2026-06-30,0.16573415920314163,0.16748149429405282,0.16563890451190577
"robustez comprometida en la propuesta, ejecutada después de la lectura primaria; no selecciona modelos ni cambia el titular; se reporta salga como salga",2026-07-01,0.16216236985181687,0.16153145779723077,0.1678494735388452
"robustez comprometida en la propuesta, ejecutada después de la lectura primaria; no selecciona modelos ni cambia el titular; se reporta salga como salga",2026-07-02,0.1635585814655104,0.1604799035238628,0.1632889400682421
"robustez comprometida en la propuesta, ejecutada después de la lectura primaria; no selecciona modelos ni cambia el titular; se reporta salga como salga",2026-07-06,0.17478207085232286,0.17194223430188735,0.17213717318211866
"robustez comprometida en la propuesta, ejecutada después de la lectura primaria; no selecciona modelos ni cambia el titular; se reporta salga como salga",2026-07-07,0.22104449943220197,0.2186437378993833,0.2190358740888085
"robustez comprometida en la propuesta, ejecutada después de la lectura primaria; no selecciona modelos ni cambia el titular; se reporta salga como salga",2026-07-08,0.25919575473114065,0.2642014903886262,0.26812251302992396
"robustez comprometida en la propuesta, ejecutada después de la lectura primaria; no selecciona modelos ni cambia el titular; se reporta salga como salga",2026-07-09,0.2043377159123556,0.2059169188035466,0.20626112180178613
"robustez comprometida en la propuesta, ejecutada después de la lectura primaria; no selecciona modelos ni cambia el titular; se reporta salga como salga",2026-07-10,0.177591939317265,0.1805680111429607,0.17711618248353814
"robustez comprometida en la propuesta, ejecutada después de la lectura primaria; no selecciona modelos ni cambia el titular; se reporta salga como salga",2026-07-13,0.1536499571436265,0.15111520822392213,0.15086985308044346
"robustez comprometida en la propuesta, ejecutada después de la lectura primaria; no selecciona modelos ni cambia el titular; se reporta salga como salga",2026-07-14,0.15057607105100765,0.15255134319358962,0.1522623392010463
"robustez comprometida en la propuesta, ejecutada después de la lectura primaria; no selecciona modelos ni cambia el titular; se reporta salga como salga",2026-07-15,0.15789369622192576,0.15717746299734148,0.15717614209890776
"robustez comprometida en la propuesta, ejecutada después de la lectura primaria; no selecciona modelos ni cambia el titular; se reporta salga como salga",2026-07-16,0.19011053992544633,0.18300570662768423,0.18052715307460176
"robustez comprometida en la propuesta, ejecutada después de la lectura primaria; no selecciona modelos ni cambia el titular; se reporta salga como salga",2026-07-17,0.2723572225664331,0.26647381494067607,0.26972762158974084
"robustez comprometida en la propuesta, ejecutada después de la lectura primaria; no selecciona modelos ni cambia el titular; se reporta salga como salga",2026-07-20,0.15486447612505547,0.15399128407121435,0.15297822881897927
"robustez comprometida en la propuesta, ejecutada después de la lectura primaria; no selecciona modelos ni cambia el titular; se reporta salga como salga",2026-07-21,0.18554707245063964,0.18760043126932668,0.19109828836308476
"robustez comprometida en la propuesta, ejecutada después de la lectura primaria; no selecciona modelos ni cambia el titular; se reporta salga como salga",2026-07-22,0.1630563477091781,0.17361129337047657,0.17497807802883183
"robustez comprometida en la propuesta, ejecutada después de la lectura primaria; no selecciona modelos ni cambia el titular; se reporta salga como salga",2026-07-23,0.11584804788583329,0.12590859498686383,0.1317039308445939
"robustez comprometida en la propuesta, ejecutada después de la lectura primaria; no selecciona modelos ni cambia el titular; se reporta salga como salga",2026-07-24,0.1394381532449911,0.14413563420422967,0.14038272366427595
"robustez comprometida en la propuesta, ejecutada después de la lectura primaria; no selecciona modelos ni cambia el titular; se reporta salga como salga",2026-07-27,0.16784140185447724,0.1706552174642435,0.16727760566971905
"robustez comprometida en la propuesta, ejecutada después de la lectura primaria; no selecciona modelos ni cambia el titular; se reporta salga como salga",2026-07-28,0.11436685765756065,0.1225340605575813,0.12223763071862626
"robustez comprometida en la propuesta, ejecutada después de la lectura primaria; no selecciona modelos ni cambia el titular; se reporta salga como salga",2026-07-29,0.1958479898961861,0.188056503851765,0.18323286682320405
"robustez comprometida en la propuesta, ejecutada después de la lectura primaria; no selecciona modelos ni cambia el titular; se reporta salga como salga",2026-07-30,0.1495888042952784,0.15883843671536832,0.15694684493659575
"robustez comprometida en la propuesta, ejecutada después de la lectura primaria; no selecciona modelos ni cambia el titular; se reporta salga como salga",2026-07-31,0.1550704125983878,0.1544614978880557,0.15363912661711468
