label,horizon,family,k,seed,delta,fit_seconds_sum,N_sessions,N_origins
"robustez comprometida en la propuesta, ejecutada después de la lectura primaria; no selecciona modelos ni cambia el titular; se reporta salga como salga",30,log_ridge_harq,0,20260908,0.0013766126411388412,3539.521751100154,419,160832
"robustez comprometida en la propuesta, ejecutada después de la lectura primaria; no selecciona modelos ni cambia el titular; se reporta salga como salga",30,log_ridge_harq,1,20260909,0.001537412540071417,3504.284417499861,419,160832
"robustez comprometida en la propuesta, ejecutada después de la lectura primaria; no selecciona modelos ni cambia el titular; se reporta salga como salga",30,log_ridge_harq,2,20260910,0.0012990337676131597,3522.1001963002127,419,160832
"robustez comprometida en la propuesta, ejecutada después de la lectura primaria; no selecciona modelos ni cambia el titular; se reporta salga como salga",30,log_ridge_harq,3,20260911,0.0014927351137306562,3508.9350658999174,419,160832
"robustez comprometida en la propuesta, ejecutada después de la lectura primaria; no selecciona modelos ni cambia el titular; se reporta salga como salga",30,log_ridge_harq,4,20260912,0.0017054159015258803,3519.6824633000506,419,160832
"robustez comprometida en la propuesta, ejecutada después de la lectura primaria; no selecciona modelos ni cambia el titular; se reporta salga como salga",30,log_ridge_harq,5,20260913,0.0006774395579418182,3514.50119500023,419,160832
"robustez comprometida en la propuesta, ejecutada después de la lectura primaria; no selecciona modelos ni cambia el titular; se reporta salga como salga",30,log_ridge_harq,6,20260914,0.0014055525885480822,3504.0714018000144,419,160832
"robustez comprometida en la propuesta, ejecutada después de la lectura primaria; no selecciona modelos ni cambia el titular; se reporta salga como salga",30,log_ridge_harq,7,20260915,0.001258529591000842,3512.6709929001736,419,160832
"robustez comprometida en la propuesta, ejecutada después de la lectura primaria; no selecciona modelos ni cambia el titular; se reporta salga como salga",30,log_ridge_harq,8,20260916,0.0012698725430570197,3524.7781403000918,419,160832
"robustez comprometida en la propuesta, ejecutada después de la lectura primaria; no selecciona modelos ni cambia el titular; se reporta salga como salga",30,log_ridge_harq,9,20260917,0.0005395383606642487,3522.2106276001796,419,160832
"robustez comprometida en la propuesta, ejecutada después de la lectura primaria; no selecciona modelos ni cambia el titular; se reporta salga como salga",30,log_ridge_harq,10,20260918,0.001342718122713627,3513.1861924003533,419,160832
"robustez comprometida en la propuesta, ejecutada después de la lectura primaria; no selecciona modelos ni cambia el titular; se reporta salga como salga",30,log_ridge_harq,11,20260919,0.0011981496616247167,3511.168690399936,419,160832
"robustez comprometida en la propuesta, ejecutada después de la lectura primaria; no selecciona modelos ni cambia el titular; se reporta salga como salga",30,log_ridge_harq,12,20260920,0.0007207103222059902,3511.228451699899,419,160832
"robustez comprometida en la propuesta, ejecutada después de la lectura primaria; no selecciona modelos ni cambia el titular; se reporta salga como salga",30,log_ridge_harq,13,20260921,0.000592000986170015,3499.2503541996994,419,160832
"robustez comprometida en la propuesta, ejecutada después de la lectura primaria; no selecciona modelos ni cambia el titular; se reporta salga como salga",30,log_ridge_harq,14,20260922,0.0007748665552546641,3524.7816597999335,419,160832
"robustez comprometida en la propuesta, ejecutada después de la lectura primaria; no selecciona modelos ni cambia el titular; se reporta salga como salga",30,log_ridge_harq,15,20260923,0.0005785849586849085,3505.6098553998454,419,160832
"robustez comprometida en la propuesta, ejecutada después de la lectura primaria; no selecciona modelos ni cambia el titular; se reporta salga como salga",30,log_ridge_harq,16,20260924,0.0006819989625773922,3536.171057400061,419,160832
"robustez comprometida en la propuesta, ejecutada después de la lectura primaria; no selecciona modelos ni cambia el titular; se reporta salga como salga",30,log_ridge_harq,17,20260925,0.0006462496915781621,3525.518597399867,419,160832
"robustez comprometida en la propuesta, ejecutada después de la lectura primaria; no selecciona modelos ni cambia el titular; se reporta salga como salga",30,log_ridge_harq,18,20260926,0.0009978416547887455,3507.493844099845,419,160832
"robustez comprometida en la propuesta, ejecutada después de la lectura primaria; no selecciona modelos ni cambia el titular; se reporta salga como salga",30,log_ridge_harq,19,20260927,0.0015842507090053461,3513.160605899946,419,160832
"robustez comprometida en la propuesta, ejecutada después de la lectura primaria; no selecciona modelos ni cambia el titular; se reporta salga como salga",30,log_ridge_harq,20,20260928,0.0018079633796606138,3504.9056330999083,419,160832
"robustez comprometida en la propuesta, ejecutada después de la lectura primaria; no selecciona modelos ni cambia el titular; se reporta salga como salga",30,log_ridge_harq,21,20260929,0.0006523152814929508,3543.6296348998876,419,160832
"robustez comprometida en la propuesta, ejecutada después de la lectura primaria; no selecciona modelos ni cambia el titular; se reporta salga como salga",30,log_ridge_harq,22,20260930,0.0010623022218156498,3539.9155334002935,419,160832
"robustez comprometida en la propuesta, ejecutada después de la lectura primaria; no selecciona modelos ni cambia el titular; se reporta salga como salga",30,log_ridge_harq,23,20260931,0.0007381457023979953,3519.5987497999304,419,160832
"robustez comprometida en la propuesta, ejecutada después de la lectura primaria; no selecciona modelos ni cambia el titular; se reporta salga como salga",30,log_ridge_harq,24,20260932,0.0015596279590280823,3539.112623999783,419,160832
"robustez comprometida en la propuesta, ejecutada después de la lectura primaria; no selecciona modelos ni cambia el titular; se reporta salga como salga",30,log_ridge_harq,25,20260933,0.0014853161750517524,3552.222650699652,419,160832
"robustez comprometida en la propuesta, ejecutada después de la lectura primaria; no selecciona modelos ni cambia el titular; se reporta salga como salga",30,log_ridge_harq,26,20260934,0.0008046432603497145,3516.060862000144,419,160832
"robustez comprometida en la propuesta, ejecutada después de la lectura primaria; no selecciona modelos ni cambia el titular; se reporta salga como salga",30,log_ridge_harq,27,20260935,0.0014279108931456305,3535.2615768998658,419,160832
"robustez comprometida en la propuesta, ejecutada después de la lectura primaria; no selecciona modelos ni cambia el titular; se reporta salga como salga",30,log_ridge_harq,28,20260936,0.0015764281893476805,3529.4410304001212,419,160832
"robustez comprometida en la propuesta, ejecutada después de la lectura primaria; no selecciona modelos ni cambia el titular; se reporta salga como salga",30,log_ridge_harq,29,20260937,0.0014099637812470377,3520.210053800125,419,160832
"robustez comprometida en la propuesta, ejecutada después de la lectura primaria; no selecciona modelos ni cambia el titular; se reporta salga como salga",30,log_ridge_harq,30,20260938,0.0012244874867058874,3541.0782320996805,419,160832
"robustez comprometida en la propuesta, ejecutada después de la lectura primaria; no selecciona modelos ni cambia el titular; se reporta salga como salga",30,log_ridge_harq,31,20260939,0.0007074902142756394,3534.447322899694,419,160832
"robustez comprometida en la propuesta, ejecutada después de la lectura primaria; no selecciona modelos ni cambia el titular; se reporta salga como salga",30,log_ridge_harq,32,20260940,0.0014331421968213054,3523.994012599913,419,160832
"robustez comprometida en la propuesta, ejecutada después de la lectura primaria; no selecciona modelos ni cambia el titular; se reporta salga como salga",30,log_ridge_harq,33,20260941,0.001657632771105379,3517.9220879000204,419,160832
"robustez comprometida en la propuesta, ejecutada después de la lectura primaria; no selecciona modelos ni cambia el titular; se reporta salga como salga",30,log_ridge_harq,34,20260942,0.0016178802366147132,3529.6205137000798,419,160832
"robustez comprometida en la propuesta, ejecutada después de la lectura primaria; no selecciona modelos ni cambia el titular; se reporta salga como salga",30,log_ridge_harq,35,20260943,0.0017192985047251486,3513.2465273996277,419,160832
"robustez comprometida en la propuesta, ejecutada después de la lectura primaria; no selecciona modelos ni cambia el titular; se reporta salga como salga",30,log_ridge_harq,36,20260944,0.0011987076445400446,3529.2905306999455,419,160832
"robustez comprometida en la propuesta, ejecutada después de la lectura primaria; no selecciona modelos ni cambia el titular; se reporta salga como salga",30,log_ridge_harq,37,20260945,0.001376339900681789,3522.314336200099,419,160832
"robustez comprometida en la propuesta, ejecutada después de la lectura primaria; no selecciona modelos ni cambia el titular; se reporta salga como salga",30,log_ridge_harq,38,20260946,0.000993124681793455,3527.426511999969,419,160832
"robustez comprometida en la propuesta, ejecutada después de la lectura primaria; no selecciona modelos ni cambia el titular; se reporta salga como salga",30,log_ridge_harq,39,20260947,0.001651507780357754,3528.568496100226,419,160832
"robustez comprometida en la propuesta, ejecutada después de la lectura primaria; no selecciona modelos ni cambia el titular; se reporta salga como salga",30,log_ridge_harq,40,20260948,0.001474398343713911,3510.322298899977,419,160832
"robustez comprometida en la propuesta, ejecutada después de la lectura primaria; no selecciona modelos ni cambia el titular; se reporta salga como salga",30,log_ridge_harq,41,20260949,0.0008842695528166721,3509.406990299409,419,160832
"robustez comprometida en la propuesta, ejecutada después de la lectura primaria; no selecciona modelos ni cambia el titular; se reporta salga como salga",30,log_ridge_harq,42,20260950,0.001436200384743619,3491.596805200461,419,160832
"robustez comprometida en la propuesta, ejecutada después de la lectura primaria; no selecciona modelos ni cambia el titular; se reporta salga como salga",30,log_ridge_harq,43,20260951,0.0011541681025120285,3502.7562293999363,419,160832
"robustez comprometida en la propuesta, ejecutada después de la lectura primaria; no selecciona modelos ni cambia el titular; se reporta salga como salga",30,log_ridge_harq,44,20260952,0.0009026539424172766,3505.0483596994745,419,160832
"robustez comprometida en la propuesta, ejecutada después de la lectura primaria; no selecciona modelos ni cambia el titular; se reporta salga como salga",30,log_ridge_harq,45,20260953,0.0006987545987739649,3511.0497762000814,419,160832
"robustez comprometida en la propuesta, ejecutada después de la lectura primaria; no selecciona modelos ni cambia el titular; se reporta salga como salga",30,log_ridge_harq,46,20260954,0.0014197893377104142,3510.3394847999734,419,160832
"robustez comprometida en la propuesta, ejecutada después de la lectura primaria; no selecciona modelos ni cambia el titular; se reporta salga como salga",30,log_ridge_harq,47,20260955,0.0015763364950846417,3497.607421900131,419,160832
"robustez comprometida en la propuesta, ejecutada después de la lectura primaria; no selecciona modelos ni cambia el titular; se reporta salga como salga",30,log_ridge_harq,48,20260956,0.0016006504917400076,3479.23367850011,419,160832
"robustez comprometida en la propuesta, ejecutada después de la lectura primaria; no selecciona modelos ni cambia el titular; se reporta salga como salga",30,log_ridge_harq,49,20260957,0.0016019546749771578,3480.370809800319,419,160832
