session_date,forecast__log_ridge_harq__B0,loss__log_ridge_harq__B0,forecast__log_ridge_harq__B1,loss__log_ridge_harq__B1,forecast__log_ridge_harq__B2,loss__log_ridge_harq__B2,forecast__lightgbm_qlike__B0,loss__lightgbm_qlike__B0,forecast__lightgbm_qlike__B1,loss__lightgbm_qlike__B1,forecast__lightgbm_qlike__B2,loss__lightgbm_qlike__B2,actual
2026-08-03,3.807934984602871e-06,0.3207326822986236,3.6917098147239175e-06,0.3171874130750085,3.6267305179852285e-06,0.3167128190092974,3.77818749029713e-06,0.3181323247752273,3.5444097832933257e-06,0.31507350786205096,3.506297983425823e-06,0.3166398368599161,3.1696360206632733e-06
2026-08-04,2.542613163863638e-06,0.3679878811026265,2.522379378442629e-06,0.3673891906420514,2.5696759961803095e-06,0.3679074780936861,2.3765934017784634e-06,0.3600404815964193,2.416368658902739e-06,0.3571946861338948,2.3962893645451654e-06,0.3603476948548508,2.1862339157731537e-06
2026-08-05,3.1113719163499484e-06,0.4015304416260985,3.014162392024201e-06,0.3902822386122951,3.0042314537667923e-06,0.39564343935272356,2.9475308383021913e-06,0.4013151942208389,2.8056975363923e-06,0.38807187587621983,2.8608271596552843e-06,0.3915188879299807,2.52169112323222e-06
2026-08-06,2.4856511295453463e-06,0.3195312267139823,2.4875638539227964e-06,0.3198631827251383,2.5163384260742833e-06,0.3228525507888848,2.397387684440748e-06,0.3244526015263809,2.405383770106261e-06,0.3176552290913537,2.3182874186870778e-06,0.31102382011820406,2.187735530263635e-06
2026-08-07,2.2346459704449878e-06,0.3231865036547066,2.138475164895891e-06,0.3176156173534488,2.1195452570204164e-06,0.32198942250663837,2.0952696733351642e-06,0.31996985336042155,2.008136642594223e-06,0.31411963980723984,2.088505656851697e-06,0.31396434762543884,1.93270328696054e-06
2026-08-10,1.927727981305671e-06,0.40145397423748275,1.826384817571968e-06,0.40100008438247303,1.8153854620661857e-06,0.3972445309135552,1.85466376906914e-06,0.40437664391607814,1.757424643387757e-06,0.4033151652485038,1.8908356329582298e-06,0.38967653973656685,2.012705904190733e-06
2026-08-11,1.6719663774148883e-06,0.3834126150232467,1.6563808305377269e-06,0.38190800454754364,1.6756097592749622e-06,0.3837778639616407,1.6534772880246301e-06,0.38634684642050376,1.6532528258699778e-06,0.3882465752599768,1.6921904684069752e-06,0.3883310930224917,1.5535143444945687e-06
2026-08-12,1.630981265227209e-06,0.314777456503536,1.5725276808877392e-06,0.31475356507211083,1.5850326303071937e-06,0.3151835824055111,1.5745974079281918e-06,0.3142246252436147,1.5565810498423408e-06,0.3033084650300301,1.6358354112047544e-06,0.30490575989200003,1.4113370376032805e-06
2026-08-13,1.4930573008604572e-06,0.38153878592749013,1.4743291565654624e-06,0.37885818059958526,1.4998278116292792e-06,0.36645942747779076,1.5463206906189723e-06,0.37191051530784797,1.5494892013675226e-06,0.3588448866356451,1.5448011115164143e-06,0.36327077768199706,1.6013582138853876e-06
2026-08-14,1.5430144960799112e-06,0.33423028081806433,1.5086899837451495e-06,0.33113425235382526,1.486908676616696e-06,0.3285962891266733,1.5604487359210975e-06,0.3397328672719511,1.5399186756676468e-06,0.33357518799145636,1.6215334313760967e-06,0.340865210996252,1.502244803042437e-06
2026-08-17,1.3682440662299604e-06,0.6852490700056348,1.307761606527647e-06,0.7060026363913788,1.309264806433863e-06,0.7117828281812576,1.3481415718880261e-06,0.6267002167045429,1.3358717915358587e-06,0.6453044903110635,1.4100665355914006e-06,0.6390667145105251,1.7078876809650826e-06
2026-08-18,2.006736331900963e-06,0.2884740579975463,1.9941584510035813e-06,0.2894973947563095,2.0195792381583113e-06,0.28763245036155577,1.8655110787197376e-06,0.29025268579372027,1.8875970410597598e-06,0.2902502890370714,1.9017688851482062e-06,0.29273390894275214,1.7928178018050122e-06
2026-08-19,2.28595589607836e-06,0.3361179634904621,2.2347215007221418e-06,0.33580638850694416,2.220786089951438e-06,0.33325549840731356,2.1711471602220063e-06,0.33550768274902465,2.1535730200348596e-06,0.3280057331145853,2.161274341107063e-06,0.32377558755243835,2.118540385643098e-06
2026-08-20,1.946225184789501e-06,0.35232200897316607,1.973268962542351e-06,0.35444680900238534,1.9908100942426453e-06,0.35450999046897014,1.8815324396304e-06,0.3581379737102535,1.8996552354033672e-06,0.3610113806997801,1.8939566245719052e-06,0.3603000878874713,1.7036910553815345e-06
2026-08-21,2.15606088999175e-06,0.3263830162050226,2.133248594336219e-06,0.3269750288198498,2.106222682359521e-06,0.3246211545761064,2.086112732846783e-06,0.3256172000343714,2.072987581817966e-06,0.326886581734457,2.119324531574103e-06,0.3245111998440855,2.2495331870666687e-06
2026-08-24,1.863027616336566e-06,0.33802943426863713,1.7988928474521606e-06,0.3392931872572162,1.8087111412769152e-06,0.3407441071798776,1.77361529675612e-06,0.33278134762989486,1.7999637152801387e-06,0.33371447578061036,1.787980701056802e-06,0.3310931481054486,1.7006299437229862e-06
2026-08-25,1.5903218719734118e-06,0.4285158222651262,1.6196144752894104e-06,0.422290962239416,1.629842147915443e-06,0.4145346595518178,1.612231636880698e-06,0.42268560070552996,1.6469069921452808e-06,0.41701862739090984,1.6465192376679933e-06,0.4143902826167684,1.6859559285493682e-06
2026-08-26,2.2940102977234927e-06,0.31826027609338786,2.317120280460834e-06,0.31613590990929025,2.320617088858768e-06,0.31281668357432524,2.2749469972111998e-06,0.32987252047413307,2.212810267414715e-06,0.32348031252843296,2.267644110649338e-06,0.31704661436848597,2.2888361431056194e-06
2026-08-27,3.0524625010126477e-06,0.34974254877176897,3.0672136575986722e-06,0.350868368237831,3.12156959018557e-06,0.34878792383183005,2.8684687597169185e-06,0.34990690013964265,2.817693477718481e-06,0.34808045531186393,2.8496691691182486e-06,0.343325819434873,2.9402603603728023e-06
2026-08-28,3.068518280608042e-06,0.30094523961920483,2.891266350572397e-06,0.3002074864600012,2.924044878839202e-06,0.29615003953624824,2.832750547350057e-06,0.3061695360753941,2.7567414735849912e-06,0.30800653924476085,2.837510991374291e-06,0.30571103739538924,2.844917638235205e-06
2026-08-31,2.2654423554938418e-06,1.8691449224479015,2.1728757425003287e-06,1.8866270337633226,2.1847166902450723e-06,1.7789473945204943,2.223587845958734e-06,1.7762318409276494,2.1979750311335925e-06,1.709265055165455,2.18069611766864e-06,1.84220825422939,2.8254231034684636e-06
2026-09-01,2.151641631247753e-06,0.2949226814914152,2.0838551526230393e-06,0.29451214318334756,2.1318935606748568e-06,0.2938566796884931,2.2919733652485543e-06,0.31004421355880835,2.2016517977405846e-06,0.2985962098223719,2.2176201889492564e-06,0.2991889783150781,2.0966353241412357e-06
2026-09-02,2.2282903224830372e-06,0.30019883390323165,2.1524665816561887e-06,0.3017237109177021,2.1820075433827403e-06,0.2990840781124416,2.291075553211687e-06,0.3143998804731889,2.244981234765889e-06,0.3179355351499468,2.2556982825121464e-06,0.30626027913160536,2.226538278135994e-06
2026-09-03,2.680025525330332e-06,0.32600464048140276,2.6413358360380318e-06,0.32711108835687036,2.6846316936463897e-06,0.32534523033772006,2.438940217183746e-06,0.3349661661671592,2.3820429396099067e-06,0.3385091271368264,2.39798759652247e-06,0.33849898759954516,2.43723087031517e-06
2026-09-04,2.0154670555837586e-06,0.3324489338319765,1.933341967139604e-06,0.3235614188641219,1.965121117680155e-06,0.32892132532566704,1.9563355939580125e-06,0.3795250145320684,1.923689925519309e-06,0.37034357347114416,1.9545842146966185e-06,0.38122297634861785,1.6986613652687137e-06
