version,window,section,N_available_origins,N_excluded_from_subset_origins,N_origins,N_sessions,N_unknown_membership_origins,N_unknown_membership_sessions,N_verified_membership_origins,N_verified_nonmember_origins,contrast,coverage_status,estimate,family,qlike_reduction_percent,status,subset,N_asset_sessions
v1,primary,secondary,92261,85051,7210,418,0,0,92261,85051,B1_over_B0,COMPLETE_COVERAGE,0.0007536573848224995,log_ols_harq,0.7634814620318964,COMPUTED,first_hour,
v1,primary,secondary,92261,85051,7210,418,0,0,92261,85051,B2_over_B1,COMPLETE_COVERAGE,0.0010682114309499085,log_ols_harq,1.090461253612912,COMPUTED,first_hour,
v1,primary,secondary,92261,85051,7210,418,0,0,92261,85051,B1_over_B0,COMPLETE_COVERAGE,0.005023873322978232,lightgbm_qlike,4.022311408480811,COMPUTED,first_hour,
v1,primary,secondary,92261,85051,7210,418,0,0,92261,85051,B2_over_B1,COMPLETE_COVERAGE,-0.0004179846064596288,lightgbm_qlike,-0.3486799795131877,COMPUTED,first_hour,
v1,primary,secondary,92261,50810,41451,392,335,2,91926,50475,B1_over_B0,PARTIAL_COVERAGE,0.0018990594445524689,log_ols_harq,1.2788338858356616,PARTIAL_COVERAGE,high_flow,
v1,primary,secondary,92261,50810,41451,392,335,2,91926,50475,B2_over_B1,PARTIAL_COVERAGE,-259.8740098185214,log_ols_harq,-177267.1029117269,PARTIAL_COVERAGE,high_flow,
v1,primary,secondary,92261,50810,41451,392,335,2,91926,50475,B1_over_B0,PARTIAL_COVERAGE,0.0009191674975945238,lightgbm_qlike,0.6087720001283597,PARTIAL_COVERAGE,high_flow,
v1,primary,secondary,92261,50810,41451,392,335,2,91926,50475,B2_over_B1,PARTIAL_COVERAGE,0.0006193142852233345,lightgbm_qlike,0.41268915046099564,PARTIAL_COVERAGE,high_flow,
v1,primary,secondary,92261,82755,9506,56,0,0,92261,82755,B1_over_B0,COMPLETE_COVERAGE,0.003365059143005711,log_ols_harq,1.8332000699179005,COMPUTED,event,
v1,primary,secondary,92261,82755,9506,56,0,0,92261,82755,B2_over_B1,COMPLETE_COVERAGE,0.0004337262032306296,log_ols_harq,0.24069562148095391,COMPUTED,event,
v1,primary,secondary,92261,82755,9506,56,0,0,92261,82755,B1_over_B0,COMPLETE_COVERAGE,0.0007760989158081073,lightgbm_qlike,0.4532226210012486,COMPUTED,event,
v1,primary,secondary,92261,82755,9506,56,0,0,92261,82755,B2_over_B1,COMPLETE_COVERAGE,-0.0011638526897038526,lightgbm_qlike,-0.6827556624437053,COMPUTED,event,
v1,primary,robustness,,,13759,418,,,,,B1_over_B0,,0.001958235330975473,log_ols_harq,1.3183762727032187,,asset_AAPL,418
v1,primary,robustness,,,13759,418,,,,,B2_over_B1,,0.0007984838341469299,log_ols_harq,0.5447589039889084,,asset_AAPL,418
v1,primary,robustness,,,13759,418,,,,,B1_over_B0,,0.0006087504851172788,lightgbm_qlike,0.40553512690574034,,asset_AAPL,418
v1,primary,robustness,,,13759,418,,,,,B2_over_B1,,-0.0004375077565266856,lightgbm_qlike,-0.29264405934340376,,asset_AAPL,418
v1,primary,robustness,,,14426,418,,,,,B1_over_B0,,0.002331474070457538,log_ols_harq,1.605100075789573,,asset_AMZN,418
v1,primary,robustness,,,14426,418,,,,,B2_over_B1,,0.00060134079797883,log_ols_harq,0.42074562294298107,,asset_AMZN,418
v1,primary,robustness,,,14426,418,,,,,B1_over_B0,,0.0019563690901457406,lightgbm_qlike,1.3038634430151257,,asset_AMZN,418
v1,primary,robustness,,,14426,418,,,,,B2_over_B1,,0.0004950825492358704,lightgbm_qlike,0.33431724737667445,,asset_AMZN,418
v1,primary,robustness,,,11715,415,,,,,B1_over_B0,,0.000714336826709987,log_ols_harq,0.44905793915649195,,asset_META,415
v1,primary,robustness,,,11715,415,,,,,B2_over_B1,,0.0008815688620033821,log_ols_harq,0.5566858809901102,,asset_META,415
v1,primary,robustness,,,11715,415,,,,,B1_over_B0,,0.0019152984797980502,lightgbm_qlike,1.1863309108722178,,asset_META,415
v1,primary,robustness,,,11715,415,,,,,B2_over_B1,,-0.00142614023175073,lightgbm_qlike,-0.8939527990959432,,asset_META,415
v1,primary,robustness,,,10123,417,,,,,B1_over_B0,,-0.003990247820775018,log_ols_harq,-2.731738782884304,,asset_MSFT,417
v1,primary,robustness,,,10123,417,,,,,B2_over_B1,,-224.11478011867575,log_ols_harq,-149349.97672568567,,asset_MSFT,417
v1,primary,robustness,,,10123,417,,,,,B1_over_B0,,-0.0007697747246922004,lightgbm_qlike,-0.5108619263878647,,asset_MSFT,417
v1,primary,robustness,,,10123,417,,,,,B2_over_B1,,0.0009622610871459124,lightgbm_qlike,0.635359921533683,,asset_MSFT,417
v1,primary,robustness,,,21560,418,,,,,B1_over_B0,,0.0007021128639160822,log_ols_harq,0.4792096206880957,,asset_NVDA,418
v1,primary,robustness,,,21560,418,,,,,B2_over_B1,,0.00042365826288316894,log_ols_harq,0.29054972116752703,,asset_NVDA,418
v1,primary,robustness,,,21560,418,,,,,B1_over_B0,,0.002870965796315805,lightgbm_qlike,1.8841784765185672,,asset_NVDA,418
v1,primary,robustness,,,21560,418,,,,,B2_over_B1,,0.0005755406134914044,lightgbm_qlike,0.3849736021940641,,asset_NVDA,418
v1,primary,robustness,,,20678,418,,,,,B1_over_B0,,0.0007503384041245935,log_ols_harq,0.5739235345970604,,asset_TSLA,418
v1,primary,robustness,,,20678,418,,,,,B2_over_B1,,-1238.6747801556678,log_ols_harq,-952914.3177201764,,asset_TSLA,418
v1,primary,robustness,,,20678,418,,,,,B1_over_B0,,0.004251555843825651,lightgbm_qlike,3.0232139017941995,,asset_TSLA,418
v1,primary,robustness,,,20678,418,,,,,B2_over_B1,,-0.0008386312330769245,lightgbm_qlike,-0.6149279507063844,,asset_TSLA,418
v1,primary,robustness,,,6216,30,,,,,B1_over_B0,,0.00017386524616996626,log_ols_harq,0.12515861376047258,,last30sessions,180
v1,primary,robustness,,,6216,30,,,,,B2_over_B1,,-0.0012632342083893314,log_ols_harq,-0.9104911730142893,,last30sessions,180
v1,primary,robustness,,,6216,30,,,,,B1_over_B0,,-0.00298031332636749,lightgbm_qlike,-2.0930150924546287,,last30sessions,180
v1,primary,robustness,,,6216,30,,,,,B2_over_B1,,-0.000500839228323114,lightgbm_qlike,-0.34451865498850615,,last30sessions,180
v1,primary,robustness,,,30176,139,,,,,B1_over_B0,,-0.0005637846261130763,log_ols_harq,-0.3930539151865744,,chronological_block_1,832
v1,primary,robustness,,,30176,139,,,,,B2_over_B1,,-732.880490992311,log_ols_harq,-508942.1185879461,,chronological_block_1,832
v1,primary,robustness,,,30176,139,,,,,B1_over_B0,,0.0037670773636423755,lightgbm_qlike,2.477970454317615,,chronological_block_1,832
v1,primary,robustness,,,30176,139,,,,,B2_over_B1,,-0.0013878857564930166,lightgbm_qlike,-0.9361438151709448,,chronological_block_1,832
v1,primary,robustness,,,62085,279,,,,,B1_over_B0,,0.0009157408100347092,log_ols_harq,0.6219952857644936,,leave_block_1_out,1672
v1,primary,robustness,,,62085,279,,,,,B2_over_B1,,0.0009257940129820685,log_ols_harq,0.6327594198459622,,leave_block_1_out,1672
v1,primary,robustness,,,62085,279,,,,,B1_over_B0,,0.0008427867125017639,lightgbm_qlike,0.5610541461760697,,leave_block_1_out,1672
v1,primary,robustness,,,62085,279,,,,,B2_over_B1,,0.0005290308111085419,lightgbm_qlike,0.35416982016869575,,leave_block_1_out,1672
v1,primary,robustness,,,31949,139,,,,,B1_over_B0,,0.0017263700809116858,log_ols_harq,1.2149233250799676,,chronological_block_2,833
v1,primary,robustness,,,31949,139,,,,,B2_over_B1,,0.0002345602455953001,log_ols_harq,0.16710061015336625,,chronological_block_2,833
v1,primary,robustness,,,31949,139,,,,,B1_over_B0,,0.0017098208402227014,lightgbm_qlike,1.189315969534621,,chronological_block_2,833
v1,primary,robustness,,,31949,139,,,,,B2_over_B1,,0.0009411047583475674,lightgbm_qlike,0.6624921059473065,,chronological_block_2,833
v1,primary,robustness,,,60312,279,,,,,B1_over_B0,,-0.00022523232357260975,log_ols_harq,-0.15229319023478724,,leave_block_2_out,1671
v1,primary,robustness,,,60312,279,,,,,B2_over_B1,,-365.1260306640707,log_ols_harq,-246508.3673217059,,leave_block_2_out,1671
v1,primary,robustness,,,60312,279,,,,,B1_over_B0,,0.001867728134563896,lightgbm_qlike,1.2102259526988448,,leave_block_2_out,1671
v1,primary,robustness,,,60312,279,,,,,B2_over_B1,,-0.0006312906281847957,lightgbm_qlike,-0.41406655306697243,,leave_block_2_out,1671
v1,primary,robustness,,,30136,140,,,,,B1_over_B0,,0.00011090174823542501,log_ols_harq,0.07280888541372159,,chronological_block_3,839
v1,primary,robustness,,,30136,140,,,,,B2_over_B1,,0.0016120903963160742,log_ols_harq,1.0591359301976968,,chronological_block_3,839
v1,primary,robustness,,,30136,140,,,,,B1_over_B0,,-1.8054314306881598e-05,lightgbm_qlike,-0.011527567720360817,,chronological_block_3,839
v1,primary,robustness,,,30136,140,,,,,B2_over_B1,,0.00011990024920693779,lightgbm_qlike,0.07654674157476143,,chronological_block_3,839
v1,primary,robustness,,,62125,278,,,,,B1_over_B0,,0.0005812927273993046,log_ols_harq,0.40716181441076865,,leave_block_3_out,1665
v1,primary,robustness,,,62125,278,,,,,B2_over_B1,,-366.4401282160327,log_ols_harq,-257719.374682604,,leave_block_3_out,1665
v1,primary,robustness,,,62125,278,,,,,B1_over_B0,,0.002738449101932539,lightgbm_qlike,1.851631161831196,,leave_block_3_out,1665
v1,primary,robustness,,,62125,278,,,,,B2_over_B1,,-0.00022339049907272457,lightgbm_qlike,-0.15389744856607138,,leave_block_3_out,1665
v2,primary,secondary,160832,148381,12451,419,0,0,160832,148381,B1_over_B0,COMPLETE_COVERAGE,0.0017968557488178562,log_ridge_harq,1.7481245758858523,COMPUTED,first_hour,
v2,primary,secondary,160832,148381,12451,419,0,0,160832,148381,B2_over_B1,COMPLETE_COVERAGE,-0.011161763733302328,log_ridge_harq,-11.052261231214995,COMPUTED,first_hour,
v2,primary,secondary,160832,148381,12451,419,0,0,160832,148381,B1_over_B0,COMPLETE_COVERAGE,0.002221289874084466,lightgbm_qlike,1.894983382221435,COMPUTED,first_hour,
v2,primary,secondary,160832,148381,12451,419,0,0,160832,148381,B2_over_B1,COMPLETE_COVERAGE,-0.0015477782327577069,lightgbm_qlike,-1.3459151694357596,COMPUTED,first_hour,
v2,primary,secondary,160832,85802,75030,393,780,2,160052,85022,B1_over_B0,PARTIAL_COVERAGE,0.0025151784162660146,log_ridge_harq,1.7427319549725533,PARTIAL_COVERAGE,high_flow,
v2,primary,secondary,160832,85802,75030,393,780,2,160052,85022,B2_over_B1,PARTIAL_COVERAGE,-0.0033160580085356346,log_ridge_harq,-2.338402310076343,PARTIAL_COVERAGE,high_flow,
v2,primary,secondary,160832,85802,75030,393,780,2,160052,85022,B1_over_B0,PARTIAL_COVERAGE,0.004060090308364904,lightgbm_qlike,2.767145953529551,PARTIAL_COVERAGE,high_flow,
v2,primary,secondary,160832,85802,75030,393,780,2,160052,85022,B2_over_B1,PARTIAL_COVERAGE,-0.0002950870440715616,lightgbm_qlike,-0.20683950100274304,PARTIAL_COVERAGE,high_flow,
v2,primary,secondary,160832,145785,15047,56,0,0,160832,145785,B1_over_B0,COMPLETE_COVERAGE,0.004387555090472119,log_ridge_harq,2.52733160452375,COMPUTED,event,
v2,primary,secondary,160832,145785,15047,56,0,0,160832,145785,B2_over_B1,COMPLETE_COVERAGE,9.767270301308454e-05,log_ridge_harq,0.05772048837065549,COMPUTED,event,
v2,primary,secondary,160832,145785,15047,56,0,0,160832,145785,B1_over_B0,COMPLETE_COVERAGE,-0.00020511883618294473,lightgbm_qlike,-0.1274491919202314,COMPUTED,event,
v2,primary,secondary,160832,145785,15047,56,0,0,160832,145785,B2_over_B1,COMPLETE_COVERAGE,-0.00011839846454055803,lightgbm_qlike,-0.073472439570441,COMPUTED,event,
v2,primary,robustness,,,26898,419,,,,,B1_over_B0,,0.0032166744221058165,log_ridge_harq,1.9908546151357158,,asset_AAPL,419
v2,primary,robustness,,,26898,419,,,,,B2_over_B1,,-0.0007504473933186203,log_ridge_harq,-0.4738993267029957,,asset_AAPL,419
v2,primary,robustness,,,26898,419,,,,,B1_over_B0,,0.0022956156880685795,lightgbm_qlike,1.42335255562509,,asset_AAPL,419
v2,primary,robustness,,,26898,419,,,,,B2_over_B1,,-0.00031805638806366567,lightgbm_qlike,-0.2000522223439057,,asset_AAPL,419
v2,primary,robustness,,,26743,419,,,,,B1_over_B0,,0.0037183463990252746,log_ridge_harq,2.640680248309883,,asset_AMZN,419
v2,primary,robustness,,,26743,419,,,,,B2_over_B1,,-0.004927425618529339,log_ridge_harq,-3.5942519531939334,,asset_AMZN,419
v2,primary,robustness,,,26743,419,,,,,B1_over_B0,,0.0028413229073772023,lightgbm_qlike,1.9814269037301588,,asset_AMZN,419
v2,primary,robustness,,,26743,419,,,,,B2_over_B1,,0.0004482614082631715,lightgbm_qlike,0.31891903256251064,,asset_AMZN,419
v2,primary,robustness,,,26853,419,,,,,B1_over_B0,,0.002997127214921797,log_ridge_harq,1.9576125828370143,,asset_META,419
v2,primary,robustness,,,26853,419,,,,,B2_over_B1,,-0.0025465951416333674,log_ridge_harq,-1.6965536530819845,,asset_META,419
v2,primary,robustness,,,26853,419,,,,,B1_over_B0,,0.003308892887618448,lightgbm_qlike,2.1066792610542033,,asset_META,419
v2,primary,robustness,,,26853,419,,,,,B2_over_B1,,-0.0005557708319436314,lightgbm_qlike,-0.36145846548137456,,asset_META,419
v2,primary,robustness,,,26729,419,,,,,B1_over_B0,,0.0018535221956532595,log_ridge_harq,1.2689649968821992,,asset_MSFT,419
v2,primary,robustness,,,26729,419,,,,,B2_over_B1,,-0.004626836608761916,log_ridge_harq,-3.20835432576327,,asset_MSFT,419
v2,primary,robustness,,,26729,419,,,,,B1_over_B0,,0.0027085582588842884,lightgbm_qlike,1.893469364471134,,asset_MSFT,419
v2,primary,robustness,,,26729,419,,,,,B2_over_B1,,-0.0005427744560496389,lightgbm_qlike,-0.38676002917941343,,asset_MSFT,419
v2,primary,robustness,,,26764,419,,,,,B1_over_B0,,0.001260248895838893,log_ridge_harq,0.8453076856679068,,asset_NVDA,419
v2,primary,robustness,,,26764,419,,,,,B2_over_B1,,-0.05387605956444686,log_ridge_harq,-36.44525936290602,,asset_NVDA,419
v2,primary,robustness,,,26764,419,,,,,B1_over_B0,,0.002976641955675786,lightgbm_qlike,1.9750344016313737,,asset_NVDA,419
v2,primary,robustness,,,26764,419,,,,,B2_over_B1,,0.0013968698645150585,lightgbm_qlike,0.9455125886333423,,asset_NVDA,419
v2,primary,robustness,,,26845,419,,,,,B1_over_B0,,0.002121064091526456,log_ridge_harq,1.587756324699963,,asset_TSLA,419
v2,primary,robustness,,,26845,419,,,,,B2_over_B1,,-0.008998158267203394,log_ridge_harq,-6.844386942417589,,asset_TSLA,419
v2,primary,robustness,,,26845,419,,,,,B1_over_B0,,0.00460388372009813,lightgbm_qlike,3.2792585074627087,,asset_TSLA,419
v2,primary,robustness,,,26845,419,,,,,B2_over_B1,,-0.0009782099502636604,lightgbm_qlike,-0.7203835159035538,,asset_TSLA,419
v2,primary,robustness,,,11700,30,,,,,B1_over_B0,,-0.0007656987420133006,log_ridge_harq,-0.6147070379069257,,last30sessions,180
v2,primary,robustness,,,11700,30,,,,,B2_over_B1,,-0.0002749610572712326,log_ridge_harq,-0.2193915891665734,,last30sessions,180
v2,primary,robustness,,,11700,30,,,,,B1_over_B0,,0.0004087727376816813,lightgbm_qlike,0.33377554408782206,,last30sessions,180
v2,primary,robustness,,,11700,30,,,,,B2_over_B1,,-0.00021383163056062497,lightgbm_qlike,-0.1751848436307269,,last30sessions,180
v2,primary,robustness,,,53528,139,,,,,B1_over_B0,,0.005708163027259269,log_ridge_harq,3.736079974243508,,chronological_block_1,834
v2,primary,robustness,,,53528,139,,,,,B2_over_B1,,-0.009757583996563377,log_ridge_harq,-6.6343526308791825,,chronological_block_1,834
v2,primary,robustness,,,53528,139,,,,,B1_over_B0,,0.003400466174187337,lightgbm_qlike,2.1355737386306437,,chronological_block_1,834
v2,primary,robustness,,,53528,139,,,,,B2_over_B1,,-0.0012270462337918343,lightgbm_qlike,-0.7874304137425381,,chronological_block_1,834
v2,primary,robustness,,,107304,280,,,,,B1_over_B0,,0.0009490226214623375,log_ridge_harq,0.6559305638414158,,leave_block_1_out,1680
v2,primary,robustness,,,107304,280,,,,,B2_over_B1,,-0.014042362448635427,log_ridge_harq,-9.769661929021769,,leave_block_1_out,1680
v2,primary,robustness,,,107304,280,,,,,B1_over_B0,,0.002984488554019915,lightgbm_qlike,2.0668773346550346,,leave_block_1_out,1680
v2,primary,robustness,,,107304,280,,,,,B2_over_B1,,0.00047204791121912973,lightgbm_qlike,0.33381147587928206,,leave_block_1_out,1680
v2,primary,robustness,,,52674,139,,,,,B1_over_B0,,0.00201191438395283,log_ridge_harq,1.4029428429364126,,chronological_block_2,834
v2,primary,robustness,,,52674,139,,,,,B2_over_B1,,-0.02955332233190638,log_ridge_harq,-20.901277928046657,,chronological_block_2,834
v2,primary,robustness,,,52674,139,,,,,B1_over_B0,,0.0038847409294348245,lightgbm_qlike,2.756916838243209,,chronological_block_2,834
v2,primary,robustness,,,52674,139,,,,,B2_over_B1,,0.00023241637694706402,lightgbm_qlike,0.16961709131925776,,chronological_block_2,834
v2,primary,robustness,,,108158,280,,,,,B1_over_B0,,0.002783946055103748,log_ridge_harq,1.8641794656415978,,leave_block_2_out,1680
v2,primary,robustness,,,108158,280,,,,,B2_over_B1,,-0.004215192346447294,log_ridge_harq,-2.876184510827571,,leave_block_2_out,1680
v2,primary,robustness,,,108158,280,,,,,B1_over_B0,,0.0027440807290934842,lightgbm_qlike,1.787780074189266,,leave_block_2_out,1680
v2,primary,robustness,,,108158,280,,,,,B2_over_B1,,-0.0002524710276833947,lightgbm_qlike,-0.1674801066611185,,leave_block_2_out,1680
v2,primary,robustness,,,54630,141,,,,,B1_over_B0,,-9.879266212758098e-05,log_ridge_harq,-0.06769311720039535,,chronological_block_3,846
v2,primary,robustness,,,54630,141,,,,,B2_over_B1,,0.001248583819269979,log_ridge_harq,0.8549557539550524,,chronological_block_3,846
v2,primary,robustness,,,54630,141,,,,,B1_over_B0,,0.0020970057158449344,lightgbm_qlike,1.418489817209997,,chronological_block_3,846
v2,primary,robustness,,,54630,141,,,,,B2_over_B1,,0.0007082804166362726,lightgbm_qlike,0.48600011886474276,,chronological_block_3,846
v2,primary,robustness,,,106202,278,,,,,B1_over_B0,,0.00386003870560605,log_ridge_harq,2.606447607403135,,leave_block_3_out,1668
v2,primary,robustness,,,106202,278,,,,,B2_over_B1,,-0.019655453164234882,log_ridge_harq,-13.627311843704703,,leave_block_3_out,1668
v2,primary,robustness,,,106202,278,,,,,B1_over_B0,,0.003642603551811081,lightgbm_qlike,2.427281602343815,,leave_block_3_out,1668
v2,primary,robustness,,,106202,278,,,,,B2_over_B1,,-0.000497314928422385,lightgbm_qlike,-0.3396341476739854,,leave_block_3_out,1668
v1,confirmation,secondary,5360,4952,408,25,0,0,5360,4952,B1_over_B0,COMPLETE_COVERAGE,0.001716061639907534,log_ols_harq,1.6687368586180122,COMPUTED,first_hour,
v1,confirmation,secondary,5360,4952,408,25,0,0,5360,4952,B2_over_B1,COMPLETE_COVERAGE,0.00024894854537737106,log_ols_harq,0.2461914409231313,COMPUTED,first_hour,
v1,confirmation,secondary,5360,4952,408,25,0,0,5360,4952,B1_over_B0,COMPLETE_COVERAGE,0.00011298082657884247,lightgbm_qlike,0.10966923049569148,COMPUTED,first_hour,
v1,confirmation,secondary,5360,4952,408,25,0,0,5360,4952,B2_over_B1,COMPLETE_COVERAGE,-8.136492050807825e-05,lightgbm_qlike,-0.07906673434548724,COMPUTED,first_hour,
v1,confirmation,secondary,5360,3279,2081,24,0,0,5360,3279,B1_over_B0,COMPLETE_COVERAGE,0.007979826116362556,log_ols_harq,3.337884701062194,COMPUTED,high_flow,
v1,confirmation,secondary,5360,3279,2081,24,0,0,5360,3279,B2_over_B1,COMPLETE_COVERAGE,0.011480408798017214,log_ols_harq,4.967969959255371,COMPUTED,high_flow,
v1,confirmation,secondary,5360,3279,2081,24,0,0,5360,3279,B1_over_B0,COMPLETE_COVERAGE,0.010888072978679572,lightgbm_qlike,4.786155046315451,COMPUTED,high_flow,
v1,confirmation,secondary,5360,3279,2081,24,0,0,5360,3279,B2_over_B1,COMPLETE_COVERAGE,-0.004716675346842342,lightgbm_qlike,-2.177567475981001,COMPUTED,high_flow,
v1,confirmation,secondary,5360,5040,320,2,0,0,5360,5040,B1_over_B0,COMPLETE_COVERAGE,-0.004562892901432289,log_ols_harq,-5.440638667760238,COMPUTED,event,
v1,confirmation,secondary,5360,5040,320,2,0,0,5360,5040,B2_over_B1,COMPLETE_COVERAGE,0.0007710046797242548,log_ols_harq,0.871883772725056,COMPUTED,event,
v1,confirmation,secondary,5360,5040,320,2,0,0,5360,5040,B1_over_B0,COMPLETE_COVERAGE,0.00013542991486649794,lightgbm_qlike,0.17440118235013402,COMPUTED,event,
v1,confirmation,secondary,5360,5040,320,2,0,0,5360,5040,B2_over_B1,COMPLETE_COVERAGE,-0.001997160734977143,lightgbm_qlike,-2.5763562428951734,COMPUTED,event,
v1,confirmation,robustness,,,740,25,,,,,B1_over_B0,,0.002410617151956706,log_ols_harq,1.639233091719533,,asset_AAPL,25
v1,confirmation,robustness,,,740,25,,,,,B2_over_B1,,0.001559873994967751,log_ols_harq,1.0784005038056608,,asset_AAPL,25
v1,confirmation,robustness,,,740,25,,,,,B1_over_B0,,0.003632393658577931,lightgbm_qlike,2.2958697279634537,,asset_AAPL,25
v1,confirmation,robustness,,,740,25,,,,,B2_over_B1,,0.0003826577056840895,lightgbm_qlike,0.2475436971681323,,asset_AAPL,25
v1,confirmation,robustness,,,875,25,,,,,B1_over_B0,,0.03414506480951818,log_ols_harq,5.272274290126845,,asset_AMZN,25
v1,confirmation,robustness,,,875,25,,,,,B2_over_B1,,0.044714974192446535,log_ols_harq,7.288630412209657,,asset_AMZN,25
v1,confirmation,robustness,,,875,25,,,,,B1_over_B0,,0.04019506390239993,lightgbm_qlike,7.0634674294525155,,asset_AMZN,25
v1,confirmation,robustness,,,875,25,,,,,B2_over_B1,,-0.021901078797089423,lightgbm_qlike,-4.1411815087127035,,asset_AMZN,25
v1,confirmation,robustness,,,638,25,,,,,B1_over_B0,,0.0005071369640257653,log_ols_harq,0.4033549627741485,,asset_META,25
v1,confirmation,robustness,,,638,25,,,,,B2_over_B1,,0.0040608440413727,log_ols_harq,3.2429013658416035,,asset_META,25
v1,confirmation,robustness,,,638,25,,,,,B1_over_B0,,0.006552617246876906,lightgbm_qlike,5.226644455951928,,asset_META,25
v1,confirmation,robustness,,,638,25,,,,,B2_over_B1,,-0.00017970652572511987,lightgbm_qlike,-0.15124664438951324,,asset_META,25
v1,confirmation,robustness,,,772,25,,,,,B1_over_B0,,-0.00040026436073398647,log_ols_harq,-0.3615776600190024,,asset_MSFT,25
v1,confirmation,robustness,,,772,25,,,,,B2_over_B1,,0.00436241953662429,log_ols_harq,3.9265815104674306,,asset_MSFT,25
v1,confirmation,robustness,,,772,25,,,,,B1_over_B0,,0.00018821426398374448,lightgbm_qlike,0.16182839457806358,,asset_MSFT,25
v1,confirmation,robustness,,,772,25,,,,,B2_over_B1,,0.0005416423103245988,lightgbm_qlike,0.46646402452373886,,asset_MSFT,25
v1,confirmation,robustness,,,1249,25,,,,,B1_over_B0,,0.0021881836988147494,log_ols_harq,1.9460469661403734,,asset_NVDA,25
v1,confirmation,robustness,,,1249,25,,,,,B2_over_B1,,-0.0005765817238048213,log_ols_harq,-0.5229561856956426,,asset_NVDA,25
v1,confirmation,robustness,,,1249,25,,,,,B1_over_B0,,0.003527775997268927,lightgbm_qlike,3.0004112859316323,,asset_NVDA,25
v1,confirmation,robustness,,,1249,25,,,,,B2_over_B1,,-0.0008461446056797939,lightgbm_qlike,-0.7419155721616199,,asset_NVDA,25
v1,confirmation,robustness,,,1086,25,,,,,B1_over_B0,,-0.0045090741703480075,log_ols_harq,-3.1057800720639848,,asset_TSLA,25
v1,confirmation,robustness,,,1086,25,,,,,B2_over_B1,,-0.0016407636039563183,log_ols_harq,-1.0960902669269392,,asset_TSLA,25
v1,confirmation,robustness,,,1086,25,,,,,B1_over_B0,,0.0009856675384834566,lightgbm_qlike,0.6779677435096364,,asset_TSLA,25
v1,confirmation,robustness,,,1086,25,,,,,B2_over_B1,,0.0006706414291977816,lightgbm_qlike,0.46443330825849566,,asset_TSLA,25
v1,confirmation,robustness,,,5360,25,,,,,B1_over_B0,,0.005723610682205567,log_ols_harq,2.6647328437617013,,last30sessions,150
v1,confirmation,robustness,,,5360,25,,,,,B2_over_B1,,0.008746794406275018,log_ols_harq,4.1837168340074795,,last30sessions,150
v1,confirmation,robustness,,,5360,25,,,,,B1_over_B0,,0.009180288767931831,lightgbm_qlike,4.471259814457613,,last30sessions,150
v1,confirmation,robustness,,,5360,25,,,,,B2_over_B1,,-0.0035553314138813295,lightgbm_qlike,-1.812673576160563,,last30sessions,150
v1,confirmation,robustness,,,1623,8,,,,,B1_over_B0,,0.0018960934457427324,log_ols_harq,1.3943472174736191,,chronological_block_1,48
v1,confirmation,robustness,,,1623,8,,,,,B2_over_B1,,0.0033928287021788104,log_ols_harq,2.5302959378674426,,chronological_block_1,48
v1,confirmation,robustness,,,1623,8,,,,,B1_over_B0,,0.005035718027014923,lightgbm_qlike,3.83379206687098,,chronological_block_1,48
v1,confirmation,robustness,,,1623,8,,,,,B2_over_B1,,0.00018334760222160282,lightgbm_qlike,0.14515095382366489,,chronological_block_1,48
v1,confirmation,robustness,,,3737,17,,,,,B1_over_B0,,0.007524795264070428,log_ols_harq,2.987491109344285,,leave_block_1_out,102
v1,confirmation,robustness,,,3737,17,,,,,B2_over_B1,,0.01126630767879088,log_ols_harq,4.610688739842313,,leave_block_1_out,102
v1,confirmation,robustness,,,3737,17,,,,,B1_over_B0,,0.011130674998951554,lightgbm_qlike,4.63535413465389,,leave_block_1_out,102
v1,confirmation,robustness,,,3737,17,,,,,B2_over_B1,,-0.005314709774400357,lightgbm_qlike,-2.320884725614053,,leave_block_1_out,102
v1,confirmation,robustness,,,1966,8,,,,,B1_over_B0,,-0.0034264890646991362,log_ols_harq,-2.9024181157372277,,chronological_block_2,48
v1,confirmation,robustness,,,1966,8,,,,,B2_over_B1,,-0.00016663991541572467,log_ols_harq,-0.13717156135250963,,chronological_block_2,48
v1,confirmation,robustness,,,1966,8,,,,,B1_over_B0,,0.0007615018643608966,lightgbm_qlike,0.671345683124083,,chronological_block_2,48
v1,confirmation,robustness,,,1966,8,,,,,B2_over_B1,,-0.00046376900720417925,lightgbm_qlike,-0.411625622160286,,chronological_block_2,48
v1,confirmation,robustness,,,3394,17,,,,,B1_over_B0,,0.010029539974866601,log_ols_harq,3.8528707985951525,,leave_block_2_out,102
v1,confirmation,robustness,,,3394,17,,,,,B2_over_B1,,0.012941351734129485,log_ols_harq,5.170669170945327,,leave_block_2_out,102
v1,confirmation,robustness,,,3394,17,,,,,B1_over_B0,,0.01314207084020051,lightgbm_qlike,5.287296048776711,,leave_block_2_out,102
v1,confirmation,robustness,,,3394,17,,,,,B2_over_B1,,-0.005010184311141165,lightgbm_qlike,-2.12821397991892,,leave_block_2_out,102
v1,confirmation,robustness,,,1771,9,,,,,B1_over_B0,,0.017259270222976703,log_ols_harq,4.654249711663572,,chronological_block_3,54
v1,confirmation,robustness,,,1771,9,,,,,B2_over_B1,,0.021428927762530085,log_ols_harq,6.060749751024508,,chronological_block_3,54
v1,confirmation,robustness,,,1771,9,,,,,B1_over_B0,,0.020347717785254363,lightgbm_qlike,5.768396727144036,,chronological_block_3,54
v1,confirmation,robustness,,,1771,9,,,,,B2_over_B1,,-0.009626657123019182,lightgbm_qlike,-2.896131915171907,,chronological_block_3,54
v1,confirmation,robustness,,,3589,16,,,,,B1_over_B0,,-0.0007651978094782019,log_ols_harq,-0.6024215104797618,,leave_block_3_out,96
v1,confirmation,robustness,,,3589,16,,,,,B2_over_B1,,0.0016130943933815429,log_ols_harq,1.2623451039253915,,leave_block_3_out,96
v1,confirmation,robustness,,,3589,16,,,,,B1_over_B0,,0.00289860994568791,lightgbm_qlike,2.368338749163433,,leave_block_3_out,96
v1,confirmation,robustness,,,3589,16,,,,,B2_over_B1,,-0.00014021070249128822,lightgbm_qlike,-0.11733957983643958,,leave_block_3_out,96
v2,confirmation,secondary,9750,9000,750,25,0,0,9750,9000,B1_over_B0,COMPLETE_COVERAGE,0.002007279358749422,log_ridge_harq,1.9797665474963366,COMPUTED,first_hour,
v2,confirmation,secondary,9750,9000,750,25,0,0,9750,9000,B2_over_B1,COMPLETE_COVERAGE,2.284324703376972e-05,log_ridge_harq,0.0229851989296784,COMPUTED,first_hour,
v2,confirmation,secondary,9750,9000,750,25,0,0,9750,9000,B1_over_B0,COMPLETE_COVERAGE,0.0013680484458874398,lightgbm_qlike,1.4050360296688926,COMPUTED,first_hour,
v2,confirmation,secondary,9750,9000,750,25,0,0,9750,9000,B2_over_B1,COMPLETE_COVERAGE,-0.0008267331715302553,lightgbm_qlike,-0.8611853135198972,COMPUTED,first_hour,
v2,confirmation,secondary,9750,5655,4095,24,0,0,9750,5655,B1_over_B0,COMPLETE_COVERAGE,0.0024484524630908077,log_ridge_harq,1.3237837724806758,COMPUTED,high_flow,
v2,confirmation,secondary,9750,5655,4095,24,0,0,9750,5655,B2_over_B1,COMPLETE_COVERAGE,0.005472778477619585,log_ridge_harq,2.9986153371936655,COMPUTED,high_flow,
v2,confirmation,secondary,9750,5655,4095,24,0,0,9750,5655,B1_over_B0,COMPLETE_COVERAGE,0.0038194384688241896,lightgbm_qlike,2.1604723739710385,COMPUTED,high_flow,
v2,confirmation,secondary,9750,5655,4095,24,0,0,9750,5655,B2_over_B1,COMPLETE_COVERAGE,-0.0020801866620171246,lightgbm_qlike,-1.2026441956166867,COMPUTED,high_flow,
v2,confirmation,secondary,9750,9295,455,2,0,0,9750,9295,B1_over_B0,COMPLETE_COVERAGE,-0.006231703183893676,log_ridge_harq,-7.403629343341125,COMPUTED,event,
v2,confirmation,secondary,9750,9295,455,2,0,0,9750,9295,B2_over_B1,COMPLETE_COVERAGE,-0.0011478894481676619,log_ridge_harq,-1.2697523196611622,COMPUTED,event,
v2,confirmation,secondary,9750,9295,455,2,0,0,9750,9295,B1_over_B0,COMPLETE_COVERAGE,0.0032313511360962353,lightgbm_qlike,4.19850851439564,COMPUTED,event,
v2,confirmation,secondary,9750,9295,455,2,0,0,9750,9295,B2_over_B1,COMPLETE_COVERAGE,-0.0001110922098069532,lightgbm_qlike,-0.15066841517956486,COMPUTED,event,
v2,confirmation,robustness,,,1625,25,,,,,B1_over_B0,,0.004187013592475046,log_ridge_harq,3.169610247616806,,asset_AAPL,25
v2,confirmation,robustness,,,1625,25,,,,,B2_over_B1,,-0.0002464781742284017,log_ridge_harq,-0.19269403899072593,,asset_AAPL,25
v2,confirmation,robustness,,,1625,25,,,,,B1_over_B0,,0.00761768202934744,lightgbm_qlike,5.731914170318443,,asset_AAPL,25
v2,confirmation,robustness,,,1625,25,,,,,B2_over_B1,,0.00024585903620945803,lightgbm_qlike,0.19624487514483913,,asset_AAPL,25
v2,confirmation,robustness,,,1625,25,,,,,B1_over_B0,,0.0013179256082567453,log_ridge_harq,0.33586994649443613,,asset_AMZN,25
v2,confirmation,robustness,,,1625,25,,,,,B2_over_B1,,0.019826299478246965,log_ridge_harq,5.069708981434724,,asset_AMZN,25
v2,confirmation,robustness,,,1625,25,,,,,B1_over_B0,,-0.001219489623810589,lightgbm_qlike,-0.3291125896720553,,asset_AMZN,25
v2,confirmation,robustness,,,1625,25,,,,,B2_over_B1,,-0.014486581730449455,lightgbm_qlike,-3.896775055053979,,asset_AMZN,25
v2,confirmation,robustness,,,1625,25,,,,,B1_over_B0,,0.002338469838191482,log_ridge_harq,1.7581798599107346,,asset_META,25
v2,confirmation,robustness,,,1625,25,,,,,B2_over_B1,,0.0007421296115806245,log_ridge_harq,0.5679562573908289,,asset_META,25
v2,confirmation,robustness,,,1625,25,,,,,B1_over_B0,,0.007545551760608886,lightgbm_qlike,5.828674370867742,,asset_META,25
v2,confirmation,robustness,,,1625,25,,,,,B2_over_B1,,-0.00044679332046520495,lightgbm_qlike,-0.3664939237144837,,asset_META,25
v2,confirmation,robustness,,,1625,25,,,,,B1_over_B0,,0.0020235146430957755,log_ridge_harq,1.5465257176878657,,asset_MSFT,25
v2,confirmation,robustness,,,1625,25,,,,,B2_over_B1,,0.004179512840294723,log_ridge_harq,3.2444823232909314,,asset_MSFT,25
v2,confirmation,robustness,,,1625,25,,,,,B1_over_B0,,0.0023063124324923263,lightgbm_qlike,1.810969284938434,,asset_MSFT,25
v2,confirmation,robustness,,,1625,25,,,,,B2_over_B1,,0.0013784263296813361,lightgbm_qlike,1.1023348344522639,,asset_MSFT,25
v2,confirmation,robustness,,,1625,25,,,,,B1_over_B0,,0.0010360176531188773,log_ridge_harq,0.9721688707173493,,asset_NVDA,25
v2,confirmation,robustness,,,1625,25,,,,,B2_over_B1,,-0.0007368698093922285,log_ridge_harq,-0.69824534793507,,asset_NVDA,25
v2,confirmation,robustness,,,1625,25,,,,,B1_over_B0,,0.002984306548831369,lightgbm_qlike,2.8059286733429363,,asset_NVDA,25
v2,confirmation,robustness,,,1625,25,,,,,B2_over_B1,,-0.0006215216409723856,lightgbm_qlike,-0.6012425051970446,,asset_NVDA,25
v2,confirmation,robustness,,,1625,25,,,,,B1_over_B0,,-0.006842700706772484,log_ridge_harq,-3.725338700269136,,asset_TSLA,25
v2,confirmation,robustness,,,1625,25,,,,,B2_over_B1,,-0.0037412275667197898,log_ridge_harq,-1.9636653796222976,,asset_TSLA,25
v2,confirmation,robustness,,,1625,25,,,,,B1_over_B0,,-0.0017494143493658938,lightgbm_qlike,-0.9557647056564085,,asset_TSLA,25
v2,confirmation,robustness,,,1625,25,,,,,B2_over_B1,,0.0019215694774594849,lightgbm_qlike,1.0398801146768641,,asset_TSLA,25
v2,confirmation,robustness,,,9750,25,,,,,B1_over_B0,,0.0006767067713942454,log_ridge_harq,0.3764411607778736,,last30sessions,150
v2,confirmation,robustness,,,9750,25,,,,,B2_over_B1,,0.0033372277299636454,log_ridge_harq,1.863461280845708,,last30sessions,150
v2,confirmation,robustness,,,9750,25,,,,,B1_over_B0,,0.002914158133017256,lightgbm_qlike,1.6658017731596966,,last30sessions,150
v2,confirmation,robustness,,,9750,25,,,,,B2_over_B1,,-0.002001506974756125,lightgbm_qlike,-1.163490207203894,,last30sessions,150
v2,confirmation,robustness,,,3120,8,,,,,B1_over_B0,,0.004341923929227887,log_ridge_harq,3.3453828654799898,,chronological_block_1,48
v2,confirmation,robustness,,,3120,8,,,,,B2_over_B1,,0.001374081830199313,log_ridge_harq,1.0953517587063109,,chronological_block_1,48
v2,confirmation,robustness,,,3120,8,,,,,B1_over_B0,,0.007082719816180798,lightgbm_qlike,5.8458436932943885,,chronological_block_1,48
v2,confirmation,robustness,,,3120,8,,,,,B2_over_B1,,0.0006575001185755453,lightgbm_qlike,0.5763727984439218,,chronological_block_1,48
v2,confirmation,robustness,,,6630,17,,,,,B1_over_B0,,-0.0010481013028804092,log_ridge_harq,-0.5155891078997946,,leave_block_1_out,102
v2,confirmation,robustness,,,6630,17,,,,,B2_over_B1,,0.004261061094558626,log_ridge_harq,2.0853781172190895,,leave_block_1_out,102
v2,confirmation,robustness,,,6630,17,,,,,B1_over_B0,,0.0009524820468226483,lightgbm_qlike,0.4756477147881517,,leave_block_1_out,102
v2,confirmation,robustness,,,6630,17,,,,,B2_over_B1,,-0.003252804430441617,lightgbm_qlike,-1.6321392505835814,,leave_block_1_out,102
v2,confirmation,robustness,,,3120,8,,,,,B1_over_B0,,-0.004094169392265331,log_ridge_harq,-2.842165122562021,,chronological_block_2,48
v2,confirmation,robustness,,,3120,8,,,,,B2_over_B1,,-0.0011672973219914277,log_ridge_harq,-0.7879411400220091,,chronological_block_2,48
v2,confirmation,robustness,,,3120,8,,,,,B1_over_B0,,0.0006781396691976187,lightgbm_qlike,0.4813180094993231,,chronological_block_2,48
v2,confirmation,robustness,,,3120,8,,,,,B2_over_B1,,0.00038369483621344524,lightgbm_qlike,0.27364927428483793,,chronological_block_2,48
v2,confirmation,robustness,,,6630,17,,,,,B1_over_B0,,0.0029218249660575755,log_ridge_harq,1.4864004922360392,,leave_block_2_out,102
v2,confirmation,robustness,,,6630,17,,,,,B2_over_B1,,0.005457004225001327,log_ridge_harq,2.81799194345993,,leave_block_2_out,102
v2,confirmation,robustness,,,6630,17,,,,,B1_over_B0,,0.003966402115991204,lightgbm_qlike,2.0770539995730304,,leave_block_2_out,102
v2,confirmation,robustness,,,6630,17,,,,,B2_over_B1,,-0.003123954885800629,lightgbm_qlike,-1.6705955843867377,,leave_block_2_out,102
v2,confirmation,robustness,,,3510,9,,,,,B1_over_B0,,0.0016595147765728546,log_ridge_harq,0.6484195782988297,,chronological_block_3,54
v2,confirmation,robustness,,,3510,9,,,,,B2_over_B1,,0.009086268575936451,log_ridge_harq,3.5734341655745854,,chronological_block_3,54
v2,confirmation,robustness,,,3510,9,,,,,B1_over_B0,,0.0011963419380448968,lightgbm_qlike,0.4728409893072209,,chronological_block_3,54
v2,confirmation,robustness,,,3510,9,,,,,B2_over_B1,,-0.006485248223023894,lightgbm_qlike,-2.5754005613761426,,chronological_block_3,54
v2,confirmation,robustness,,,6240,16,,,,,B1_over_B0,,0.00012387726848127768,log_ridge_harq,0.09047431947211564,,leave_block_3_out,96
v2,confirmation,robustness,,,6240,16,,,,,B2_over_B1,,0.00010339225410394264,log_ridge_harq,0.07558137894447878,,leave_block_3_out,96
v2,confirmation,robustness,,,6240,16,,,,,B1_over_B0,,0.0038804297426892082,lightgbm_qlike,2.9615899185922614,,leave_block_3_out,96
v2,confirmation,robustness,,,6240,16,,,,,B2_over_B1,,0.0005205974773944953,lightgbm_qlike,0.4094524607060774,,leave_block_3_out,96
