asset,session_date,N_origins,b2_5m_window_empty_count,b2_30m_window_empty_count,b2_5m_window_empty_unknown,b2_30m_window_empty_unknown
AAPL,2024-08-02,65,0,0,0,0
AMZN,2024-08-02,65,0,0,0,0
META,2024-08-02,65,0,0,0,0
MSFT,2024-08-02,65,0,0,0,0
NVDA,2024-08-02,65,0,0,0,0
TSLA,2024-08-02,65,0,0,0,0
AAPL,2024-08-05,65,0,0,0,0
AMZN,2024-08-05,65,0,0,0,0
META,2024-08-05,65,0,0,0,0
MSFT,2024-08-05,65,0,0,0,0
NVDA,2024-08-05,65,0,0,0,0
TSLA,2024-08-05,65,0,0,0,0
AAPL,2024-08-06,65,0,0,0,0
AMZN,2024-08-06,65,0,0,0,0
META,2024-08-06,65,0,0,0,0
MSFT,2024-08-06,65,0,0,0,0
NVDA,2024-08-06,65,0,0,0,0
TSLA,2024-08-06,65,0,0,0,0
AAPL,2024-08-07,65,0,0,0,0
AMZN,2024-08-07,65,0,0,0,0
META,2024-08-07,65,0,0,0,0
MSFT,2024-08-07,65,0,0,0,0
NVDA,2024-08-07,65,0,0,0,0
TSLA,2024-08-07,65,0,0,0,0
AAPL,2024-08-08,65,0,0,0,0
AMZN,2024-08-08,65,0,0,0,0
META,2024-08-08,65,0,0,0,0
MSFT,2024-08-08,65,0,0,0,0
NVDA,2024-08-08,65,0,0,0,0
TSLA,2024-08-08,65,0,0,0,0
AAPL,2024-08-09,65,0,0,0,0
AMZN,2024-08-09,65,0,0,0,0
META,2024-08-09,65,0,0,0,0
MSFT,2024-08-09,65,0,0,0,0
NVDA,2024-08-09,65,0,0,0,0
TSLA,2024-08-09,65,0,0,0,0
AAPL,2024-08-12,65,0,0,0,0
AMZN,2024-08-12,65,0,0,0,0
META,2024-08-12,65,0,0,0,0
MSFT,2024-08-12,65,0,0,0,0
NVDA,2024-08-12,65,0,0,0,0
TSLA,2024-08-12,65,0,0,0,0
AAPL,2024-08-13,65,0,0,0,0
AMZN,2024-08-13,65,0,0,0,0
META,2024-08-13,65,0,0,0,0
MSFT,2024-08-13,65,0,0,0,0
NVDA,2024-08-13,65,0,0,0,0
TSLA,2024-08-13,65,0,0,0,0
AAPL,2024-08-14,65,0,0,0,0
AMZN,2024-08-14,65,0,0,0,0
META,2024-08-14,65,0,0,0,0
MSFT,2024-08-14,65,0,0,0,0
NVDA,2024-08-14,65,0,0,0,0
TSLA,2024-08-14,65,0,0,0,0
AAPL,2024-08-15,65,0,0,0,0
AMZN,2024-08-15,65,0,0,0,0
META,2024-08-15,65,0,0,0,0
MSFT,2024-08-15,65,0,0,0,0
NVDA,2024-08-15,65,0,0,0,0
TSLA,2024-08-15,65,0,0,0,0
AAPL,2024-08-16,65,0,0,0,0
AMZN,2024-08-16,65,0,0,0,0
META,2024-08-16,65,0,0,0,0
MSFT,2024-08-16,65,0,0,0,0
NVDA,2024-08-16,65,0,0,0,0
TSLA,2024-08-16,65,0,0,0,0
AAPL,2024-08-19,65,0,0,0,0
AMZN,2024-08-19,65,0,0,0,0
META,2024-08-19,65,0,0,0,0
MSFT,2024-08-19,65,0,0,0,0
NVDA,2024-08-19,65,0,0,0,0
TSLA,2024-08-19,65,0,0,0,0
AAPL,2024-08-20,65,0,0,0,0
AMZN,2024-08-20,65,0,0,0,0
META,2024-08-20,65,0,0,0,0
MSFT,2024-08-20,65,0,0,0,0
NVDA,2024-08-20,65,0,0,0,0
TSLA,2024-08-20,65,0,0,0,0
AAPL,2024-08-21,65,0,0,0,0
AMZN,2024-08-21,65,0,0,0,0
META,2024-08-21,65,0,0,0,0
MSFT,2024-08-21,65,0,0,0,0
NVDA,2024-08-21,65,0,0,0,0
TSLA,2024-08-21,65,0,0,0,0
AAPL,2024-08-22,65,0,0,0,0
AMZN,2024-08-22,65,0,0,0,0
META,2024-08-22,65,0,0,0,0
MSFT,2024-08-22,65,0,0,0,0
NVDA,2024-08-22,65,0,0,0,0
TSLA,2024-08-22,65,0,0,0,0
AAPL,2024-08-23,65,0,0,0,0
AMZN,2024-08-23,65,0,0,0,0
META,2024-08-23,65,0,0,0,0
MSFT,2024-08-23,65,0,0,0,0
NVDA,2024-08-23,65,0,0,0,0
TSLA,2024-08-23,65,0,0,0,0
AAPL,2024-08-26,65,0,0,0,0
AMZN,2024-08-26,65,0,0,0,0
META,2024-08-26,65,0,0,0,0
MSFT,2024-08-26,65,0,0,0,0
NVDA,2024-08-26,65,0,0,0,0
TSLA,2024-08-26,65,0,0,0,0
AAPL,2024-08-27,65,0,0,0,0
AMZN,2024-08-27,65,0,0,0,0
META,2024-08-27,65,0,0,0,0
MSFT,2024-08-27,65,0,0,0,0
NVDA,2024-08-27,65,0,0,0,0
TSLA,2024-08-27,65,0,0,0,0
AAPL,2024-08-28,65,0,0,0,0
AMZN,2024-08-28,65,0,0,0,0
META,2024-08-28,65,0,0,0,0
MSFT,2024-08-28,65,0,0,0,0
NVDA,2024-08-28,65,0,0,0,0
TSLA,2024-08-28,65,0,0,0,0
AAPL,2024-08-29,65,0,0,0,0
AMZN,2024-08-29,65,0,0,0,0
META,2024-08-29,65,0,0,0,0
MSFT,2024-08-29,65,0,0,0,0
NVDA,2024-08-29,65,0,0,0,0
TSLA,2024-08-29,65,0,0,0,0
AAPL,2024-08-30,65,0,0,0,0
AMZN,2024-08-30,65,0,0,0,0
META,2024-08-30,65,0,0,0,0
MSFT,2024-08-30,65,0,0,0,0
NVDA,2024-08-30,65,0,0,0,0
TSLA,2024-08-30,65,0,0,0,0
AAPL,2024-09-03,65,0,0,0,0
AMZN,2024-09-03,65,0,0,0,0
META,2024-09-03,65,0,0,0,0
MSFT,2024-09-03,65,0,0,0,0
NVDA,2024-09-03,65,0,0,0,0
TSLA,2024-09-03,65,0,0,0,0
AAPL,2024-09-04,65,0,0,0,0
AMZN,2024-09-04,65,0,0,0,0
META,2024-09-04,65,0,0,0,0
MSFT,2024-09-04,65,0,0,0,0
NVDA,2024-09-04,65,0,0,0,0
TSLA,2024-09-04,65,0,0,0,0
AAPL,2024-09-05,65,0,0,0,0
AMZN,2024-09-05,65,0,0,0,0
META,2024-09-05,65,0,0,0,0
MSFT,2024-09-05,65,0,0,0,0
NVDA,2024-09-05,65,0,0,0,0
TSLA,2024-09-05,65,0,0,0,0
AAPL,2024-09-06,65,0,0,0,0
AMZN,2024-09-06,65,0,0,0,0
META,2024-09-06,65,0,0,0,0
MSFT,2024-09-06,65,0,0,0,0
NVDA,2024-09-06,65,0,0,0,0
TSLA,2024-09-06,65,0,0,0,0
AAPL,2024-09-09,65,0,0,0,0
AMZN,2024-09-09,65,0,0,0,0
META,2024-09-09,65,0,0,0,0
MSFT,2024-09-09,65,0,0,0,0
NVDA,2024-09-09,65,0,0,0,0
TSLA,2024-09-09,65,0,0,0,0
AAPL,2024-09-10,65,0,0,0,0
AMZN,2024-09-10,65,0,0,0,0
META,2024-09-10,65,0,0,0,0
MSFT,2024-09-10,65,0,0,0,0
NVDA,2024-09-10,65,0,0,0,0
TSLA,2024-09-10,65,0,0,0,0
AAPL,2024-09-11,65,0,0,0,0
AMZN,2024-09-11,65,0,0,0,0
META,2024-09-11,65,0,0,0,0
MSFT,2024-09-11,65,0,0,0,0
NVDA,2024-09-11,65,0,0,0,0
TSLA,2024-09-11,65,0,0,0,0
AAPL,2024-09-12,65,0,0,0,0
AMZN,2024-09-12,65,0,0,0,0
META,2024-09-12,65,0,0,0,0
MSFT,2024-09-12,65,0,0,0,0
NVDA,2024-09-12,65,0,0,0,0
TSLA,2024-09-12,65,0,0,0,0
AAPL,2024-09-13,65,0,0,0,0
AMZN,2024-09-13,65,0,0,0,0
META,2024-09-13,65,0,0,0,0
MSFT,2024-09-13,65,0,0,0,0
NVDA,2024-09-13,65,0,0,0,0
TSLA,2024-09-13,65,0,0,0,0
AAPL,2024-09-16,65,0,0,0,0
AMZN,2024-09-16,65,0,0,0,0
META,2024-09-16,65,0,0,0,0
MSFT,2024-09-16,65,0,0,0,0
NVDA,2024-09-16,65,0,0,0,0
TSLA,2024-09-16,65,0,0,0,0
AAPL,2024-09-17,65,0,0,0,0
AMZN,2024-09-17,65,0,0,0,0
META,2024-09-17,65,0,0,0,0
MSFT,2024-09-17,65,0,0,0,0
NVDA,2024-09-17,65,0,0,0,0
TSLA,2024-09-17,65,0,0,0,0
AAPL,2024-09-18,65,0,0,0,0
AMZN,2024-09-18,65,0,0,0,0
META,2024-09-18,65,0,0,0,0
MSFT,2024-09-18,65,0,0,0,0
NVDA,2024-09-18,65,0,0,0,0
TSLA,2024-09-18,65,0,0,0,0
AAPL,2024-09-19,65,0,0,0,0
AMZN,2024-09-19,65,0,0,0,0
META,2024-09-19,65,0,0,0,0
MSFT,2024-09-19,65,0,0,0,0
NVDA,2024-09-19,65,0,0,0,0
TSLA,2024-09-19,65,0,0,0,0
AAPL,2024-09-20,65,0,0,0,0
AMZN,2024-09-20,65,0,0,0,0
META,2024-09-20,65,0,0,0,0
MSFT,2024-09-20,65,0,0,0,0
NVDA,2024-09-20,65,0,0,0,0
TSLA,2024-09-20,65,0,0,0,0
AAPL,2024-09-23,65,0,0,0,0
AMZN,2024-09-23,65,0,0,0,0
META,2024-09-23,65,0,0,0,0
MSFT,2024-09-23,65,0,0,0,0
NVDA,2024-09-23,65,0,0,0,0
TSLA,2024-09-23,65,0,0,0,0
AAPL,2024-09-24,65,0,0,0,0
AMZN,2024-09-24,65,0,0,0,0
META,2024-09-24,65,0,0,0,0
MSFT,2024-09-24,65,0,0,0,0
NVDA,2024-09-24,65,0,0,0,0
TSLA,2024-09-24,65,0,0,0,0
AAPL,2024-09-25,65,0,0,0,0
AMZN,2024-09-25,65,0,0,0,0
META,2024-09-25,65,0,0,0,0
MSFT,2024-09-25,65,0,0,0,0
NVDA,2024-09-25,65,0,0,0,0
TSLA,2024-09-25,65,0,0,0,0
AAPL,2024-09-26,65,0,0,0,0
AMZN,2024-09-26,65,0,0,0,0
META,2024-09-26,65,0,0,0,0
MSFT,2024-09-26,65,0,0,0,0
NVDA,2024-09-26,65,0,0,0,0
TSLA,2024-09-26,65,0,0,0,0
AAPL,2024-09-27,65,0,0,0,0
AMZN,2024-09-27,65,0,0,0,0
META,2024-09-27,65,0,0,0,0
MSFT,2024-09-27,65,0,0,0,0
NVDA,2024-09-27,65,0,0,0,0
TSLA,2024-09-27,65,0,0,0,0
AAPL,2024-09-30,65,0,0,0,0
AMZN,2024-09-30,65,0,0,0,0
META,2024-09-30,65,0,0,0,0
MSFT,2024-09-30,65,0,0,0,0
NVDA,2024-09-30,65,0,0,0,0
TSLA,2024-09-30,65,0,0,0,0
AAPL,2024-10-01,65,0,0,0,0
AMZN,2024-10-01,65,0,0,0,0
META,2024-10-01,65,0,0,0,0
MSFT,2024-10-01,65,0,0,0,0
NVDA,2024-10-01,65,0,0,0,0
TSLA,2024-10-01,65,0,0,0,0
AAPL,2024-10-02,65,0,0,0,0
AMZN,2024-10-02,65,0,0,0,0
META,2024-10-02,65,0,0,0,0
MSFT,2024-10-02,65,0,0,0,0
NVDA,2024-10-02,65,0,0,0,0
TSLA,2024-10-02,65,0,0,0,0
AAPL,2024-10-03,65,0,0,0,0
AMZN,2024-10-03,65,0,0,0,0
META,2024-10-03,65,0,0,0,0
MSFT,2024-10-03,65,0,0,0,0
NVDA,2024-10-03,65,0,0,0,0
TSLA,2024-10-03,65,0,0,0,0
AAPL,2024-10-04,65,0,0,0,0
AMZN,2024-10-04,65,0,0,0,0
META,2024-10-04,65,0,0,0,0
MSFT,2024-10-04,65,0,0,0,0
NVDA,2024-10-04,65,0,0,0,0
TSLA,2024-10-04,65,0,0,0,0
AAPL,2024-10-07,65,0,0,0,0
AMZN,2024-10-07,65,0,0,0,0
META,2024-10-07,65,0,0,0,0
MSFT,2024-10-07,65,0,0,0,0
NVDA,2024-10-07,65,0,0,0,0
TSLA,2024-10-07,65,0,0,0,0
AAPL,2024-10-08,65,0,0,0,0
AMZN,2024-10-08,65,0,0,0,0
META,2024-10-08,65,0,0,0,0
MSFT,2024-10-08,65,0,0,0,0
NVDA,2024-10-08,65,0,0,0,0
TSLA,2024-10-08,65,0,0,0,0
AAPL,2024-10-09,65,0,0,0,0
AMZN,2024-10-09,65,0,0,0,0
META,2024-10-09,65,0,0,0,0
MSFT,2024-10-09,65,0,0,0,0
NVDA,2024-10-09,65,0,0,0,0
TSLA,2024-10-09,65,0,0,0,0
AAPL,2024-10-10,65,0,0,0,0
AMZN,2024-10-10,65,0,0,0,0
META,2024-10-10,65,0,0,0,0
MSFT,2024-10-10,65,0,0,0,0
NVDA,2024-10-10,65,0,0,0,0
TSLA,2024-10-10,65,0,0,0,0
AAPL,2024-10-11,65,0,0,0,0
AMZN,2024-10-11,65,0,0,0,0
META,2024-10-11,65,0,0,0,0
MSFT,2024-10-11,65,0,0,0,0
NVDA,2024-10-11,65,0,0,0,0
TSLA,2024-10-11,65,0,0,0,0
AAPL,2024-10-14,65,0,0,0,0
AMZN,2024-10-14,65,0,0,0,0
META,2024-10-14,65,0,0,0,0
MSFT,2024-10-14,65,0,0,0,0
NVDA,2024-10-14,65,0,0,0,0
TSLA,2024-10-14,65,0,0,0,0
AAPL,2024-10-15,65,0,0,0,0
AMZN,2024-10-15,65,0,0,0,0
META,2024-10-15,65,0,0,0,0
MSFT,2024-10-15,65,0,0,0,0
NVDA,2024-10-15,65,0,0,0,0
TSLA,2024-10-15,65,0,0,0,0
AAPL,2024-10-16,65,0,0,0,0
AMZN,2024-10-16,65,0,0,0,0
META,2024-10-16,65,0,0,0,0
MSFT,2024-10-16,65,0,0,0,0
NVDA,2024-10-16,65,0,0,0,0
TSLA,2024-10-16,65,0,0,0,0
AAPL,2024-10-17,65,0,0,0,0
AMZN,2024-10-17,65,0,0,0,0
META,2024-10-17,65,0,0,0,0
MSFT,2024-10-17,65,0,0,0,0
NVDA,2024-10-17,65,0,0,0,0
TSLA,2024-10-17,65,0,0,0,0
AAPL,2024-10-18,65,0,0,0,0
AMZN,2024-10-18,65,0,0,0,0
META,2024-10-18,65,0,0,0,0
MSFT,2024-10-18,65,0,0,0,0
NVDA,2024-10-18,65,0,0,0,0
TSLA,2024-10-18,65,0,0,0,0
AAPL,2024-10-21,65,0,0,0,0
AMZN,2024-10-21,65,0,0,0,0
META,2024-10-21,65,0,0,0,0
MSFT,2024-10-21,65,0,0,0,0
NVDA,2024-10-21,65,0,0,0,0
TSLA,2024-10-21,65,0,0,0,0
AAPL,2024-10-22,65,0,0,0,0
AMZN,2024-10-22,65,0,0,0,0
META,2024-10-22,65,0,0,0,0
MSFT,2024-10-22,65,0,0,0,0
NVDA,2024-10-22,65,0,0,0,0
TSLA,2024-10-22,65,0,0,0,0
AAPL,2024-10-23,65,0,0,0,0
AMZN,2024-10-23,65,0,0,0,0
META,2024-10-23,65,0,0,0,0
MSFT,2024-10-23,65,0,0,0,0
NVDA,2024-10-23,65,0,0,0,0
TSLA,2024-10-23,65,0,0,0,0
AAPL,2024-10-24,65,0,0,0,0
AMZN,2024-10-24,65,0,0,0,0
META,2024-10-24,65,0,0,0,0
MSFT,2024-10-24,65,0,0,0,0
NVDA,2024-10-24,65,0,0,0,0
TSLA,2024-10-24,65,0,0,0,0
AAPL,2024-10-25,65,0,0,0,0
AMZN,2024-10-25,65,0,0,0,0
META,2024-10-25,65,0,0,0,0
MSFT,2024-10-25,65,0,0,0,0
NVDA,2024-10-25,65,0,0,0,0
TSLA,2024-10-25,65,0,0,0,0
AAPL,2024-10-28,65,0,0,0,0
AMZN,2024-10-28,65,0,0,0,0
META,2024-10-28,65,0,0,0,0
MSFT,2024-10-28,65,0,0,0,0
NVDA,2024-10-28,65,0,0,0,0
TSLA,2024-10-28,65,0,0,0,0
AAPL,2024-10-29,65,0,0,0,0
AMZN,2024-10-29,65,0,0,0,0
META,2024-10-29,65,0,0,0,0
MSFT,2024-10-29,65,0,0,0,0
NVDA,2024-10-29,65,0,0,0,0
TSLA,2024-10-29,65,0,0,0,0
AAPL,2024-10-30,65,0,0,0,0
AMZN,2024-10-30,65,0,0,0,0
META,2024-10-30,65,0,0,0,0
MSFT,2024-10-30,65,0,0,0,0
NVDA,2024-10-30,65,0,0,0,0
TSLA,2024-10-30,65,0,0,0,0
AAPL,2024-10-31,65,0,0,0,0
AMZN,2024-10-31,65,0,0,0,0
META,2024-10-31,65,0,0,0,0
MSFT,2024-10-31,65,0,0,0,0
NVDA,2024-10-31,65,0,0,0,0
TSLA,2024-10-31,65,0,0,0,0
AAPL,2024-11-01,65,0,0,0,0
AMZN,2024-11-01,65,0,0,0,0
META,2024-11-01,65,0,0,0,0
MSFT,2024-11-01,65,0,0,0,0
NVDA,2024-11-01,65,0,0,0,0
TSLA,2024-11-01,65,0,0,0,0
AAPL,2024-11-04,65,0,0,0,0
AMZN,2024-11-04,65,0,0,0,0
META,2024-11-04,65,0,0,0,0
MSFT,2024-11-04,65,0,0,0,0
NVDA,2024-11-04,65,0,0,0,0
TSLA,2024-11-04,65,0,0,0,0
AAPL,2024-11-05,65,0,0,0,0
AMZN,2024-11-05,65,0,0,0,0
META,2024-11-05,65,0,0,0,0
MSFT,2024-11-05,65,0,0,0,0
NVDA,2024-11-05,65,0,0,0,0
TSLA,2024-11-05,65,0,0,0,0
AAPL,2024-11-06,65,0,0,0,0
AMZN,2024-11-06,65,0,0,0,0
META,2024-11-06,65,0,0,0,0
MSFT,2024-11-06,65,0,0,0,0
NVDA,2024-11-06,65,0,0,0,0
TSLA,2024-11-06,65,0,0,0,0
AAPL,2024-11-07,65,0,0,0,0
AMZN,2024-11-07,65,0,0,0,0
META,2024-11-07,65,0,0,0,0
MSFT,2024-11-07,65,0,0,0,0
NVDA,2024-11-07,65,0,0,0,0
TSLA,2024-11-07,65,0,0,0,0
AAPL,2024-11-08,65,0,0,0,0
AMZN,2024-11-08,65,0,0,0,0
META,2024-11-08,65,0,0,0,0
MSFT,2024-11-08,65,0,0,0,0
NVDA,2024-11-08,65,0,0,0,0
TSLA,2024-11-08,65,0,0,0,0
AAPL,2024-11-11,65,0,0,0,0
AMZN,2024-11-11,65,0,0,0,0
META,2024-11-11,65,0,0,0,0
MSFT,2024-11-11,65,0,0,0,0
NVDA,2024-11-11,65,0,0,0,0
TSLA,2024-11-11,65,0,0,0,0
AAPL,2024-11-12,65,0,0,0,0
AMZN,2024-11-12,65,0,0,0,0
META,2024-11-12,65,0,0,0,0
MSFT,2024-11-12,65,0,0,0,0
NVDA,2024-11-12,65,0,0,0,0
TSLA,2024-11-12,65,0,0,0,0
AAPL,2024-11-13,65,0,0,0,0
AMZN,2024-11-13,65,0,0,0,0
META,2024-11-13,65,0,0,0,0
MSFT,2024-11-13,65,0,0,0,0
NVDA,2024-11-13,65,0,0,0,0
TSLA,2024-11-13,65,0,0,0,0
AAPL,2024-11-14,65,0,0,0,0
AMZN,2024-11-14,65,0,0,0,0
META,2024-11-14,65,0,0,0,0
MSFT,2024-11-14,65,0,0,0,0
NVDA,2024-11-14,65,0,0,0,0
TSLA,2024-11-14,65,0,0,0,0
AAPL,2024-11-15,65,0,0,0,0
AMZN,2024-11-15,65,0,0,0,0
META,2024-11-15,65,0,0,0,0
MSFT,2024-11-15,65,0,0,0,0
NVDA,2024-11-15,65,0,0,0,0
TSLA,2024-11-15,65,0,0,0,0
AAPL,2024-11-18,65,0,0,0,0
AMZN,2024-11-18,65,0,0,0,0
META,2024-11-18,65,0,0,0,0
MSFT,2024-11-18,65,0,0,0,0
NVDA,2024-11-18,65,0,0,0,0
TSLA,2024-11-18,65,0,0,0,0
AAPL,2024-11-19,65,0,0,0,0
AMZN,2024-11-19,65,0,0,0,0
META,2024-11-19,65,0,0,0,0
MSFT,2024-11-19,65,0,0,0,0
NVDA,2024-11-19,65,0,0,0,0
TSLA,2024-11-19,65,0,0,0,0
AAPL,2024-11-20,65,0,0,0,0
AMZN,2024-11-20,65,0,0,0,0
META,2024-11-20,65,0,0,0,0
MSFT,2024-11-20,65,0,0,0,0
NVDA,2024-11-20,65,0,0,0,0
TSLA,2024-11-20,65,0,0,0,0
AAPL,2024-11-21,65,0,0,0,0
AMZN,2024-11-21,65,0,0,0,0
META,2024-11-21,65,0,0,0,0
MSFT,2024-11-21,65,0,0,0,0
NVDA,2024-11-21,65,0,0,0,0
TSLA,2024-11-21,65,0,0,0,0
AAPL,2024-11-22,65,0,0,0,0
AMZN,2024-11-22,65,0,0,0,0
META,2024-11-22,65,0,0,0,0
MSFT,2024-11-22,65,0,0,0,0
NVDA,2024-11-22,65,0,0,0,0
TSLA,2024-11-22,65,0,0,0,0
AAPL,2024-11-25,65,0,0,0,0
AMZN,2024-11-25,65,0,0,0,0
META,2024-11-25,65,0,0,0,0
MSFT,2024-11-25,65,0,0,0,0
NVDA,2024-11-25,65,0,0,0,0
TSLA,2024-11-25,65,0,0,0,0
AAPL,2024-11-26,65,0,0,0,0
AMZN,2024-11-26,65,0,0,0,0
META,2024-11-26,65,0,0,0,0
MSFT,2024-11-26,65,0,0,0,0
NVDA,2024-11-26,65,0,0,0,0
TSLA,2024-11-26,65,0,0,0,0
AAPL,2024-11-27,65,0,0,0,0
AMZN,2024-11-27,65,0,0,0,0
META,2024-11-27,65,0,0,0,0
MSFT,2024-11-27,65,0,0,0,0
NVDA,2024-11-27,65,0,0,0,0
TSLA,2024-11-27,65,0,0,0,0
AAPL,2024-11-29,29,0,0,0,0
AMZN,2024-11-29,29,0,0,0,0
META,2024-11-29,29,0,0,0,0
MSFT,2024-11-29,29,0,0,0,0
NVDA,2024-11-29,29,0,0,0,0
TSLA,2024-11-29,29,0,0,0,0
AAPL,2024-12-02,65,0,0,0,0
AMZN,2024-12-02,65,0,0,0,0
META,2024-12-02,65,0,0,0,0
MSFT,2024-12-02,65,0,0,0,0
NVDA,2024-12-02,65,0,0,0,0
TSLA,2024-12-02,65,0,0,0,0
AAPL,2024-12-03,65,0,0,0,0
AMZN,2024-12-03,65,0,0,0,0
META,2024-12-03,65,0,0,0,0
MSFT,2024-12-03,65,0,0,0,0
NVDA,2024-12-03,65,0,0,0,0
TSLA,2024-12-03,65,0,0,0,0
AAPL,2024-12-04,65,0,0,0,0
AMZN,2024-12-04,65,0,0,0,0
META,2024-12-04,65,0,0,0,0
MSFT,2024-12-04,65,0,0,0,0
NVDA,2024-12-04,65,0,0,0,0
TSLA,2024-12-04,65,0,0,0,0
AAPL,2024-12-05,65,0,0,0,0
AMZN,2024-12-05,65,0,0,0,0
META,2024-12-05,65,0,0,0,0
MSFT,2024-12-05,65,0,0,0,0
NVDA,2024-12-05,65,0,0,0,0
TSLA,2024-12-05,65,0,0,0,0
AAPL,2024-12-06,65,0,0,0,0
AMZN,2024-12-06,65,0,0,0,0
META,2024-12-06,65,0,0,0,0
MSFT,2024-12-06,65,0,0,0,0
NVDA,2024-12-06,65,0,0,0,0
TSLA,2024-12-06,65,0,0,0,0
AAPL,2024-12-09,65,0,0,0,0
AMZN,2024-12-09,65,0,0,0,0
META,2024-12-09,65,0,0,0,0
MSFT,2024-12-09,65,0,0,0,0
NVDA,2024-12-09,65,0,0,0,0
TSLA,2024-12-09,65,0,0,0,0
AAPL,2024-12-10,65,0,0,0,0
AMZN,2024-12-10,65,0,0,0,0
META,2024-12-10,65,0,0,0,0
MSFT,2024-12-10,65,0,0,0,0
NVDA,2024-12-10,65,0,0,0,0
TSLA,2024-12-10,65,0,0,0,0
AAPL,2024-12-11,65,0,0,0,0
AMZN,2024-12-11,65,0,0,0,0
META,2024-12-11,65,0,0,0,0
MSFT,2024-12-11,65,0,0,0,0
NVDA,2024-12-11,65,0,0,0,0
TSLA,2024-12-11,65,0,0,0,0
AAPL,2024-12-12,65,0,0,0,0
AMZN,2024-12-12,65,0,0,0,0
META,2024-12-12,65,0,0,0,0
MSFT,2024-12-12,65,0,0,0,0
NVDA,2024-12-12,65,0,0,0,0
TSLA,2024-12-12,65,0,0,0,0
AAPL,2024-12-13,65,0,0,0,0
AMZN,2024-12-13,65,0,0,0,0
META,2024-12-13,65,0,0,0,0
MSFT,2024-12-13,65,0,0,0,0
NVDA,2024-12-13,65,0,0,0,0
TSLA,2024-12-13,65,0,0,0,0
AAPL,2024-12-16,65,0,0,0,0
AMZN,2024-12-16,65,0,0,0,0
META,2024-12-16,65,0,0,0,0
MSFT,2024-12-16,65,0,0,0,0
NVDA,2024-12-16,65,0,0,0,0
TSLA,2024-12-16,65,0,0,0,0
AAPL,2024-12-17,65,0,0,0,0
AMZN,2024-12-17,65,0,0,0,0
META,2024-12-17,65,0,0,0,0
MSFT,2024-12-17,65,0,0,0,0
NVDA,2024-12-17,65,0,0,0,0
TSLA,2024-12-17,65,0,0,0,0
AAPL,2024-12-18,65,0,0,0,0
AMZN,2024-12-18,65,0,0,0,0
META,2024-12-18,65,0,0,0,0
MSFT,2024-12-18,65,0,0,0,0
NVDA,2024-12-18,65,0,0,0,0
TSLA,2024-12-18,65,0,0,0,0
AAPL,2024-12-19,65,0,0,0,0
AMZN,2024-12-19,65,0,0,0,0
META,2024-12-19,65,0,0,0,0
MSFT,2024-12-19,65,0,0,0,0
NVDA,2024-12-19,65,0,0,0,0
TSLA,2024-12-19,65,0,0,0,0
AAPL,2024-12-20,65,0,0,0,0
AMZN,2024-12-20,65,0,0,0,0
META,2024-12-20,65,0,0,0,0
MSFT,2024-12-20,65,0,0,0,0
NVDA,2024-12-20,65,0,0,0,0
TSLA,2024-12-20,65,0,0,0,0
AAPL,2024-12-23,65,0,0,0,0
AMZN,2024-12-23,65,0,0,0,0
META,2024-12-23,65,0,0,0,0
MSFT,2024-12-23,65,0,0,0,0
NVDA,2024-12-23,65,0,0,0,0
TSLA,2024-12-23,65,0,0,0,0
AAPL,2024-12-24,29,0,0,0,0
AMZN,2024-12-24,29,0,0,0,0
META,2024-12-24,29,0,0,0,0
MSFT,2024-12-24,29,0,0,0,0
NVDA,2024-12-24,29,0,0,0,0
TSLA,2024-12-24,29,0,0,0,0
AAPL,2024-12-26,65,0,0,0,0
AMZN,2024-12-26,65,0,0,0,0
META,2024-12-26,65,0,0,0,0
MSFT,2024-12-26,65,0,0,0,0
NVDA,2024-12-26,65,0,0,0,0
TSLA,2024-12-26,65,0,0,0,0
AAPL,2024-12-27,65,0,0,0,0
AMZN,2024-12-27,65,0,0,0,0
META,2024-12-27,65,0,0,0,0
MSFT,2024-12-27,65,0,0,0,0
NVDA,2024-12-27,65,0,0,0,0
TSLA,2024-12-27,65,0,0,0,0
AAPL,2024-12-30,65,0,0,0,0
AMZN,2024-12-30,65,0,0,0,0
META,2024-12-30,65,0,0,0,0
MSFT,2024-12-30,65,0,0,0,0
NVDA,2024-12-30,65,0,0,0,0
TSLA,2024-12-30,65,0,0,0,0
AAPL,2024-12-31,65,0,0,0,0
AMZN,2024-12-31,65,0,0,0,0
META,2024-12-31,65,0,0,0,0
MSFT,2024-12-31,65,0,0,0,0
NVDA,2024-12-31,65,0,0,0,0
TSLA,2024-12-31,65,0,0,0,0
AAPL,2025-01-02,65,0,0,0,0
AMZN,2025-01-02,65,0,0,0,0
META,2025-01-02,65,0,0,0,0
MSFT,2025-01-02,65,0,0,0,0
NVDA,2025-01-02,65,0,0,0,0
TSLA,2025-01-02,65,0,0,0,0
AAPL,2025-01-03,65,0,0,0,0
AMZN,2025-01-03,65,0,0,0,0
META,2025-01-03,65,0,0,0,0
MSFT,2025-01-03,65,0,0,0,0
NVDA,2025-01-03,65,0,0,0,0
TSLA,2025-01-03,65,0,0,0,0
AAPL,2025-01-06,65,0,0,0,0
AMZN,2025-01-06,65,0,0,0,0
META,2025-01-06,65,0,0,0,0
MSFT,2025-01-06,65,0,0,0,0
NVDA,2025-01-06,65,0,0,0,0
TSLA,2025-01-06,65,0,0,0,0
AAPL,2025-01-07,65,0,0,0,0
AMZN,2025-01-07,65,0,0,0,0
META,2025-01-07,65,0,0,0,0
MSFT,2025-01-07,65,0,0,0,0
NVDA,2025-01-07,65,0,0,0,0
TSLA,2025-01-07,65,0,0,0,0
AAPL,2025-01-08,65,0,0,0,0
AMZN,2025-01-08,65,0,0,0,0
META,2025-01-08,65,0,0,0,0
MSFT,2025-01-08,65,0,0,0,0
NVDA,2025-01-08,65,0,0,0,0
TSLA,2025-01-08,65,0,0,0,0
AAPL,2025-01-10,65,0,0,0,0
AMZN,2025-01-10,65,0,0,0,0
META,2025-01-10,65,0,0,0,0
MSFT,2025-01-10,65,0,0,0,0
NVDA,2025-01-10,65,0,0,0,0
TSLA,2025-01-10,65,0,0,0,0
AAPL,2025-01-13,65,0,0,0,0
AMZN,2025-01-13,65,0,0,0,0
META,2025-01-13,65,0,0,0,0
MSFT,2025-01-13,65,0,0,0,0
NVDA,2025-01-13,65,0,0,0,0
TSLA,2025-01-13,65,0,0,0,0
AAPL,2025-01-14,65,0,0,0,0
AMZN,2025-01-14,65,0,0,0,0
META,2025-01-14,65,0,0,0,0
MSFT,2025-01-14,65,0,0,0,0
NVDA,2025-01-14,65,0,0,0,0
TSLA,2025-01-14,65,0,0,0,0
AAPL,2025-01-15,65,0,0,0,0
AMZN,2025-01-15,65,0,0,0,0
META,2025-01-15,65,0,0,0,0
MSFT,2025-01-15,65,0,0,0,0
NVDA,2025-01-15,65,0,0,0,0
TSLA,2025-01-15,65,0,0,0,0
AAPL,2025-01-16,65,0,0,0,0
AMZN,2025-01-16,65,0,0,0,0
META,2025-01-16,65,0,0,0,0
MSFT,2025-01-16,65,0,0,0,0
NVDA,2025-01-16,65,0,0,0,0
TSLA,2025-01-16,65,0,0,0,0
AAPL,2025-01-17,65,0,0,0,0
AMZN,2025-01-17,65,0,0,0,0
META,2025-01-17,65,0,0,0,0
MSFT,2025-01-17,65,0,0,0,0
NVDA,2025-01-17,65,0,0,0,0
TSLA,2025-01-17,65,0,0,0,0
AAPL,2025-01-21,65,0,0,0,0
AMZN,2025-01-21,65,0,0,0,0
META,2025-01-21,65,0,0,0,0
MSFT,2025-01-21,65,0,0,0,0
NVDA,2025-01-21,65,0,0,0,0
TSLA,2025-01-21,65,0,0,0,0
AAPL,2025-01-22,65,0,0,0,0
AMZN,2025-01-22,65,0,0,0,0
META,2025-01-22,65,0,0,0,0
MSFT,2025-01-22,65,0,0,0,0
NVDA,2025-01-22,65,0,0,0,0
TSLA,2025-01-22,65,0,0,0,0
AAPL,2025-01-23,65,0,0,0,0
AMZN,2025-01-23,65,0,0,0,0
META,2025-01-23,65,0,0,0,0
MSFT,2025-01-23,65,0,0,0,0
NVDA,2025-01-23,65,0,0,0,0
TSLA,2025-01-23,65,0,0,0,0
AAPL,2025-01-24,65,0,0,0,0
AMZN,2025-01-24,65,0,0,0,0
META,2025-01-24,65,0,0,0,0
MSFT,2025-01-24,65,0,0,0,0
NVDA,2025-01-24,65,0,0,0,0
TSLA,2025-01-24,65,0,0,0,0
AAPL,2025-02-25,65,0,0,0,0
AMZN,2025-02-25,65,0,0,0,0
META,2025-02-25,65,0,0,0,0
MSFT,2025-02-25,65,0,0,0,0
NVDA,2025-02-25,65,0,0,0,0
TSLA,2025-02-25,65,0,0,0,0
AAPL,2025-02-26,65,0,0,0,0
AMZN,2025-02-26,65,0,0,0,0
META,2025-02-26,65,0,0,0,0
MSFT,2025-02-26,65,0,0,0,0
NVDA,2025-02-26,65,0,0,0,0
TSLA,2025-02-26,65,0,0,0,0
AAPL,2025-02-27,65,0,0,0,0
AMZN,2025-02-27,65,0,0,0,0
META,2025-02-27,65,0,0,0,0
MSFT,2025-02-27,65,0,0,0,0
NVDA,2025-02-27,65,0,0,0,0
TSLA,2025-02-27,65,0,0,0,0
AAPL,2025-02-28,65,0,0,0,0
AMZN,2025-02-28,65,0,0,0,0
META,2025-02-28,65,0,0,0,0
MSFT,2025-02-28,65,0,0,0,0
NVDA,2025-02-28,65,0,0,0,0
TSLA,2025-02-28,65,0,0,0,0
AAPL,2025-03-03,65,0,0,0,0
AMZN,2025-03-03,65,0,0,0,0
META,2025-03-03,65,0,0,0,0
MSFT,2025-03-03,65,0,0,0,0
NVDA,2025-03-03,65,0,0,0,0
TSLA,2025-03-03,65,0,0,0,0
AAPL,2025-03-04,65,0,0,0,0
AMZN,2025-03-04,65,0,0,0,0
META,2025-03-04,65,0,0,0,0
MSFT,2025-03-04,65,0,0,0,0
NVDA,2025-03-04,65,0,0,0,0
TSLA,2025-03-04,65,0,0,0,0
AAPL,2025-03-05,65,0,0,0,0
AMZN,2025-03-05,65,0,0,0,0
META,2025-03-05,65,0,0,0,0
MSFT,2025-03-05,65,0,0,0,0
NVDA,2025-03-05,65,0,0,0,0
TSLA,2025-03-05,65,0,0,0,0
AAPL,2025-03-06,65,0,0,0,0
AMZN,2025-03-06,65,0,0,0,0
META,2025-03-06,65,0,0,0,0
MSFT,2025-03-06,65,0,0,0,0
NVDA,2025-03-06,65,0,0,0,0
TSLA,2025-03-06,65,0,0,0,0
AAPL,2025-03-07,65,0,0,0,0
AMZN,2025-03-07,65,0,0,0,0
META,2025-03-07,65,0,0,0,0
MSFT,2025-03-07,65,0,0,0,0
NVDA,2025-03-07,65,0,0,0,0
TSLA,2025-03-07,65,0,0,0,0
AAPL,2025-03-10,65,0,0,0,0
AMZN,2025-03-10,65,0,0,0,0
META,2025-03-10,65,0,0,0,0
MSFT,2025-03-10,65,0,0,0,0
NVDA,2025-03-10,65,0,0,0,0
TSLA,2025-03-10,65,0,0,0,0
AAPL,2025-03-11,65,0,0,0,0
AMZN,2025-03-11,65,0,0,0,0
META,2025-03-11,65,0,0,0,0
MSFT,2025-03-11,65,0,0,0,0
NVDA,2025-03-11,65,0,0,0,0
TSLA,2025-03-11,65,0,0,0,0
AAPL,2025-03-12,65,0,0,0,0
AMZN,2025-03-12,65,0,0,0,0
META,2025-03-12,65,0,0,0,0
MSFT,2025-03-12,65,0,0,0,0
NVDA,2025-03-12,65,0,0,0,0
TSLA,2025-03-12,65,0,0,0,0
AAPL,2025-03-13,65,0,0,0,0
AMZN,2025-03-13,65,0,0,0,0
META,2025-03-13,65,0,0,0,0
MSFT,2025-03-13,65,0,0,0,0
NVDA,2025-03-13,65,0,0,0,0
TSLA,2025-03-13,65,0,0,0,0
AAPL,2025-03-14,65,0,0,0,0
AMZN,2025-03-14,65,0,0,0,0
META,2025-03-14,65,0,0,0,0
MSFT,2025-03-14,65,0,0,0,0
NVDA,2025-03-14,65,0,0,0,0
TSLA,2025-03-14,65,0,0,0,0
AAPL,2025-03-17,65,0,0,0,0
AMZN,2025-03-17,65,0,0,0,0
META,2025-03-17,65,0,0,0,0
MSFT,2025-03-17,65,0,0,0,0
NVDA,2025-03-17,65,0,0,0,0
TSLA,2025-03-17,65,0,0,0,0
AAPL,2025-03-18,65,0,0,0,0
AMZN,2025-03-18,65,0,0,0,0
META,2025-03-18,65,0,0,0,0
MSFT,2025-03-18,65,0,0,0,0
NVDA,2025-03-18,65,0,0,0,0
TSLA,2025-03-18,65,0,0,0,0
AAPL,2025-03-19,65,0,0,0,0
AMZN,2025-03-19,65,0,0,0,0
META,2025-03-19,65,0,0,0,0
MSFT,2025-03-19,65,0,0,0,0
NVDA,2025-03-19,65,0,0,0,0
TSLA,2025-03-19,65,0,0,0,0
AAPL,2025-03-20,65,0,0,0,0
AMZN,2025-03-20,65,0,0,0,0
META,2025-03-20,65,0,0,0,0
MSFT,2025-03-20,65,0,0,0,0
NVDA,2025-03-20,65,0,0,0,0
TSLA,2025-03-20,65,0,0,0,0
AAPL,2025-03-21,65,0,0,0,0
AMZN,2025-03-21,65,0,0,0,0
META,2025-03-21,65,0,0,0,0
MSFT,2025-03-21,65,0,0,0,0
NVDA,2025-03-21,65,0,0,0,0
TSLA,2025-03-21,65,0,0,0,0
AAPL,2025-03-24,65,0,0,0,0
AMZN,2025-03-24,65,0,0,0,0
META,2025-03-24,65,0,0,0,0
MSFT,2025-03-24,65,0,0,0,0
NVDA,2025-03-24,65,0,0,0,0
TSLA,2025-03-24,65,0,0,0,0
AAPL,2025-03-25,65,0,0,0,0
AMZN,2025-03-25,65,0,0,0,0
META,2025-03-25,65,0,0,0,0
MSFT,2025-03-25,65,0,0,0,0
NVDA,2025-03-25,65,0,0,0,0
TSLA,2025-03-25,65,0,0,0,0
AAPL,2025-03-26,65,0,0,0,0
AMZN,2025-03-26,65,0,0,0,0
META,2025-03-26,65,0,0,0,0
MSFT,2025-03-26,65,0,0,0,0
NVDA,2025-03-26,65,0,0,0,0
TSLA,2025-03-26,65,0,0,0,0
AAPL,2025-03-27,65,0,0,0,0
AMZN,2025-03-27,65,0,0,0,0
META,2025-03-27,65,0,0,0,0
MSFT,2025-03-27,65,0,0,0,0
NVDA,2025-03-27,65,0,0,0,0
TSLA,2025-03-27,65,0,0,0,0
AAPL,2025-03-28,65,0,0,0,0
AMZN,2025-03-28,65,0,0,0,0
META,2025-03-28,65,0,0,0,0
MSFT,2025-03-28,65,0,0,0,0
NVDA,2025-03-28,65,0,0,0,0
TSLA,2025-03-28,65,0,0,0,0
AAPL,2025-03-31,65,0,0,0,0
AMZN,2025-03-31,65,0,0,0,0
META,2025-03-31,65,0,0,0,0
MSFT,2025-03-31,65,0,0,0,0
NVDA,2025-03-31,65,0,0,0,0
TSLA,2025-03-31,65,0,0,0,0
AAPL,2025-04-01,65,0,0,0,0
AMZN,2025-04-01,65,0,0,0,0
META,2025-04-01,65,0,0,0,0
MSFT,2025-04-01,65,0,0,0,0
NVDA,2025-04-01,65,0,0,0,0
TSLA,2025-04-01,65,0,0,0,0
AAPL,2025-04-02,65,0,0,0,0
AMZN,2025-04-02,65,0,0,0,0
META,2025-04-02,65,0,0,0,0
MSFT,2025-04-02,65,0,0,0,0
NVDA,2025-04-02,65,0,0,0,0
TSLA,2025-04-02,65,0,0,0,0
AAPL,2025-04-03,65,0,0,0,0
AMZN,2025-04-03,65,0,0,0,0
META,2025-04-03,65,0,0,0,0
MSFT,2025-04-03,65,0,0,0,0
NVDA,2025-04-03,65,0,0,0,0
TSLA,2025-04-03,65,0,0,0,0
AAPL,2025-04-07,65,0,0,0,0
AMZN,2025-04-07,65,0,0,0,0
META,2025-04-07,65,0,0,0,0
MSFT,2025-04-07,65,0,0,0,0
NVDA,2025-04-07,65,0,0,0,0
TSLA,2025-04-07,65,0,0,0,0
AAPL,2025-04-08,65,0,0,0,0
AMZN,2025-04-08,65,0,0,0,0
META,2025-04-08,65,0,0,0,0
MSFT,2025-04-08,65,0,0,0,0
NVDA,2025-04-08,65,0,0,0,0
TSLA,2025-04-08,65,0,0,0,0
AAPL,2025-04-09,65,0,0,0,0
AMZN,2025-04-09,65,0,0,0,0
META,2025-04-09,65,0,0,0,0
MSFT,2025-04-09,65,0,0,0,0
NVDA,2025-04-09,65,0,0,0,0
TSLA,2025-04-09,65,0,0,0,0
AAPL,2025-04-10,65,0,0,0,0
AMZN,2025-04-10,65,0,0,0,0
META,2025-04-10,65,0,0,0,0
MSFT,2025-04-10,65,0,0,0,0
NVDA,2025-04-10,65,0,0,0,0
TSLA,2025-04-10,65,0,0,0,0
AAPL,2025-04-11,65,0,0,0,0
AMZN,2025-04-11,65,0,0,0,0
META,2025-04-11,65,0,0,0,0
MSFT,2025-04-11,65,0,0,0,0
NVDA,2025-04-11,65,0,0,0,0
TSLA,2025-04-11,65,0,0,0,0
AAPL,2025-04-14,65,0,0,0,0
AMZN,2025-04-14,65,0,0,0,0
META,2025-04-14,65,0,0,0,0
MSFT,2025-04-14,65,0,0,0,0
NVDA,2025-04-14,65,0,0,0,0
TSLA,2025-04-14,65,0,0,0,0
AAPL,2025-04-15,65,0,0,0,0
AMZN,2025-04-15,65,0,0,0,0
META,2025-04-15,65,0,0,0,0
MSFT,2025-04-15,65,0,0,0,0
NVDA,2025-04-15,65,0,0,0,0
TSLA,2025-04-15,65,0,0,0,0
AAPL,2025-04-16,65,0,0,0,0
AMZN,2025-04-16,65,0,0,0,0
META,2025-04-16,65,0,0,0,0
MSFT,2025-04-16,65,0,0,0,0
NVDA,2025-04-16,65,0,0,0,0
TSLA,2025-04-16,65,0,0,0,0
AAPL,2025-04-17,65,0,0,0,0
AMZN,2025-04-17,65,0,0,0,0
META,2025-04-17,65,0,0,0,0
MSFT,2025-04-17,65,0,0,0,0
NVDA,2025-04-17,65,0,0,0,0
TSLA,2025-04-17,65,0,0,0,0
AAPL,2025-04-21,65,0,0,0,0
AMZN,2025-04-21,65,0,0,0,0
META,2025-04-21,65,0,0,0,0
MSFT,2025-04-21,65,0,0,0,0
NVDA,2025-04-21,65,0,0,0,0
TSLA,2025-04-21,65,0,0,0,0
AAPL,2025-04-22,65,0,0,0,0
AMZN,2025-04-22,65,0,0,0,0
META,2025-04-22,65,0,0,0,0
MSFT,2025-04-22,65,0,0,0,0
NVDA,2025-04-22,65,0,0,0,0
TSLA,2025-04-22,65,0,0,0,0
AAPL,2025-04-23,65,0,0,0,0
AMZN,2025-04-23,65,0,0,0,0
META,2025-04-23,65,0,0,0,0
MSFT,2025-04-23,65,0,0,0,0
NVDA,2025-04-23,65,0,0,0,0
TSLA,2025-04-23,65,0,0,0,0
AAPL,2025-04-24,65,0,0,0,0
AMZN,2025-04-24,65,0,0,0,0
META,2025-04-24,65,0,0,0,0
MSFT,2025-04-24,65,0,0,0,0
NVDA,2025-04-24,65,0,0,0,0
TSLA,2025-04-24,65,0,0,0,0
AAPL,2025-04-25,65,0,0,0,0
AMZN,2025-04-25,65,0,0,0,0
META,2025-04-25,65,0,0,0,0
MSFT,2025-04-25,65,0,0,0,0
NVDA,2025-04-25,65,0,0,0,0
TSLA,2025-04-25,65,0,0,0,0
AAPL,2025-04-28,65,0,0,0,0
AMZN,2025-04-28,65,0,0,0,0
META,2025-04-28,65,0,0,0,0
MSFT,2025-04-28,65,0,0,0,0
NVDA,2025-04-28,65,0,0,0,0
TSLA,2025-04-28,65,0,0,0,0
AAPL,2025-04-29,65,0,0,0,0
AMZN,2025-04-29,65,0,0,0,0
META,2025-04-29,65,0,0,0,0
MSFT,2025-04-29,65,0,0,0,0
NVDA,2025-04-29,65,0,0,0,0
TSLA,2025-04-29,65,0,0,0,0
AAPL,2025-04-30,65,0,0,0,0
AMZN,2025-04-30,65,0,0,0,0
META,2025-04-30,65,0,0,0,0
MSFT,2025-04-30,65,0,0,0,0
NVDA,2025-04-30,65,0,0,0,0
TSLA,2025-04-30,65,0,0,0,0
AAPL,2025-05-01,65,0,0,0,0
AMZN,2025-05-01,65,0,0,0,0
META,2025-05-01,65,0,0,0,0
MSFT,2025-05-01,65,0,0,0,0
NVDA,2025-05-01,65,0,0,0,0
TSLA,2025-05-01,65,0,0,0,0
AAPL,2025-05-02,65,0,0,0,0
AMZN,2025-05-02,65,0,0,0,0
META,2025-05-02,65,0,0,0,0
MSFT,2025-05-02,65,0,0,0,0
NVDA,2025-05-02,65,0,0,0,0
TSLA,2025-05-02,65,0,0,0,0
AAPL,2025-05-05,65,0,0,0,0
AMZN,2025-05-05,65,0,0,0,0
META,2025-05-05,65,0,0,0,0
MSFT,2025-05-05,65,0,0,0,0
NVDA,2025-05-05,65,0,0,0,0
TSLA,2025-05-05,65,0,0,0,0
AAPL,2025-05-06,65,0,0,0,0
AMZN,2025-05-06,65,0,0,0,0
META,2025-05-06,65,0,0,0,0
MSFT,2025-05-06,65,0,0,0,0
NVDA,2025-05-06,65,0,0,0,0
TSLA,2025-05-06,65,0,0,0,0
AAPL,2025-05-07,65,0,0,0,0
AMZN,2025-05-07,65,0,0,0,0
META,2025-05-07,65,0,0,0,0
MSFT,2025-05-07,65,0,0,0,0
NVDA,2025-05-07,65,0,0,0,0
TSLA,2025-05-07,65,0,0,0,0
AAPL,2025-05-08,65,0,0,0,0
AMZN,2025-05-08,65,0,0,0,0
META,2025-05-08,65,0,0,0,0
MSFT,2025-05-08,65,0,0,0,0
NVDA,2025-05-08,65,0,0,0,0
TSLA,2025-05-08,65,0,0,0,0
AAPL,2025-05-09,65,0,0,0,0
AMZN,2025-05-09,65,0,0,0,0
META,2025-05-09,65,0,0,0,0
MSFT,2025-05-09,65,0,0,0,0
NVDA,2025-05-09,65,0,0,0,0
TSLA,2025-05-09,65,0,0,0,0
AAPL,2025-05-12,65,0,0,0,0
AMZN,2025-05-12,65,0,0,0,0
META,2025-05-12,65,0,0,0,0
MSFT,2025-05-12,65,0,0,0,0
NVDA,2025-05-12,65,0,0,0,0
TSLA,2025-05-12,65,0,0,0,0
AAPL,2025-05-13,65,0,0,0,0
AMZN,2025-05-13,65,0,0,0,0
META,2025-05-13,65,0,0,0,0
MSFT,2025-05-13,65,0,0,0,0
NVDA,2025-05-13,65,0,0,0,0
TSLA,2025-05-13,65,0,0,0,0
AAPL,2025-05-14,65,0,0,0,0
AMZN,2025-05-14,65,0,0,0,0
META,2025-05-14,65,0,0,0,0
MSFT,2025-05-14,65,0,0,0,0
NVDA,2025-05-14,65,0,0,0,0
TSLA,2025-05-14,65,0,0,0,0
AAPL,2025-05-15,65,1,0,0,0
AMZN,2025-05-15,65,1,0,0,0
META,2025-05-15,65,1,0,0,0
MSFT,2025-05-15,65,1,0,0,0
NVDA,2025-05-15,65,0,0,0,0
TSLA,2025-05-15,65,1,0,0,0
AAPL,2025-05-16,65,0,0,0,0
AMZN,2025-05-16,65,0,0,0,0
META,2025-05-16,65,0,0,0,0
MSFT,2025-05-16,65,0,0,0,0
NVDA,2025-05-16,65,0,0,0,0
TSLA,2025-05-16,65,0,0,0,0
AAPL,2025-05-19,65,0,0,0,0
AMZN,2025-05-19,65,0,0,0,0
META,2025-05-19,65,0,0,0,0
MSFT,2025-05-19,65,0,0,0,0
NVDA,2025-05-19,65,0,0,0,0
TSLA,2025-05-19,65,0,0,0,0
AAPL,2025-05-20,65,0,0,0,0
AMZN,2025-05-20,65,0,0,0,0
META,2025-05-20,65,0,0,0,0
MSFT,2025-05-20,65,0,0,0,0
NVDA,2025-05-20,65,0,0,0,0
TSLA,2025-05-20,65,0,0,0,0
AAPL,2025-05-21,65,0,0,0,0
AMZN,2025-05-21,65,0,0,0,0
META,2025-05-21,65,0,0,0,0
MSFT,2025-05-21,65,0,0,0,0
NVDA,2025-05-21,65,0,0,0,0
TSLA,2025-05-21,65,0,0,0,0
AAPL,2025-05-22,65,0,0,0,0
AMZN,2025-05-22,65,0,0,0,0
META,2025-05-22,65,0,0,0,0
MSFT,2025-05-22,65,0,0,0,0
NVDA,2025-05-22,65,0,0,0,0
TSLA,2025-05-22,65,0,0,0,0
AAPL,2025-05-23,65,0,0,0,0
AMZN,2025-05-23,65,0,0,0,0
META,2025-05-23,65,0,0,0,0
MSFT,2025-05-23,65,0,0,0,0
NVDA,2025-05-23,65,0,0,0,0
TSLA,2025-05-23,65,0,0,0,0
AAPL,2025-05-27,65,0,0,0,0
AMZN,2025-05-27,65,0,0,0,0
META,2025-05-27,65,0,0,0,0
MSFT,2025-05-27,65,0,0,0,0
NVDA,2025-05-27,65,0,0,0,0
TSLA,2025-05-27,65,0,0,0,0
AAPL,2025-05-28,65,0,0,0,0
AMZN,2025-05-28,65,0,0,0,0
META,2025-05-28,65,0,0,0,0
MSFT,2025-05-28,65,0,0,0,0
NVDA,2025-05-28,65,0,0,0,0
TSLA,2025-05-28,65,0,0,0,0
AAPL,2025-05-29,65,0,0,0,0
AMZN,2025-05-29,65,0,0,0,0
META,2025-05-29,65,0,0,0,0
MSFT,2025-05-29,65,0,0,0,0
NVDA,2025-05-29,65,0,0,0,0
TSLA,2025-05-29,65,0,0,0,0
AAPL,2025-05-30,65,0,0,0,0
AMZN,2025-05-30,65,0,0,0,0
META,2025-05-30,65,0,0,0,0
MSFT,2025-05-30,65,0,0,0,0
NVDA,2025-05-30,65,0,0,0,0
TSLA,2025-05-30,65,0,0,0,0
AAPL,2025-06-02,65,0,0,0,0
AMZN,2025-06-02,65,0,0,0,0
META,2025-06-02,65,0,0,0,0
MSFT,2025-06-02,65,0,0,0,0
NVDA,2025-06-02,65,0,0,0,0
TSLA,2025-06-02,65,0,0,0,0
AAPL,2025-06-03,65,0,0,0,0
AMZN,2025-06-03,65,0,0,0,0
META,2025-06-03,65,0,0,0,0
MSFT,2025-06-03,65,0,0,0,0
NVDA,2025-06-03,65,0,0,0,0
TSLA,2025-06-03,65,0,0,0,0
AAPL,2025-06-04,65,0,0,0,0
AMZN,2025-06-04,65,0,0,0,0
META,2025-06-04,65,0,0,0,0
MSFT,2025-06-04,65,0,0,0,0
NVDA,2025-06-04,65,0,0,0,0
TSLA,2025-06-04,65,0,0,0,0
AAPL,2025-06-05,65,0,0,0,0
AMZN,2025-06-05,65,0,0,0,0
META,2025-06-05,65,0,0,0,0
MSFT,2025-06-05,65,0,0,0,0
NVDA,2025-06-05,65,0,0,0,0
TSLA,2025-06-05,65,0,0,0,0
AAPL,2025-06-06,65,0,0,0,0
AMZN,2025-06-06,65,0,0,0,0
META,2025-06-06,65,0,0,0,0
MSFT,2025-06-06,65,0,0,0,0
NVDA,2025-06-06,65,0,0,0,0
TSLA,2025-06-06,65,0,0,0,0
AAPL,2025-06-09,65,0,0,0,0
AMZN,2025-06-09,65,0,0,0,0
META,2025-06-09,65,0,0,0,0
MSFT,2025-06-09,65,0,0,0,0
NVDA,2025-06-09,65,0,0,0,0
TSLA,2025-06-09,65,0,0,0,0
AAPL,2025-06-10,65,0,0,0,0
AMZN,2025-06-10,65,0,0,0,0
META,2025-06-10,65,0,0,0,0
MSFT,2025-06-10,65,0,0,0,0
NVDA,2025-06-10,65,0,0,0,0
TSLA,2025-06-10,65,0,0,0,0
AAPL,2025-06-11,65,0,0,0,0
AMZN,2025-06-11,65,0,0,0,0
META,2025-06-11,65,0,0,0,0
MSFT,2025-06-11,65,0,0,0,0
NVDA,2025-06-11,65,0,0,0,0
TSLA,2025-06-11,65,0,0,0,0
AAPL,2025-06-12,65,0,0,0,0
AMZN,2025-06-12,65,0,0,0,0
META,2025-06-12,65,0,0,0,0
MSFT,2025-06-12,65,0,0,0,0
NVDA,2025-06-12,65,0,0,0,0
TSLA,2025-06-12,65,0,0,0,0
AAPL,2025-06-13,65,0,0,0,0
AMZN,2025-06-13,65,0,0,0,0
META,2025-06-13,65,0,0,0,0
MSFT,2025-06-13,65,0,0,0,0
NVDA,2025-06-13,65,0,0,0,0
TSLA,2025-06-13,65,0,0,0,0
AAPL,2025-06-16,65,0,0,0,0
AMZN,2025-06-16,65,0,0,0,0
META,2025-06-16,65,0,0,0,0
MSFT,2025-06-16,65,0,0,0,0
NVDA,2025-06-16,65,0,0,0,0
TSLA,2025-06-16,65,0,0,0,0
AAPL,2025-06-17,65,0,0,0,0
AMZN,2025-06-17,65,0,0,0,0
META,2025-06-17,65,0,0,0,0
MSFT,2025-06-17,65,0,0,0,0
NVDA,2025-06-17,65,0,0,0,0
TSLA,2025-06-17,65,0,0,0,0
AAPL,2025-06-18,65,0,0,0,0
AMZN,2025-06-18,65,0,0,0,0
META,2025-06-18,65,0,0,0,0
MSFT,2025-06-18,65,0,0,0,0
NVDA,2025-06-18,65,0,0,0,0
TSLA,2025-06-18,65,0,0,0,0
AAPL,2025-06-20,65,0,0,0,0
AMZN,2025-06-20,65,0,0,0,0
META,2025-06-20,65,0,0,0,0
MSFT,2025-06-20,65,0,0,0,0
NVDA,2025-06-20,65,0,0,0,0
TSLA,2025-06-20,65,0,0,0,0
AAPL,2025-06-23,65,0,0,0,0
AMZN,2025-06-23,65,0,0,0,0
META,2025-06-23,65,0,0,0,0
MSFT,2025-06-23,65,0,0,0,0
NVDA,2025-06-23,65,0,0,0,0
TSLA,2025-06-23,65,0,0,0,0
AAPL,2025-06-24,65,0,0,0,0
AMZN,2025-06-24,65,0,0,0,0
META,2025-06-24,65,0,0,0,0
MSFT,2025-06-24,65,0,0,0,0
NVDA,2025-06-24,65,0,0,0,0
TSLA,2025-06-24,65,0,0,0,0
AAPL,2025-06-25,65,0,0,0,0
AMZN,2025-06-25,65,0,0,0,0
META,2025-06-25,65,0,0,0,0
MSFT,2025-06-25,65,0,0,0,0
NVDA,2025-06-25,65,0,0,0,0
TSLA,2025-06-25,65,0,0,0,0
AAPL,2025-06-26,65,0,0,0,0
AMZN,2025-06-26,65,0,0,0,0
META,2025-06-26,65,0,0,0,0
MSFT,2025-06-26,65,0,0,0,0
NVDA,2025-06-26,65,0,0,0,0
TSLA,2025-06-26,65,0,0,0,0
AAPL,2025-06-27,65,0,0,0,0
AMZN,2025-06-27,65,0,0,0,0
META,2025-06-27,65,0,0,0,0
MSFT,2025-06-27,65,0,0,0,0
NVDA,2025-06-27,65,0,0,0,0
TSLA,2025-06-27,65,0,0,0,0
AAPL,2025-06-30,65,0,0,0,0
AMZN,2025-06-30,65,0,0,0,0
META,2025-06-30,65,0,0,0,0
MSFT,2025-06-30,65,0,0,0,0
NVDA,2025-06-30,65,0,0,0,0
TSLA,2025-06-30,65,0,0,0,0
AAPL,2025-07-01,65,0,0,0,0
AMZN,2025-07-01,65,0,0,0,0
META,2025-07-01,65,0,0,0,0
MSFT,2025-07-01,65,0,0,0,0
NVDA,2025-07-01,65,0,0,0,0
TSLA,2025-07-01,65,0,0,0,0
AAPL,2025-07-02,65,0,0,0,0
AMZN,2025-07-02,65,0,0,0,0
META,2025-07-02,65,0,0,0,0
MSFT,2025-07-02,65,0,0,0,0
NVDA,2025-07-02,65,0,0,0,0
TSLA,2025-07-02,65,0,0,0,0
AAPL,2025-07-03,29,0,0,0,0
AMZN,2025-07-03,29,0,0,0,0
META,2025-07-03,29,0,0,0,0
MSFT,2025-07-03,29,0,0,0,0
NVDA,2025-07-03,29,0,0,0,0
TSLA,2025-07-03,29,0,0,0,0
AAPL,2025-07-07,65,0,0,0,0
AMZN,2025-07-07,65,0,0,0,0
META,2025-07-07,65,0,0,0,0
MSFT,2025-07-07,65,0,0,0,0
NVDA,2025-07-07,65,0,0,0,0
TSLA,2025-07-07,65,0,0,0,0
AAPL,2025-07-08,65,0,0,0,0
AMZN,2025-07-08,65,0,0,0,0
META,2025-07-08,65,0,0,0,0
MSFT,2025-07-08,65,0,0,0,0
NVDA,2025-07-08,65,0,0,0,0
TSLA,2025-07-08,65,0,0,0,0
AAPL,2025-07-09,65,0,0,0,0
AMZN,2025-07-09,65,0,0,0,0
META,2025-07-09,65,0,0,0,0
MSFT,2025-07-09,65,0,0,0,0
NVDA,2025-07-09,65,0,0,0,0
TSLA,2025-07-09,65,0,0,0,0
AAPL,2025-07-10,65,0,0,0,0
AMZN,2025-07-10,65,0,0,0,0
META,2025-07-10,65,0,0,0,0
MSFT,2025-07-10,65,0,0,0,0
NVDA,2025-07-10,65,0,0,0,0
TSLA,2025-07-10,65,0,0,0,0
AAPL,2025-07-11,65,0,0,0,0
AMZN,2025-07-11,65,0,0,0,0
META,2025-07-11,65,0,0,0,0
MSFT,2025-07-11,65,0,0,0,0
NVDA,2025-07-11,65,0,0,0,0
TSLA,2025-07-11,65,0,0,0,0
AAPL,2025-07-14,65,0,0,0,0
AMZN,2025-07-14,65,0,0,0,0
META,2025-07-14,65,0,0,0,0
MSFT,2025-07-14,65,0,0,0,0
NVDA,2025-07-14,65,0,0,0,0
TSLA,2025-07-14,65,0,0,0,0
AAPL,2025-07-15,65,0,0,0,0
AMZN,2025-07-15,65,0,0,0,0
META,2025-07-15,65,0,0,0,0
MSFT,2025-07-15,65,0,0,0,0
NVDA,2025-07-15,65,0,0,0,0
TSLA,2025-07-15,65,0,0,0,0
AAPL,2025-07-16,65,0,0,0,0
AMZN,2025-07-16,65,0,0,0,0
META,2025-07-16,65,0,0,0,0
MSFT,2025-07-16,65,0,0,0,0
NVDA,2025-07-16,65,0,0,0,0
TSLA,2025-07-16,65,0,0,0,0
AAPL,2025-07-17,65,0,0,0,0
AMZN,2025-07-17,65,0,0,0,0
META,2025-07-17,65,0,0,0,0
MSFT,2025-07-17,65,0,0,0,0
NVDA,2025-07-17,65,0,0,0,0
TSLA,2025-07-17,65,0,0,0,0
AAPL,2025-07-18,65,0,0,0,0
AMZN,2025-07-18,65,0,0,0,0
META,2025-07-18,65,0,0,0,0
MSFT,2025-07-18,65,0,0,0,0
NVDA,2025-07-18,65,0,0,0,0
TSLA,2025-07-18,65,0,0,0,0
AAPL,2025-07-21,65,0,0,0,0
AMZN,2025-07-21,65,0,0,0,0
META,2025-07-21,65,0,0,0,0
MSFT,2025-07-21,65,0,0,0,0
NVDA,2025-07-21,65,0,0,0,0
TSLA,2025-07-21,65,0,0,0,0
AAPL,2025-07-22,65,0,0,0,0
AMZN,2025-07-22,65,0,0,0,0
META,2025-07-22,65,0,0,0,0
MSFT,2025-07-22,65,0,0,0,0
NVDA,2025-07-22,65,0,0,0,0
TSLA,2025-07-22,65,0,0,0,0
AAPL,2025-07-23,65,0,0,0,0
AMZN,2025-07-23,65,0,0,0,0
META,2025-07-23,65,0,0,0,0
MSFT,2025-07-23,65,0,0,0,0
NVDA,2025-07-23,65,0,0,0,0
TSLA,2025-07-23,65,0,0,0,0
AAPL,2025-07-24,65,0,0,0,0
AMZN,2025-07-24,65,0,0,0,0
META,2025-07-24,65,0,0,0,0
MSFT,2025-07-24,65,0,0,0,0
NVDA,2025-07-24,65,0,0,0,0
TSLA,2025-07-24,65,0,0,0,0
AAPL,2025-07-25,65,0,0,0,0
AMZN,2025-07-25,65,0,0,0,0
META,2025-07-25,65,0,0,0,0
MSFT,2025-07-25,65,0,0,0,0
NVDA,2025-07-25,65,0,0,0,0
TSLA,2025-07-25,65,0,0,0,0
AAPL,2025-07-28,65,0,0,0,0
AMZN,2025-07-28,65,0,0,0,0
META,2025-07-28,65,0,0,0,0
MSFT,2025-07-28,65,0,0,0,0
NVDA,2025-07-28,65,0,0,0,0
TSLA,2025-07-28,65,0,0,0,0
AAPL,2025-07-29,65,0,0,0,0
AMZN,2025-07-29,65,0,0,0,0
META,2025-07-29,65,0,0,0,0
MSFT,2025-07-29,65,0,0,0,0
NVDA,2025-07-29,65,0,0,0,0
TSLA,2025-07-29,65,0,0,0,0
AAPL,2025-07-30,65,0,0,0,0
AMZN,2025-07-30,65,0,0,0,0
META,2025-07-30,65,0,0,0,0
MSFT,2025-07-30,65,0,0,0,0
NVDA,2025-07-30,65,0,0,0,0
TSLA,2025-07-30,65,0,0,0,0
AAPL,2025-07-31,65,0,0,0,0
AMZN,2025-07-31,65,0,0,0,0
META,2025-07-31,65,0,0,0,0
MSFT,2025-07-31,65,0,0,0,0
NVDA,2025-07-31,65,0,0,0,0
TSLA,2025-07-31,65,0,0,0,0
AAPL,2025-08-01,65,0,0,0,0
AMZN,2025-08-01,65,0,0,0,0
META,2025-08-01,65,0,0,0,0
MSFT,2025-08-01,65,0,0,0,0
NVDA,2025-08-01,65,0,0,0,0
TSLA,2025-08-01,65,0,0,0,0
AAPL,2025-08-04,65,0,0,0,0
AMZN,2025-08-04,65,0,0,0,0
META,2025-08-04,65,0,0,0,0
MSFT,2025-08-04,65,0,0,0,0
NVDA,2025-08-04,65,0,0,0,0
TSLA,2025-08-04,65,0,0,0,0
AAPL,2025-08-05,65,0,0,0,0
AMZN,2025-08-05,65,0,0,0,0
META,2025-08-05,65,0,0,0,0
MSFT,2025-08-05,65,0,0,0,0
NVDA,2025-08-05,65,0,0,0,0
TSLA,2025-08-05,65,0,0,0,0
AAPL,2025-08-06,65,0,0,0,0
AMZN,2025-08-06,65,0,0,0,0
META,2025-08-06,65,0,0,0,0
MSFT,2025-08-06,65,0,0,0,0
NVDA,2025-08-06,65,0,0,0,0
TSLA,2025-08-06,65,0,0,0,0
AAPL,2025-08-07,65,0,0,0,0
AMZN,2025-08-07,65,0,0,0,0
META,2025-08-07,65,0,0,0,0
MSFT,2025-08-07,65,0,0,0,0
NVDA,2025-08-07,65,0,0,0,0
TSLA,2025-08-07,65,0,0,0,0
AAPL,2025-08-08,65,0,0,0,0
AMZN,2025-08-08,65,0,0,0,0
META,2025-08-08,65,0,0,0,0
MSFT,2025-08-08,65,0,0,0,0
NVDA,2025-08-08,65,0,0,0,0
TSLA,2025-08-08,65,0,0,0,0
AAPL,2025-08-11,65,0,0,0,0
AMZN,2025-08-11,65,0,0,0,0
META,2025-08-11,65,0,0,0,0
MSFT,2025-08-11,65,0,0,0,0
NVDA,2025-08-11,65,0,0,0,0
TSLA,2025-08-11,65,0,0,0,0
AAPL,2025-08-12,65,0,0,0,0
AMZN,2025-08-12,65,0,0,0,0
META,2025-08-12,65,0,0,0,0
MSFT,2025-08-12,65,0,0,0,0
NVDA,2025-08-12,65,0,0,0,0
TSLA,2025-08-12,65,0,0,0,0
AAPL,2025-08-13,65,0,0,0,0
AMZN,2025-08-13,65,0,0,0,0
META,2025-08-13,65,0,0,0,0
MSFT,2025-08-13,65,0,0,0,0
NVDA,2025-08-13,65,0,0,0,0
TSLA,2025-08-13,65,0,0,0,0
AAPL,2025-08-14,65,0,0,0,0
AMZN,2025-08-14,65,0,0,0,0
META,2025-08-14,65,0,0,0,0
MSFT,2025-08-14,65,0,0,0,0
NVDA,2025-08-14,65,0,0,0,0
TSLA,2025-08-14,65,0,0,0,0
AAPL,2025-08-15,65,0,0,0,0
AMZN,2025-08-15,65,0,0,0,0
META,2025-08-15,65,0,0,0,0
MSFT,2025-08-15,65,0,0,0,0
NVDA,2025-08-15,65,0,0,0,0
TSLA,2025-08-15,65,0,0,0,0
AAPL,2025-08-18,65,0,0,0,0
AMZN,2025-08-18,65,0,0,0,0
META,2025-08-18,64,0,0,0,0
MSFT,2025-08-18,65,0,0,0,0
NVDA,2025-08-18,65,0,0,0,0
TSLA,2025-08-18,65,0,0,0,0
AAPL,2025-08-19,65,0,0,0,0
AMZN,2025-08-19,65,0,0,0,0
META,2025-08-19,65,0,0,0,0
MSFT,2025-08-19,65,0,0,0,0
NVDA,2025-08-19,65,0,0,0,0
TSLA,2025-08-19,65,0,0,0,0
AAPL,2025-08-20,65,0,0,0,0
AMZN,2025-08-20,65,0,0,0,0
META,2025-08-20,65,0,0,0,0
MSFT,2025-08-20,65,0,0,0,0
NVDA,2025-08-20,65,0,0,0,0
TSLA,2025-08-20,65,0,0,0,0
AAPL,2025-08-21,65,2,0,0,0
AMZN,2025-08-21,65,1,0,0,0
META,2025-08-21,65,2,0,0,0
MSFT,2025-08-21,65,2,0,0,0
NVDA,2025-08-21,65,1,0,0,0
TSLA,2025-08-21,65,2,0,0,0
AAPL,2025-08-22,65,0,0,0,0
AMZN,2025-08-22,65,0,0,0,0
META,2025-08-22,65,0,0,0,0
MSFT,2025-08-22,65,0,0,0,0
NVDA,2025-08-22,65,0,0,0,0
TSLA,2025-08-22,65,0,0,0,0
AAPL,2025-08-25,65,0,0,0,0
AMZN,2025-08-25,65,0,0,0,0
META,2025-08-25,65,0,0,0,0
MSFT,2025-08-25,65,0,0,0,0
NVDA,2025-08-25,65,0,0,0,0
TSLA,2025-08-25,65,0,0,0,0
AAPL,2025-08-26,65,0,0,0,0
AMZN,2025-08-26,65,0,0,0,0
META,2025-08-26,65,0,0,0,0
MSFT,2025-08-26,65,0,0,0,0
NVDA,2025-08-26,65,0,0,0,0
TSLA,2025-08-26,65,0,0,0,0
AAPL,2025-08-27,65,0,0,0,0
AMZN,2025-08-27,65,0,0,0,0
META,2025-08-27,65,0,0,0,0
MSFT,2025-08-27,65,0,0,0,0
NVDA,2025-08-27,65,0,0,0,0
TSLA,2025-08-27,65,0,0,0,0
AAPL,2025-08-28,65,0,0,0,0
AMZN,2025-08-28,65,0,0,0,0
META,2025-08-28,65,0,0,0,0
MSFT,2025-08-28,65,0,0,0,0
NVDA,2025-08-28,65,0,0,0,0
TSLA,2025-08-28,65,0,0,0,0
AAPL,2025-08-29,65,0,0,0,0
AMZN,2025-08-29,65,0,0,0,0
META,2025-08-29,65,0,0,0,0
MSFT,2025-08-29,65,0,0,0,0
NVDA,2025-08-29,65,0,0,0,0
TSLA,2025-08-29,65,0,0,0,0
AAPL,2025-09-02,65,0,0,0,0
AMZN,2025-09-02,65,0,0,0,0
META,2025-09-02,65,0,0,0,0
MSFT,2025-09-02,65,0,0,0,0
NVDA,2025-09-02,65,0,0,0,0
TSLA,2025-09-02,65,0,0,0,0
AAPL,2025-09-03,65,0,0,0,0
AMZN,2025-09-03,65,0,0,0,0
META,2025-09-03,65,0,0,0,0
MSFT,2025-09-03,65,0,0,0,0
NVDA,2025-09-03,65,0,0,0,0
TSLA,2025-09-03,65,0,0,0,0
AAPL,2025-09-04,65,0,0,0,0
AMZN,2025-09-04,65,0,0,0,0
META,2025-09-04,65,0,0,0,0
MSFT,2025-09-04,65,0,0,0,0
NVDA,2025-09-04,65,0,0,0,0
TSLA,2025-09-04,65,0,0,0,0
AAPL,2025-09-05,65,0,0,0,0
AMZN,2025-09-05,65,0,0,0,0
META,2025-09-05,65,0,0,0,0
MSFT,2025-09-05,65,0,0,0,0
NVDA,2025-09-05,65,0,0,0,0
TSLA,2025-09-05,65,0,0,0,0
AAPL,2025-09-08,65,0,0,0,0
AMZN,2025-09-08,65,0,0,0,0
META,2025-09-08,65,0,0,0,0
MSFT,2025-09-08,65,0,0,0,0
NVDA,2025-09-08,65,0,0,0,0
TSLA,2025-09-08,65,0,0,0,0
AAPL,2025-09-09,65,0,0,0,0
AMZN,2025-09-09,65,0,0,0,0
META,2025-09-09,65,0,0,0,0
MSFT,2025-09-09,65,0,0,0,0
NVDA,2025-09-09,65,0,0,0,0
TSLA,2025-09-09,65,0,0,0,0
AAPL,2025-09-10,65,0,0,0,0
AMZN,2025-09-10,65,0,0,0,0
META,2025-09-10,65,0,0,0,0
MSFT,2025-09-10,65,0,0,0,0
NVDA,2025-09-10,65,0,0,0,0
TSLA,2025-09-10,65,0,0,0,0
AAPL,2025-09-11,65,0,0,0,0
AMZN,2025-09-11,65,0,0,0,0
META,2025-09-11,65,0,0,0,0
MSFT,2025-09-11,65,0,0,0,0
NVDA,2025-09-11,65,0,0,0,0
TSLA,2025-09-11,65,0,0,0,0
AAPL,2025-09-12,65,0,0,0,0
AMZN,2025-09-12,65,0,0,0,0
META,2025-09-12,65,0,0,0,0
MSFT,2025-09-12,65,0,0,0,0
NVDA,2025-09-12,65,0,0,0,0
TSLA,2025-09-12,65,0,0,0,0
AAPL,2025-09-15,65,0,0,0,0
AMZN,2025-09-15,65,0,0,0,0
META,2025-09-15,65,0,0,0,0
MSFT,2025-09-15,65,0,0,0,0
NVDA,2025-09-15,65,0,0,0,0
TSLA,2025-09-15,65,0,0,0,0
AAPL,2025-09-16,65,0,0,0,0
AMZN,2025-09-16,65,0,0,0,0
META,2025-09-16,65,0,0,0,0
MSFT,2025-09-16,65,0,0,0,0
NVDA,2025-09-16,65,0,0,0,0
TSLA,2025-09-16,65,0,0,0,0
AAPL,2025-09-17,65,0,0,0,0
AMZN,2025-09-17,65,0,0,0,0
META,2025-09-17,65,0,0,0,0
MSFT,2025-09-17,65,0,0,0,0
NVDA,2025-09-17,65,0,0,0,0
TSLA,2025-09-17,65,0,0,0,0
AAPL,2025-09-18,65,0,0,0,0
AMZN,2025-09-18,65,0,0,0,0
META,2025-09-18,65,0,0,0,0
MSFT,2025-09-18,65,0,0,0,0
NVDA,2025-09-18,65,10,6,0,0
TSLA,2025-09-18,65,0,0,0,0
AAPL,2025-09-19,65,0,0,0,0
AMZN,2025-09-19,65,0,0,0,0
META,2025-09-19,65,0,0,0,0
MSFT,2025-09-19,65,0,0,0,0
NVDA,2025-09-19,65,0,0,0,0
TSLA,2025-09-19,65,0,0,0,0
AAPL,2025-09-22,65,0,0,0,0
AMZN,2025-09-22,65,0,0,0,0
META,2025-09-22,65,0,0,0,0
MSFT,2025-09-22,65,0,0,0,0
NVDA,2025-09-22,65,0,0,0,0
TSLA,2025-09-22,65,0,0,0,0
AAPL,2025-09-23,65,0,0,0,0
AMZN,2025-09-23,65,0,0,0,0
META,2025-09-23,65,0,0,0,0
MSFT,2025-09-23,65,0,0,0,0
NVDA,2025-09-23,65,0,0,0,0
TSLA,2025-09-23,65,0,0,0,0
AAPL,2025-09-24,65,0,0,0,0
AMZN,2025-09-24,65,0,0,0,0
META,2025-09-24,65,0,0,0,0
MSFT,2025-09-24,65,0,0,0,0
NVDA,2025-09-24,65,0,0,0,0
TSLA,2025-09-24,65,0,0,0,0
AAPL,2025-09-25,65,0,0,0,0
AMZN,2025-09-25,65,0,0,0,0
META,2025-09-25,65,0,0,0,0
MSFT,2025-09-25,65,0,0,0,0
NVDA,2025-09-25,65,0,0,0,0
TSLA,2025-09-25,65,0,0,0,0
AAPL,2025-09-26,65,0,0,0,0
AMZN,2025-09-26,65,0,0,0,0
META,2025-09-26,65,0,0,0,0
MSFT,2025-09-26,65,0,0,0,0
NVDA,2025-09-26,65,0,0,0,0
TSLA,2025-09-26,65,0,0,0,0
AAPL,2025-09-29,65,0,0,0,0
AMZN,2025-09-29,65,0,0,0,0
META,2025-09-29,65,0,0,0,0
MSFT,2025-09-29,65,0,0,0,0
NVDA,2025-09-29,65,0,0,0,0
TSLA,2025-09-29,65,0,0,0,0
AAPL,2025-09-30,65,0,0,0,0
AMZN,2025-09-30,65,0,0,0,0
META,2025-09-30,65,0,0,0,0
MSFT,2025-09-30,65,0,0,0,0
NVDA,2025-09-30,65,0,0,0,0
TSLA,2025-09-30,65,0,0,0,0
AAPL,2025-10-01,65,0,0,0,0
AMZN,2025-10-01,65,0,0,0,0
META,2025-10-01,65,0,0,0,0
MSFT,2025-10-01,65,0,0,0,0
NVDA,2025-10-01,65,0,0,0,0
TSLA,2025-10-01,65,0,0,0,0
AAPL,2025-10-02,65,0,0,0,0
AMZN,2025-10-02,65,0,0,0,0
META,2025-10-02,65,0,0,0,0
MSFT,2025-10-02,65,0,0,0,0
NVDA,2025-10-02,65,0,0,0,0
TSLA,2025-10-02,65,0,0,0,0
AAPL,2025-10-03,65,0,0,0,0
AMZN,2025-10-03,65,0,0,0,0
META,2025-10-03,65,0,0,0,0
MSFT,2025-10-03,65,0,0,0,0
NVDA,2025-10-03,65,0,0,0,0
TSLA,2025-10-03,65,0,0,0,0
AAPL,2025-10-06,65,0,0,0,0
AMZN,2025-10-06,65,0,0,0,0
META,2025-10-06,65,0,0,0,0
MSFT,2025-10-06,65,0,0,0,0
NVDA,2025-10-06,65,0,0,0,0
TSLA,2025-10-06,65,0,0,0,0
AAPL,2025-10-07,65,0,0,0,0
AMZN,2025-10-07,65,0,0,0,0
META,2025-10-07,65,0,0,0,0
MSFT,2025-10-07,65,0,0,0,0
NVDA,2025-10-07,65,0,0,0,0
TSLA,2025-10-07,65,0,0,0,0
AAPL,2025-10-08,65,0,0,0,0
AMZN,2025-10-08,65,0,0,0,0
META,2025-10-08,65,0,0,0,0
MSFT,2025-10-08,65,0,0,0,0
NVDA,2025-10-08,65,0,0,0,0
TSLA,2025-10-08,65,0,0,0,0
AAPL,2025-10-09,65,0,0,0,0
AMZN,2025-10-09,65,0,0,0,0
META,2025-10-09,65,0,0,0,0
MSFT,2025-10-09,65,0,0,0,0
NVDA,2025-10-09,65,0,0,0,0
TSLA,2025-10-09,65,0,0,0,0
AAPL,2025-10-10,65,0,0,0,0
AMZN,2025-10-10,65,0,0,0,0
META,2025-10-10,65,0,0,0,0
MSFT,2025-10-10,65,0,0,0,0
NVDA,2025-10-10,65,0,0,0,0
TSLA,2025-10-10,65,0,0,0,0
AAPL,2025-10-13,65,0,0,0,0
AMZN,2025-10-13,65,0,0,0,0
META,2025-10-13,65,0,0,0,0
MSFT,2025-10-13,65,0,0,0,0
NVDA,2025-10-13,65,0,0,0,0
TSLA,2025-10-13,65,0,0,0,0
AAPL,2025-10-14,65,0,0,0,0
AMZN,2025-10-14,65,0,0,0,0
META,2025-10-14,65,0,0,0,0
MSFT,2025-10-14,65,0,0,0,0
NVDA,2025-10-14,65,0,0,0,0
TSLA,2025-10-14,65,0,0,0,0
AAPL,2025-10-15,65,0,0,0,0
AMZN,2025-10-15,65,0,0,0,0
META,2025-10-15,65,0,0,0,0
MSFT,2025-10-15,65,0,0,0,0
NVDA,2025-10-15,65,0,0,0,0
TSLA,2025-10-15,65,0,0,0,0
AAPL,2025-10-16,65,0,0,0,0
AMZN,2025-10-16,65,0,0,0,0
META,2025-10-16,65,0,0,0,0
MSFT,2025-10-16,65,0,0,0,0
NVDA,2025-10-16,65,0,0,0,0
TSLA,2025-10-16,65,0,0,0,0
AAPL,2025-10-17,65,0,0,0,0
AMZN,2025-10-17,65,0,0,0,0
META,2025-10-17,65,0,0,0,0
MSFT,2025-10-17,65,0,0,0,0
NVDA,2025-10-17,65,0,0,0,0
TSLA,2025-10-17,65,0,0,0,0
AAPL,2025-10-20,65,65,65,0,0
AMZN,2025-10-20,65,65,65,0,0
META,2025-10-20,65,65,65,0,0
MSFT,2025-10-20,65,65,65,0,0
NVDA,2025-10-20,65,65,65,0,0
TSLA,2025-10-20,65,65,65,0,0
AAPL,2025-10-21,65,0,0,0,0
AMZN,2025-10-21,65,0,0,0,0
META,2025-10-21,65,0,0,0,0
MSFT,2025-10-21,65,0,0,0,0
NVDA,2025-10-21,65,0,0,0,0
TSLA,2025-10-21,65,0,0,0,0
AAPL,2025-10-22,65,1,0,0,0
AMZN,2025-10-22,65,1,0,0,0
META,2025-10-22,65,1,0,0,0
MSFT,2025-10-22,65,1,0,0,0
NVDA,2025-10-22,65,1,0,0,0
TSLA,2025-10-22,65,1,0,0,0
AAPL,2025-10-23,65,0,0,0,0
AMZN,2025-10-23,65,0,0,0,0
META,2025-10-23,65,0,0,0,0
MSFT,2025-10-23,65,0,0,0,0
NVDA,2025-10-23,65,0,0,0,0
TSLA,2025-10-23,65,0,0,0,0
AAPL,2025-10-24,65,0,0,0,0
AMZN,2025-10-24,65,0,0,0,0
META,2025-10-24,65,0,0,0,0
MSFT,2025-10-24,65,0,0,0,0
NVDA,2025-10-24,65,0,0,0,0
TSLA,2025-10-24,65,0,0,0,0
AAPL,2025-10-27,65,0,0,0,0
AMZN,2025-10-27,65,0,0,0,0
META,2025-10-27,65,0,0,0,0
MSFT,2025-10-27,65,0,0,0,0
NVDA,2025-10-27,65,0,0,0,0
TSLA,2025-10-27,65,0,0,0,0
AAPL,2025-10-28,65,0,0,0,0
AMZN,2025-10-28,65,0,0,0,0
META,2025-10-28,65,0,0,0,0
MSFT,2025-10-28,65,0,0,0,0
NVDA,2025-10-28,65,0,0,0,0
TSLA,2025-10-28,65,0,0,0,0
AAPL,2025-10-29,65,0,0,0,0
AMZN,2025-10-29,65,0,0,0,0
META,2025-10-29,65,0,0,0,0
MSFT,2025-10-29,65,0,0,0,0
NVDA,2025-10-29,65,0,0,0,0
TSLA,2025-10-29,65,0,0,0,0
AAPL,2025-10-30,65,0,0,0,0
AMZN,2025-10-30,65,0,0,0,0
META,2025-10-30,65,0,0,0,0
MSFT,2025-10-30,65,0,0,0,0
NVDA,2025-10-30,65,0,0,0,0
TSLA,2025-10-30,65,0,0,0,0
AAPL,2025-10-31,65,0,0,0,0
AMZN,2025-10-31,65,0,0,0,0
META,2025-10-31,65,0,0,0,0
MSFT,2025-10-31,65,0,0,0,0
NVDA,2025-10-31,65,0,0,0,0
TSLA,2025-10-31,65,0,0,0,0
AAPL,2025-11-03,65,0,0,0,0
AMZN,2025-11-03,65,0,0,0,0
META,2025-11-03,65,0,0,0,0
MSFT,2025-11-03,65,0,0,0,0
NVDA,2025-11-03,65,0,0,0,0
TSLA,2025-11-03,65,0,0,0,0
AAPL,2025-11-04,65,0,0,0,0
AMZN,2025-11-04,65,0,0,0,0
META,2025-11-04,65,0,0,0,0
MSFT,2025-11-04,65,0,0,0,0
NVDA,2025-11-04,65,0,0,0,0
TSLA,2025-11-04,65,0,0,0,0
AAPL,2025-11-05,65,0,0,0,0
AMZN,2025-11-05,65,0,0,0,0
META,2025-11-05,65,0,0,0,0
MSFT,2025-11-05,65,0,0,0,0
NVDA,2025-11-05,65,0,0,0,0
TSLA,2025-11-05,65,0,0,0,0
AAPL,2025-11-06,65,0,0,0,0
AMZN,2025-11-06,65,0,0,0,0
META,2025-11-06,65,0,0,0,0
MSFT,2025-11-06,65,0,0,0,0
NVDA,2025-11-06,65,0,0,0,0
TSLA,2025-11-06,65,0,0,0,0
AAPL,2025-11-07,65,0,0,0,0
AMZN,2025-11-07,65,0,0,0,0
META,2025-11-07,65,0,0,0,0
MSFT,2025-11-07,65,0,0,0,0
NVDA,2025-11-07,65,0,0,0,0
TSLA,2025-11-07,65,0,0,0,0
AAPL,2025-11-10,65,0,0,0,0
AMZN,2025-11-10,65,0,0,0,0
META,2025-11-10,65,0,0,0,0
MSFT,2025-11-10,65,0,0,0,0
NVDA,2025-11-10,65,0,0,0,0
TSLA,2025-11-10,65,0,0,0,0
AAPL,2025-11-11,65,0,0,0,0
AMZN,2025-11-11,65,0,0,0,0
META,2025-11-11,65,0,0,0,0
MSFT,2025-11-11,65,0,0,0,0
NVDA,2025-11-11,65,0,0,0,0
TSLA,2025-11-11,65,0,0,0,0
AAPL,2025-11-12,65,0,0,0,0
AMZN,2025-11-12,65,0,0,0,0
META,2025-11-12,65,0,0,0,0
MSFT,2025-11-12,65,0,0,0,0
NVDA,2025-11-12,65,0,0,0,0
TSLA,2025-11-12,65,0,0,0,0
AAPL,2025-11-13,65,0,0,0,0
AMZN,2025-11-13,65,0,0,0,0
META,2025-11-13,65,0,0,0,0
MSFT,2025-11-13,65,0,0,0,0
NVDA,2025-11-13,65,0,0,0,0
TSLA,2025-11-13,65,0,0,0,0
AAPL,2025-11-14,65,0,0,0,0
AMZN,2025-11-14,65,0,0,0,0
META,2025-11-14,65,0,0,0,0
MSFT,2025-11-14,65,0,0,0,0
NVDA,2025-11-14,65,0,0,0,0
TSLA,2025-11-14,65,0,0,0,0
AAPL,2025-11-17,65,0,0,0,0
AMZN,2025-11-17,65,0,0,0,0
META,2025-11-17,65,0,0,0,0
MSFT,2025-11-17,65,0,0,0,0
NVDA,2025-11-17,65,0,0,0,0
TSLA,2025-11-17,65,0,0,0,0
AAPL,2025-11-18,65,0,0,0,0
AMZN,2025-11-18,65,0,0,0,0
META,2025-11-18,65,0,0,0,0
MSFT,2025-11-18,65,0,0,0,0
NVDA,2025-11-18,65,0,0,0,0
TSLA,2025-11-18,65,0,0,0,0
AAPL,2025-11-19,65,0,0,0,0
AMZN,2025-11-19,65,0,0,0,0
META,2025-11-19,65,0,0,0,0
MSFT,2025-11-19,65,0,0,0,0
NVDA,2025-11-19,65,0,0,0,0
TSLA,2025-11-19,65,0,0,0,0
AAPL,2025-11-20,65,0,0,0,0
AMZN,2025-11-20,65,0,0,0,0
META,2025-11-20,65,0,0,0,0
MSFT,2025-11-20,65,0,0,0,0
NVDA,2025-11-20,65,0,0,0,0
TSLA,2025-11-20,65,0,0,0,0
AAPL,2025-11-21,65,0,0,0,0
AMZN,2025-11-21,65,0,0,0,0
META,2025-11-21,65,0,0,0,0
MSFT,2025-11-21,65,0,0,0,0
NVDA,2025-11-21,65,0,0,0,0
TSLA,2025-11-21,65,0,0,0,0
AAPL,2025-11-24,65,0,0,0,0
AMZN,2025-11-24,65,0,0,0,0
META,2025-11-24,65,0,0,0,0
MSFT,2025-11-24,65,0,0,0,0
NVDA,2025-11-24,65,0,0,0,0
TSLA,2025-11-24,65,0,0,0,0
AAPL,2025-11-25,65,0,0,0,0
AMZN,2025-11-25,65,0,0,0,0
META,2025-11-25,65,0,0,0,0
MSFT,2025-11-25,65,0,0,0,0
NVDA,2025-11-25,65,0,0,0,0
TSLA,2025-11-25,65,0,0,0,0
AAPL,2025-11-26,65,0,0,0,0
AMZN,2025-11-26,65,0,0,0,0
META,2025-11-26,65,0,0,0,0
MSFT,2025-11-26,65,0,0,0,0
NVDA,2025-11-26,65,0,0,0,0
TSLA,2025-11-26,65,0,0,0,0
AAPL,2025-11-28,29,0,0,0,0
AMZN,2025-11-28,29,0,0,0,0
META,2025-11-28,29,0,0,0,0
MSFT,2025-11-28,29,0,0,0,0
NVDA,2025-11-28,29,0,0,0,0
TSLA,2025-11-28,29,0,0,0,0
AAPL,2025-12-01,65,0,0,0,0
AMZN,2025-12-01,65,0,0,0,0
META,2025-12-01,65,0,0,0,0
MSFT,2025-12-01,65,0,0,0,0
NVDA,2025-12-01,65,0,0,0,0
TSLA,2025-12-01,65,0,0,0,0
AAPL,2025-12-02,65,0,0,0,0
AMZN,2025-12-02,65,0,0,0,0
META,2025-12-02,65,0,0,0,0
MSFT,2025-12-02,65,0,0,0,0
NVDA,2025-12-02,65,0,0,0,0
TSLA,2025-12-02,65,0,0,0,0
AAPL,2025-12-03,65,0,0,0,0
AMZN,2025-12-03,65,0,0,0,0
META,2025-12-03,65,0,0,0,0
MSFT,2025-12-03,65,0,0,0,0
NVDA,2025-12-03,65,0,0,0,0
TSLA,2025-12-03,65,0,0,0,0
AAPL,2025-12-04,65,0,0,0,0
AMZN,2025-12-04,65,0,0,0,0
META,2025-12-04,65,0,0,0,0
MSFT,2025-12-04,65,0,0,0,0
NVDA,2025-12-04,65,0,0,0,0
TSLA,2025-12-04,65,0,0,0,0
AAPL,2025-12-05,65,0,0,0,0
AMZN,2025-12-05,65,0,0,0,0
META,2025-12-05,65,0,0,0,0
MSFT,2025-12-05,65,0,0,0,0
NVDA,2025-12-05,65,0,0,0,0
TSLA,2025-12-05,65,0,0,0,0
AAPL,2025-12-08,65,0,0,0,0
AMZN,2025-12-08,65,0,0,0,0
META,2025-12-08,65,0,0,0,0
MSFT,2025-12-08,65,0,0,0,0
NVDA,2025-12-08,65,0,0,0,0
TSLA,2025-12-08,65,0,0,0,0
AAPL,2025-12-09,65,0,0,0,0
AMZN,2025-12-09,65,0,0,0,0
META,2025-12-09,65,0,0,0,0
MSFT,2025-12-09,65,0,0,0,0
NVDA,2025-12-09,65,0,0,0,0
TSLA,2025-12-09,65,0,0,0,0
AAPL,2025-12-10,65,0,0,0,0
AMZN,2025-12-10,65,0,0,0,0
META,2025-12-10,65,0,0,0,0
MSFT,2025-12-10,65,0,0,0,0
NVDA,2025-12-10,65,0,0,0,0
TSLA,2025-12-10,65,0,0,0,0
AAPL,2025-12-11,65,0,0,0,0
AMZN,2025-12-11,65,0,0,0,0
META,2025-12-11,65,0,0,0,0
MSFT,2025-12-11,65,0,0,0,0
NVDA,2025-12-11,65,0,0,0,0
TSLA,2025-12-11,65,0,0,0,0
AAPL,2025-12-12,65,0,0,0,0
AMZN,2025-12-12,65,0,0,0,0
META,2025-12-12,65,0,0,0,0
MSFT,2025-12-12,65,0,0,0,0
NVDA,2025-12-12,65,0,0,0,0
TSLA,2025-12-12,65,0,0,0,0
AAPL,2025-12-15,65,0,0,0,0
AMZN,2025-12-15,65,0,0,0,0
META,2025-12-15,65,0,0,0,0
MSFT,2025-12-15,65,0,0,0,0
NVDA,2025-12-15,65,0,0,0,0
TSLA,2025-12-15,65,0,0,0,0
AAPL,2025-12-16,65,0,0,0,0
AMZN,2025-12-16,65,0,0,0,0
META,2025-12-16,65,0,0,0,0
MSFT,2025-12-16,65,0,0,0,0
NVDA,2025-12-16,65,0,0,0,0
TSLA,2025-12-16,65,0,0,0,0
AAPL,2025-12-17,65,0,0,0,0
AMZN,2025-12-17,65,0,0,0,0
META,2025-12-17,65,0,0,0,0
MSFT,2025-12-17,65,0,0,0,0
NVDA,2025-12-17,65,0,0,0,0
TSLA,2025-12-17,65,0,0,0,0
AAPL,2025-12-18,65,0,0,0,0
AMZN,2025-12-18,65,0,0,0,0
META,2025-12-18,65,0,0,0,0
MSFT,2025-12-18,65,0,0,0,0
NVDA,2025-12-18,65,0,0,0,0
TSLA,2025-12-18,65,0,0,0,0
AAPL,2025-12-19,65,0,0,0,0
AMZN,2025-12-19,65,0,0,0,0
META,2025-12-19,65,0,0,0,0
MSFT,2025-12-19,65,0,0,0,0
NVDA,2025-12-19,65,0,0,0,0
TSLA,2025-12-19,65,0,0,0,0
AAPL,2025-12-22,65,0,0,0,0
AMZN,2025-12-22,65,0,0,0,0
META,2025-12-22,65,0,0,0,0
MSFT,2025-12-22,65,0,0,0,0
NVDA,2025-12-22,65,0,0,0,0
TSLA,2025-12-22,65,0,0,0,0
AAPL,2025-12-23,65,0,0,0,0
AMZN,2025-12-23,65,0,0,0,0
META,2025-12-23,65,0,0,0,0
MSFT,2025-12-23,65,0,0,0,0
NVDA,2025-12-23,65,0,0,0,0
TSLA,2025-12-23,65,0,0,0,0
AAPL,2025-12-24,29,0,0,0,0
AMZN,2025-12-24,29,0,0,0,0
META,2025-12-24,29,0,0,0,0
MSFT,2025-12-24,29,0,0,0,0
NVDA,2025-12-24,29,0,0,0,0
TSLA,2025-12-24,29,0,0,0,0
AAPL,2025-12-26,65,0,0,0,0
AMZN,2025-12-26,65,0,0,0,0
META,2025-12-26,65,0,0,0,0
MSFT,2025-12-26,65,0,0,0,0
NVDA,2025-12-26,65,0,0,0,0
TSLA,2025-12-26,65,0,0,0,0
AAPL,2025-12-29,65,0,0,0,0
AMZN,2025-12-29,65,0,0,0,0
META,2025-12-29,65,0,0,0,0
MSFT,2025-12-29,65,0,0,0,0
NVDA,2025-12-29,65,0,0,0,0
TSLA,2025-12-29,65,0,0,0,0
AAPL,2025-12-30,65,0,0,0,0
AMZN,2025-12-30,65,0,0,0,0
META,2025-12-30,65,0,0,0,0
MSFT,2025-12-30,65,0,0,0,0
NVDA,2025-12-30,65,0,0,0,0
TSLA,2025-12-30,65,0,0,0,0
AAPL,2025-12-31,65,0,0,0,0
AMZN,2025-12-31,65,0,0,0,0
META,2025-12-31,65,0,0,0,0
MSFT,2025-12-31,65,0,0,0,0
NVDA,2025-12-31,65,0,0,0,0
TSLA,2025-12-31,65,0,0,0,0
AAPL,2026-01-02,65,0,0,0,0
AMZN,2026-01-02,65,0,0,0,0
META,2026-01-02,65,0,0,0,0
MSFT,2026-01-02,65,0,0,0,0
NVDA,2026-01-02,65,0,0,0,0
TSLA,2026-01-02,65,0,0,0,0
AAPL,2026-01-05,65,0,0,0,0
AMZN,2026-01-05,65,0,0,0,0
META,2026-01-05,65,0,0,0,0
MSFT,2026-01-05,65,0,0,0,0
NVDA,2026-01-05,65,0,0,0,0
TSLA,2026-01-05,65,0,0,0,0
AAPL,2026-01-06,65,0,0,0,0
AMZN,2026-01-06,65,0,0,0,0
META,2026-01-06,65,0,0,0,0
MSFT,2026-01-06,65,0,0,0,0
NVDA,2026-01-06,65,0,0,0,0
TSLA,2026-01-06,65,0,0,0,0
AAPL,2026-01-07,65,0,0,0,0
AMZN,2026-01-07,65,0,0,0,0
META,2026-01-07,65,0,0,0,0
MSFT,2026-01-07,65,0,0,0,0
NVDA,2026-01-07,65,0,0,0,0
TSLA,2026-01-07,65,0,0,0,0
AAPL,2026-01-08,65,0,0,0,0
AMZN,2026-01-08,65,0,0,0,0
META,2026-01-08,65,0,0,0,0
MSFT,2026-01-08,65,0,0,0,0
NVDA,2026-01-08,65,0,0,0,0
TSLA,2026-01-08,65,0,0,0,0
AAPL,2026-01-09,65,0,0,0,0
AMZN,2026-01-09,65,0,0,0,0
META,2026-01-09,65,0,0,0,0
MSFT,2026-01-09,65,0,0,0,0
NVDA,2026-01-09,65,0,0,0,0
TSLA,2026-01-09,65,0,0,0,0
AAPL,2026-01-12,65,0,0,0,0
AMZN,2026-01-12,65,0,0,0,0
META,2026-01-12,65,0,0,0,0
MSFT,2026-01-12,65,0,0,0,0
NVDA,2026-01-12,65,0,0,0,0
TSLA,2026-01-12,65,0,0,0,0
AAPL,2026-01-13,65,0,0,0,0
AMZN,2026-01-13,65,0,0,0,0
META,2026-01-13,65,0,0,0,0
MSFT,2026-01-13,65,0,0,0,0
NVDA,2026-01-13,65,0,0,0,0
TSLA,2026-01-13,65,0,0,0,0
AAPL,2026-01-14,65,0,0,0,0
AMZN,2026-01-14,65,0,0,0,0
META,2026-01-14,65,0,0,0,0
MSFT,2026-01-14,65,0,0,0,0
NVDA,2026-01-14,65,0,0,0,0
TSLA,2026-01-14,65,0,0,0,0
AAPL,2026-01-15,65,0,0,0,0
AMZN,2026-01-15,65,0,0,0,0
META,2026-01-15,65,0,0,0,0
MSFT,2026-01-15,65,0,0,0,0
NVDA,2026-01-15,65,0,0,0,0
TSLA,2026-01-15,65,0,0,0,0
AAPL,2026-01-16,65,0,0,0,0
AMZN,2026-01-16,65,0,0,0,0
META,2026-01-16,65,0,0,0,0
MSFT,2026-01-16,65,0,0,0,0
NVDA,2026-01-16,65,0,0,0,0
TSLA,2026-01-16,65,0,0,0,0
AAPL,2026-01-20,65,0,0,0,0
AMZN,2026-01-20,65,0,0,0,0
META,2026-01-20,65,0,0,0,0
MSFT,2026-01-20,65,0,0,0,0
NVDA,2026-01-20,65,0,0,0,0
TSLA,2026-01-20,65,0,0,0,0
AAPL,2026-01-21,65,0,0,0,0
AMZN,2026-01-21,65,0,0,0,0
META,2026-01-21,65,0,0,0,0
MSFT,2026-01-21,65,0,0,0,0
NVDA,2026-01-21,65,0,0,0,0
TSLA,2026-01-21,65,0,0,0,0
AAPL,2026-01-22,65,0,0,0,0
AMZN,2026-01-22,65,0,0,0,0
META,2026-01-22,65,0,0,0,0
MSFT,2026-01-22,65,0,0,0,0
NVDA,2026-01-22,65,0,0,0,0
TSLA,2026-01-22,65,0,0,0,0
AAPL,2026-01-23,65,0,0,0,0
AMZN,2026-01-23,65,0,0,0,0
META,2026-01-23,65,0,0,0,0
MSFT,2026-01-23,65,0,0,0,0
NVDA,2026-01-23,65,0,0,0,0
TSLA,2026-01-23,65,0,0,0,0
AAPL,2026-01-26,65,0,0,0,0
AMZN,2026-01-26,65,0,0,0,0
META,2026-01-26,65,0,0,0,0
MSFT,2026-01-26,65,0,0,0,0
NVDA,2026-01-26,65,0,0,0,0
TSLA,2026-01-26,65,0,0,0,0
AAPL,2026-01-27,65,0,0,0,0
AMZN,2026-01-27,65,0,0,0,0
META,2026-01-27,65,0,0,0,0
MSFT,2026-01-27,65,0,0,0,0
NVDA,2026-01-27,65,0,0,0,0
TSLA,2026-01-27,65,0,0,0,0
AAPL,2026-01-28,65,0,0,0,0
AMZN,2026-01-28,65,0,0,0,0
META,2026-01-28,65,0,0,0,0
MSFT,2026-01-28,65,0,0,0,0
NVDA,2026-01-28,65,0,0,0,0
TSLA,2026-01-28,65,0,0,0,0
AAPL,2026-01-29,65,0,0,0,0
AMZN,2026-01-29,65,0,0,0,0
META,2026-01-29,65,0,0,0,0
MSFT,2026-01-29,65,0,0,0,0
NVDA,2026-01-29,65,0,0,0,0
TSLA,2026-01-29,65,0,0,0,0
AAPL,2026-01-30,65,0,0,0,0
AMZN,2026-01-30,65,0,0,0,0
META,2026-01-30,65,0,0,0,0
MSFT,2026-01-30,65,0,0,0,0
NVDA,2026-01-30,65,0,0,0,0
TSLA,2026-01-30,65,0,0,0,0
AAPL,2026-02-02,65,0,0,0,0
AMZN,2026-02-02,65,0,0,0,0
META,2026-02-02,65,0,0,0,0
MSFT,2026-02-02,65,0,0,0,0
NVDA,2026-02-02,65,0,0,0,0
TSLA,2026-02-02,65,0,0,0,0
AAPL,2026-02-03,65,0,0,0,0
AMZN,2026-02-03,65,0,0,0,0
META,2026-02-03,65,0,0,0,0
MSFT,2026-02-03,65,0,0,0,0
NVDA,2026-02-03,65,0,0,0,0
TSLA,2026-02-03,65,0,0,0,0
AAPL,2026-02-04,65,0,0,0,0
AMZN,2026-02-04,65,0,0,0,0
META,2026-02-04,65,0,0,0,0
MSFT,2026-02-04,65,0,0,0,0
NVDA,2026-02-04,65,0,0,0,0
TSLA,2026-02-04,65,0,0,0,0
AAPL,2026-02-05,65,0,0,0,0
AMZN,2026-02-05,65,0,0,0,0
META,2026-02-05,65,0,0,0,0
MSFT,2026-02-05,65,0,0,0,0
NVDA,2026-02-05,65,0,0,0,0
TSLA,2026-02-05,65,0,0,0,0
AAPL,2026-02-06,65,0,0,0,0
AMZN,2026-02-06,65,0,0,0,0
META,2026-02-06,65,0,0,0,0
MSFT,2026-02-06,65,0,0,0,0
NVDA,2026-02-06,65,0,0,0,0
TSLA,2026-02-06,65,0,0,0,0
AAPL,2026-02-09,65,0,0,0,0
AMZN,2026-02-09,65,0,0,0,0
META,2026-02-09,65,0,0,0,0
MSFT,2026-02-09,65,0,0,0,0
NVDA,2026-02-09,65,0,0,0,0
TSLA,2026-02-09,65,0,0,0,0
AAPL,2026-02-10,65,0,0,0,0
AMZN,2026-02-10,65,0,0,0,0
META,2026-02-10,65,0,0,0,0
MSFT,2026-02-10,65,0,0,0,0
NVDA,2026-02-10,65,0,0,0,0
TSLA,2026-02-10,65,0,0,0,0
AAPL,2026-02-11,65,0,0,0,0
AMZN,2026-02-11,65,0,0,0,0
META,2026-02-11,65,0,0,0,0
MSFT,2026-02-11,65,0,0,0,0
NVDA,2026-02-11,65,0,0,0,0
TSLA,2026-02-11,65,0,0,0,0
AAPL,2026-02-12,65,0,0,0,0
AMZN,2026-02-12,65,0,0,0,0
META,2026-02-12,65,0,0,0,0
MSFT,2026-02-12,65,0,0,0,0
NVDA,2026-02-12,65,0,0,0,0
TSLA,2026-02-12,65,0,0,0,0
AAPL,2026-02-13,65,0,0,0,0
AMZN,2026-02-13,65,0,0,0,0
META,2026-02-13,65,0,0,0,0
MSFT,2026-02-13,65,0,0,0,0
NVDA,2026-02-13,65,0,0,0,0
TSLA,2026-02-13,65,0,0,0,0
AAPL,2026-02-17,65,0,0,0,0
AMZN,2026-02-17,65,0,0,0,0
META,2026-02-17,65,0,0,0,0
MSFT,2026-02-17,65,0,0,0,0
NVDA,2026-02-17,65,0,0,0,0
TSLA,2026-02-17,65,0,0,0,0
AAPL,2026-02-18,65,0,0,0,0
AMZN,2026-02-18,65,0,0,0,0
META,2026-02-18,65,0,0,0,0
MSFT,2026-02-18,65,0,0,0,0
NVDA,2026-02-18,65,0,0,0,0
TSLA,2026-02-18,65,0,0,0,0
AAPL,2026-02-19,65,0,0,0,0
AMZN,2026-02-19,65,0,0,0,0
META,2026-02-19,65,0,0,0,0
MSFT,2026-02-19,65,0,0,0,0
NVDA,2026-02-19,65,0,0,0,0
TSLA,2026-02-19,65,0,0,0,0
AAPL,2026-02-20,65,0,0,0,0
AMZN,2026-02-20,65,0,0,0,0
META,2026-02-20,65,0,0,0,0
MSFT,2026-02-20,65,0,0,0,0
NVDA,2026-02-20,65,0,0,0,0
TSLA,2026-02-20,65,0,0,0,0
AAPL,2026-02-23,65,0,0,0,0
AMZN,2026-02-23,65,0,0,0,0
META,2026-02-23,65,0,0,0,0
MSFT,2026-02-23,65,0,0,0,0
NVDA,2026-02-23,65,0,0,0,0
TSLA,2026-02-23,65,0,0,0,0
AAPL,2026-02-24,65,0,0,0,0
AMZN,2026-02-24,65,0,0,0,0
META,2026-02-24,65,0,0,0,0
MSFT,2026-02-24,65,0,0,0,0
NVDA,2026-02-24,65,0,0,0,0
TSLA,2026-02-24,65,0,0,0,0
AAPL,2026-02-25,65,0,0,0,0
AMZN,2026-02-25,65,0,0,0,0
META,2026-02-25,65,0,0,0,0
MSFT,2026-02-25,65,0,0,0,0
NVDA,2026-02-25,65,0,0,0,0
TSLA,2026-02-25,65,0,0,0,0
AAPL,2026-02-26,65,0,0,0,0
AMZN,2026-02-26,65,0,0,0,0
META,2026-02-26,65,0,0,0,0
MSFT,2026-02-26,65,0,0,0,0
NVDA,2026-02-26,65,0,0,0,0
TSLA,2026-02-26,65,0,0,0,0
AAPL,2026-02-27,65,0,0,0,0
AMZN,2026-02-27,65,0,0,0,0
META,2026-02-27,65,0,0,0,0
MSFT,2026-02-27,65,0,0,0,0
NVDA,2026-02-27,65,0,0,0,0
TSLA,2026-02-27,65,0,0,0,0
AAPL,2026-03-02,65,0,0,0,0
AMZN,2026-03-02,65,0,0,0,0
META,2026-03-02,65,0,0,0,0
MSFT,2026-03-02,65,0,0,0,0
NVDA,2026-03-02,65,0,0,0,0
TSLA,2026-03-02,65,0,0,0,0
AAPL,2026-03-03,65,0,0,0,0
AMZN,2026-03-03,65,0,0,0,0
META,2026-03-03,65,0,0,0,0
MSFT,2026-03-03,65,0,0,0,0
NVDA,2026-03-03,65,0,0,0,0
TSLA,2026-03-03,65,0,0,0,0
AAPL,2026-03-04,65,0,0,0,0
AMZN,2026-03-04,65,0,0,0,0
META,2026-03-04,65,0,0,0,0
MSFT,2026-03-04,65,0,0,0,0
NVDA,2026-03-04,65,0,0,0,0
TSLA,2026-03-04,65,0,0,0,0
AAPL,2026-03-05,65,0,0,0,0
AMZN,2026-03-05,65,0,0,0,0
META,2026-03-05,65,0,0,0,0
MSFT,2026-03-05,65,0,0,0,0
NVDA,2026-03-05,65,0,0,0,0
TSLA,2026-03-05,65,0,0,0,0
AAPL,2026-03-06,65,0,0,0,0
AMZN,2026-03-06,65,0,0,0,0
META,2026-03-06,65,0,0,0,0
MSFT,2026-03-06,65,0,0,0,0
NVDA,2026-03-06,65,0,0,0,0
TSLA,2026-03-06,65,0,0,0,0
AAPL,2026-03-09,65,0,0,0,0
AMZN,2026-03-09,65,0,0,0,0
META,2026-03-09,65,0,0,0,0
MSFT,2026-03-09,65,0,0,0,0
NVDA,2026-03-09,65,0,0,0,0
TSLA,2026-03-09,65,0,0,0,0
AAPL,2026-03-10,65,0,0,0,0
AMZN,2026-03-10,65,0,0,0,0
META,2026-03-10,65,0,0,0,0
MSFT,2026-03-10,65,0,0,0,0
NVDA,2026-03-10,65,0,0,0,0
TSLA,2026-03-10,65,0,0,0,0
AAPL,2026-03-11,65,0,0,0,0
AMZN,2026-03-11,65,0,0,0,0
META,2026-03-11,65,0,0,0,0
MSFT,2026-03-11,65,0,0,0,0
NVDA,2026-03-11,65,0,0,0,0
TSLA,2026-03-11,65,0,0,0,0
AAPL,2026-03-12,65,0,0,0,0
AMZN,2026-03-12,65,0,0,0,0
META,2026-03-12,65,0,0,0,0
MSFT,2026-03-12,65,0,0,0,0
NVDA,2026-03-12,65,0,0,0,0
TSLA,2026-03-12,65,0,0,0,0
AAPL,2026-03-13,65,0,0,0,0
AMZN,2026-03-13,65,0,0,0,0
META,2026-03-13,65,0,0,0,0
MSFT,2026-03-13,65,0,0,0,0
NVDA,2026-03-13,65,0,0,0,0
TSLA,2026-03-13,65,0,0,0,0
AAPL,2026-03-16,65,0,0,0,0
AMZN,2026-03-16,65,0,0,0,0
META,2026-03-16,65,0,0,0,0
MSFT,2026-03-16,65,0,0,0,0
NVDA,2026-03-16,65,0,0,0,0
TSLA,2026-03-16,65,0,0,0,0
AAPL,2026-03-17,65,0,0,0,0
AMZN,2026-03-17,65,0,0,0,0
META,2026-03-17,65,0,0,0,0
MSFT,2026-03-17,65,0,0,0,0
NVDA,2026-03-17,65,0,0,0,0
TSLA,2026-03-17,65,0,0,0,0
AAPL,2026-03-18,65,0,0,0,0
AMZN,2026-03-18,65,0,0,0,0
META,2026-03-18,65,0,0,0,0
MSFT,2026-03-18,65,0,0,0,0
NVDA,2026-03-18,65,0,0,0,0
TSLA,2026-03-18,65,0,0,0,0
AAPL,2026-03-19,65,0,0,0,0
AMZN,2026-03-19,65,0,0,0,0
META,2026-03-19,65,0,0,0,0
MSFT,2026-03-19,65,0,0,0,0
NVDA,2026-03-19,65,0,0,0,0
TSLA,2026-03-19,65,0,0,0,0
AAPL,2026-03-20,65,0,0,0,0
AMZN,2026-03-20,65,0,0,0,0
META,2026-03-20,65,0,0,0,0
MSFT,2026-03-20,65,0,0,0,0
NVDA,2026-03-20,65,0,0,0,0
TSLA,2026-03-20,65,0,0,0,0
AAPL,2026-03-23,65,0,0,0,0
AMZN,2026-03-23,65,0,0,0,0
META,2026-03-23,65,0,0,0,0
MSFT,2026-03-23,65,0,0,0,0
NVDA,2026-03-23,65,0,0,0,0
TSLA,2026-03-23,65,0,0,0,0
AAPL,2026-03-24,65,0,0,0,0
AMZN,2026-03-24,65,0,0,0,0
META,2026-03-24,65,0,0,0,0
MSFT,2026-03-24,65,0,0,0,0
NVDA,2026-03-24,65,0,0,0,0
TSLA,2026-03-24,65,0,0,0,0
AAPL,2026-03-25,65,0,0,0,0
AMZN,2026-03-25,65,0,0,0,0
META,2026-03-25,65,0,0,0,0
MSFT,2026-03-25,65,0,0,0,0
NVDA,2026-03-25,65,0,0,0,0
TSLA,2026-03-25,65,0,0,0,0
AAPL,2026-03-26,65,0,0,0,0
AMZN,2026-03-26,65,0,0,0,0
META,2026-03-26,65,0,0,0,0
MSFT,2026-03-26,65,0,0,0,0
NVDA,2026-03-26,65,0,0,0,0
TSLA,2026-03-26,65,0,0,0,0
AAPL,2026-03-27,65,0,0,0,0
AMZN,2026-03-27,65,0,0,0,0
META,2026-03-27,65,0,0,0,0
MSFT,2026-03-27,65,0,0,0,0
NVDA,2026-03-27,65,0,0,0,0
TSLA,2026-03-27,65,0,0,0,0
AAPL,2026-03-30,65,0,0,0,0
AMZN,2026-03-30,65,0,0,0,0
META,2026-03-30,65,0,0,0,0
MSFT,2026-03-30,65,0,0,0,0
NVDA,2026-03-30,65,0,0,0,0
TSLA,2026-03-30,65,0,0,0,0
AAPL,2026-03-31,65,0,0,0,0
AMZN,2026-03-31,65,0,0,0,0
META,2026-03-31,65,0,0,0,0
MSFT,2026-03-31,65,0,0,0,0
NVDA,2026-03-31,65,0,0,0,0
TSLA,2026-03-31,65,0,0,0,0
AAPL,2026-04-01,65,0,0,0,0
AMZN,2026-04-01,65,0,0,0,0
META,2026-04-01,65,0,0,0,0
MSFT,2026-04-01,65,0,0,0,0
NVDA,2026-04-01,65,0,0,0,0
TSLA,2026-04-01,65,0,0,0,0
AAPL,2026-04-02,65,0,0,0,0
AMZN,2026-04-02,65,0,0,0,0
META,2026-04-02,65,0,0,0,0
MSFT,2026-04-02,65,0,0,0,0
NVDA,2026-04-02,65,0,0,0,0
TSLA,2026-04-02,65,0,0,0,0
AAPL,2026-04-06,65,0,0,0,0
AMZN,2026-04-06,65,0,0,0,0
META,2026-04-06,65,0,0,0,0
MSFT,2026-04-06,65,0,0,0,0
NVDA,2026-04-06,65,0,0,0,0
TSLA,2026-04-06,65,0,0,0,0
AAPL,2026-04-07,65,0,0,0,0
AMZN,2026-04-07,65,0,0,0,0
META,2026-04-07,65,0,0,0,0
MSFT,2026-04-07,65,0,0,0,0
NVDA,2026-04-07,65,0,0,0,0
TSLA,2026-04-07,65,0,0,0,0
AAPL,2026-04-08,65,0,0,0,0
AMZN,2026-04-08,65,0,0,0,0
META,2026-04-08,65,0,0,0,0
MSFT,2026-04-08,65,0,0,0,0
NVDA,2026-04-08,65,0,0,0,0
TSLA,2026-04-08,65,0,0,0,0
AAPL,2026-04-09,65,0,0,0,0
AMZN,2026-04-09,65,0,0,0,0
META,2026-04-09,65,0,0,0,0
MSFT,2026-04-09,65,0,0,0,0
NVDA,2026-04-09,65,0,0,0,0
TSLA,2026-04-09,65,0,0,0,0
AAPL,2026-04-10,65,0,0,0,0
AMZN,2026-04-10,65,0,0,0,0
META,2026-04-10,65,0,0,0,0
MSFT,2026-04-10,65,0,0,0,0
NVDA,2026-04-10,65,0,0,0,0
TSLA,2026-04-10,65,0,0,0,0
AAPL,2026-04-13,65,0,0,0,0
AMZN,2026-04-13,65,0,0,0,0
META,2026-04-13,65,0,0,0,0
MSFT,2026-04-13,65,0,0,0,0
NVDA,2026-04-13,65,0,0,0,0
TSLA,2026-04-13,65,0,0,0,0
AAPL,2026-04-14,65,0,0,0,0
AMZN,2026-04-14,65,0,0,0,0
META,2026-04-14,65,0,0,0,0
MSFT,2026-04-14,65,0,0,0,0
NVDA,2026-04-14,65,0,0,0,0
TSLA,2026-04-14,65,0,0,0,0
AAPL,2026-04-15,65,0,0,0,0
AMZN,2026-04-15,65,0,0,0,0
META,2026-04-15,65,0,0,0,0
MSFT,2026-04-15,65,0,0,0,0
NVDA,2026-04-15,65,0,0,0,0
TSLA,2026-04-15,65,0,0,0,0
AAPL,2026-04-16,65,0,0,0,0
AMZN,2026-04-16,65,0,0,0,0
META,2026-04-16,65,0,0,0,0
MSFT,2026-04-16,65,0,0,0,0
NVDA,2026-04-16,65,0,0,0,0
TSLA,2026-04-16,65,0,0,0,0
AAPL,2026-04-17,65,0,0,0,0
AMZN,2026-04-17,65,0,0,0,0
META,2026-04-17,65,0,0,0,0
MSFT,2026-04-17,65,0,0,0,0
NVDA,2026-04-17,65,0,0,0,0
TSLA,2026-04-17,65,0,0,0,0
AAPL,2026-04-20,65,0,0,0,0
AMZN,2026-04-20,65,0,0,0,0
META,2026-04-20,65,0,0,0,0
MSFT,2026-04-20,65,0,0,0,0
NVDA,2026-04-20,65,0,0,0,0
TSLA,2026-04-20,65,0,0,0,0
AAPL,2026-04-21,65,0,0,0,0
AMZN,2026-04-21,65,0,0,0,0
META,2026-04-21,65,0,0,0,0
MSFT,2026-04-21,65,0,0,0,0
NVDA,2026-04-21,65,0,0,0,0
TSLA,2026-04-21,65,0,0,0,0
AAPL,2026-04-22,65,0,0,0,0
AMZN,2026-04-22,65,0,0,0,0
META,2026-04-22,65,0,0,0,0
MSFT,2026-04-22,65,0,0,0,0
NVDA,2026-04-22,65,0,0,0,0
TSLA,2026-04-22,65,0,0,0,0
AAPL,2026-04-23,65,0,0,0,0
AMZN,2026-04-23,65,0,0,0,0
META,2026-04-23,65,0,0,0,0
MSFT,2026-04-23,65,0,0,0,0
NVDA,2026-04-23,65,0,0,0,0
TSLA,2026-04-23,65,0,0,0,0
AAPL,2026-04-24,65,0,0,0,0
AMZN,2026-04-24,65,0,0,0,0
META,2026-04-24,65,0,0,0,0
MSFT,2026-04-24,65,0,0,0,0
NVDA,2026-04-24,65,0,0,0,0
TSLA,2026-04-24,65,0,0,0,0
AAPL,2026-04-27,65,0,0,0,0
AMZN,2026-04-27,65,0,0,0,0
META,2026-04-27,65,0,0,0,0
MSFT,2026-04-27,65,0,0,0,0
NVDA,2026-04-27,65,0,0,0,0
TSLA,2026-04-27,65,0,0,0,0
AAPL,2026-04-28,65,0,0,0,0
AMZN,2026-04-28,65,0,0,0,0
META,2026-04-28,65,0,0,0,0
MSFT,2026-04-28,65,0,0,0,0
NVDA,2026-04-28,65,0,0,0,0
TSLA,2026-04-28,65,0,0,0,0
AAPL,2026-04-29,65,0,0,0,0
AMZN,2026-04-29,65,0,0,0,0
META,2026-04-29,65,0,0,0,0
MSFT,2026-04-29,65,0,0,0,0
NVDA,2026-04-29,65,0,0,0,0
TSLA,2026-04-29,65,0,0,0,0
AAPL,2026-04-30,65,0,0,0,0
AMZN,2026-04-30,65,0,0,0,0
META,2026-04-30,65,0,0,0,0
MSFT,2026-04-30,65,0,0,0,0
NVDA,2026-04-30,65,0,0,0,0
TSLA,2026-04-30,65,0,0,0,0
AAPL,2026-05-01,65,0,0,0,0
AMZN,2026-05-01,65,0,0,0,0
META,2026-05-01,65,0,0,0,0
MSFT,2026-05-01,65,0,0,0,0
NVDA,2026-05-01,65,0,0,0,0
TSLA,2026-05-01,65,0,0,0,0
AAPL,2026-05-04,65,0,0,0,0
AMZN,2026-05-04,65,0,0,0,0
META,2026-05-04,65,0,0,0,0
MSFT,2026-05-04,65,0,0,0,0
NVDA,2026-05-04,65,0,0,0,0
TSLA,2026-05-04,65,0,0,0,0
AAPL,2026-05-05,65,0,0,0,0
AMZN,2026-05-05,65,0,0,0,0
META,2026-05-05,65,0,0,0,0
MSFT,2026-05-05,65,0,0,0,0
NVDA,2026-05-05,65,0,0,0,0
TSLA,2026-05-05,65,0,0,0,0
AAPL,2026-05-06,65,0,0,0,0
AMZN,2026-05-06,65,0,0,0,0
META,2026-05-06,65,0,0,0,0
MSFT,2026-05-06,65,0,0,0,0
NVDA,2026-05-06,65,0,0,0,0
TSLA,2026-05-06,65,0,0,0,0
AAPL,2026-05-07,65,0,0,0,0
AMZN,2026-05-07,65,0,0,0,0
META,2026-05-07,65,0,0,0,0
MSFT,2026-05-07,65,0,0,0,0
NVDA,2026-05-07,65,0,0,0,0
TSLA,2026-05-07,65,0,0,0,0
AAPL,2026-05-08,65,0,0,0,0
AMZN,2026-05-08,65,0,0,0,0
META,2026-05-08,65,0,0,0,0
MSFT,2026-05-08,65,0,0,0,0
NVDA,2026-05-08,65,0,0,0,0
TSLA,2026-05-08,65,0,0,0,0
AAPL,2026-05-11,65,0,0,0,0
AMZN,2026-05-11,65,0,0,0,0
META,2026-05-11,65,0,0,0,0
MSFT,2026-05-11,65,0,0,0,0
NVDA,2026-05-11,65,0,0,0,0
TSLA,2026-05-11,65,0,0,0,0
AAPL,2026-05-12,65,0,0,0,0
AMZN,2026-05-12,65,0,0,0,0
META,2026-05-12,65,0,0,0,0
MSFT,2026-05-12,65,0,0,0,0
NVDA,2026-05-12,65,0,0,0,0
TSLA,2026-05-12,65,0,0,0,0
AAPL,2026-05-13,65,0,0,0,0
AMZN,2026-05-13,65,0,0,0,0
META,2026-05-13,65,0,0,0,0
MSFT,2026-05-13,65,0,0,0,0
NVDA,2026-05-13,65,0,0,0,0
TSLA,2026-05-13,65,0,0,0,0
AAPL,2026-05-14,65,0,0,0,0
AMZN,2026-05-14,65,0,0,0,0
META,2026-05-14,65,0,0,0,0
MSFT,2026-05-14,65,0,0,0,0
NVDA,2026-05-14,65,0,0,0,0
TSLA,2026-05-14,65,0,0,0,0
AAPL,2026-05-15,65,0,0,0,0
AMZN,2026-05-15,65,0,0,0,0
META,2026-05-15,65,0,0,0,0
MSFT,2026-05-15,65,0,0,0,0
NVDA,2026-05-15,65,0,0,0,0
TSLA,2026-05-15,65,0,0,0,0
AAPL,2026-05-18,65,0,0,0,0
AMZN,2026-05-18,65,0,0,0,0
META,2026-05-18,65,0,0,0,0
MSFT,2026-05-18,65,0,0,0,0
NVDA,2026-05-18,65,0,0,0,0
TSLA,2026-05-18,65,0,0,0,0
AAPL,2026-05-19,65,0,0,0,0
AMZN,2026-05-19,65,0,0,0,0
META,2026-05-19,65,0,0,0,0
MSFT,2026-05-19,65,0,0,0,0
NVDA,2026-05-19,65,0,0,0,0
TSLA,2026-05-19,65,0,0,0,0
AAPL,2026-05-20,65,0,0,0,0
AMZN,2026-05-20,65,0,0,0,0
META,2026-05-20,65,0,0,0,0
MSFT,2026-05-20,65,0,0,0,0
NVDA,2026-05-20,65,0,0,0,0
TSLA,2026-05-20,65,0,0,0,0
AAPL,2026-05-21,65,0,0,0,0
AMZN,2026-05-21,65,0,0,0,0
META,2026-05-21,65,0,0,0,0
MSFT,2026-05-21,65,0,0,0,0
NVDA,2026-05-21,65,0,0,0,0
TSLA,2026-05-21,65,0,0,0,0
AAPL,2026-05-22,65,0,0,0,0
AMZN,2026-05-22,65,0,0,0,0
META,2026-05-22,65,0,0,0,0
MSFT,2026-05-22,65,0,0,0,0
NVDA,2026-05-22,65,0,0,0,0
TSLA,2026-05-22,65,0,0,0,0
AAPL,2026-05-26,65,0,0,0,0
AMZN,2026-05-26,65,0,0,0,0
META,2026-05-26,65,0,0,0,0
MSFT,2026-05-26,65,0,0,0,0
NVDA,2026-05-26,65,0,0,0,0
TSLA,2026-05-26,65,0,0,0,0
AAPL,2026-05-27,65,0,0,0,0
AMZN,2026-05-27,65,0,0,0,0
META,2026-05-27,65,0,0,0,0
MSFT,2026-05-27,65,0,0,0,0
NVDA,2026-05-27,65,0,0,0,0
TSLA,2026-05-27,65,0,0,0,0
AAPL,2026-05-28,65,0,0,0,0
AMZN,2026-05-28,65,0,0,0,0
META,2026-05-28,65,0,0,0,0
MSFT,2026-05-28,65,0,0,0,0
NVDA,2026-05-28,65,0,0,0,0
TSLA,2026-05-28,65,0,0,0,0
AAPL,2026-05-29,65,0,0,0,0
AMZN,2026-05-29,65,0,0,0,0
META,2026-05-29,65,0,0,0,0
MSFT,2026-05-29,65,0,0,0,0
NVDA,2026-05-29,65,0,0,0,0
TSLA,2026-05-29,65,0,0,0,0
AAPL,2026-06-01,65,0,0,0,0
AMZN,2026-06-01,65,0,0,0,0
META,2026-06-01,65,0,0,0,0
MSFT,2026-06-01,65,0,0,0,0
NVDA,2026-06-01,65,0,0,0,0
TSLA,2026-06-01,65,0,0,0,0
AAPL,2026-06-02,65,0,0,0,0
AMZN,2026-06-02,65,0,0,0,0
META,2026-06-02,65,0,0,0,0
MSFT,2026-06-02,65,0,0,0,0
NVDA,2026-06-02,65,0,0,0,0
TSLA,2026-06-02,65,0,0,0,0
AAPL,2026-06-03,65,0,0,0,0
AMZN,2026-06-03,65,0,0,0,0
META,2026-06-03,65,0,0,0,0
MSFT,2026-06-03,65,0,0,0,0
NVDA,2026-06-03,65,0,0,0,0
TSLA,2026-06-03,65,0,0,0,0
AAPL,2026-06-04,65,0,0,0,0
AMZN,2026-06-04,65,0,0,0,0
META,2026-06-04,65,0,0,0,0
MSFT,2026-06-04,65,0,0,0,0
NVDA,2026-06-04,65,0,0,0,0
TSLA,2026-06-04,65,0,0,0,0
AAPL,2026-06-05,65,0,0,0,0
AMZN,2026-06-05,65,0,0,0,0
META,2026-06-05,65,0,0,0,0
MSFT,2026-06-05,65,0,0,0,0
NVDA,2026-06-05,65,0,0,0,0
TSLA,2026-06-05,65,0,0,0,0
AAPL,2026-06-08,65,0,0,0,0
AMZN,2026-06-08,65,0,0,0,0
META,2026-06-08,65,0,0,0,0
MSFT,2026-06-08,65,0,0,0,0
NVDA,2026-06-08,65,0,0,0,0
TSLA,2026-06-08,65,0,0,0,0
AAPL,2026-06-09,65,0,0,0,0
AMZN,2026-06-09,65,0,0,0,0
META,2026-06-09,65,0,0,0,0
MSFT,2026-06-09,65,0,0,0,0
NVDA,2026-06-09,65,0,0,0,0
TSLA,2026-06-09,65,0,0,0,0
AAPL,2026-06-10,65,0,0,0,0
AMZN,2026-06-10,65,0,0,0,0
META,2026-06-10,65,0,0,0,0
MSFT,2026-06-10,65,0,0,0,0
NVDA,2026-06-10,65,0,0,0,0
TSLA,2026-06-10,65,0,0,0,0
AAPL,2026-06-11,65,0,0,0,0
AMZN,2026-06-11,65,0,0,0,0
META,2026-06-11,65,0,0,0,0
MSFT,2026-06-11,65,0,0,0,0
NVDA,2026-06-11,65,0,0,0,0
TSLA,2026-06-11,65,0,0,0,0
AAPL,2026-06-12,65,0,0,0,0
AMZN,2026-06-12,65,0,0,0,0
META,2026-06-12,65,0,0,0,0
MSFT,2026-06-12,65,0,0,0,0
NVDA,2026-06-12,65,0,0,0,0
TSLA,2026-06-12,65,0,0,0,0
AAPL,2026-06-15,65,0,0,0,0
AMZN,2026-06-15,65,0,0,0,0
META,2026-06-15,65,0,0,0,0
MSFT,2026-06-15,65,0,0,0,0
NVDA,2026-06-15,65,0,0,0,0
TSLA,2026-06-15,65,0,0,0,0
AAPL,2026-06-16,65,0,0,0,0
AMZN,2026-06-16,65,0,0,0,0
META,2026-06-16,65,0,0,0,0
MSFT,2026-06-16,65,0,0,0,0
NVDA,2026-06-16,65,0,0,0,0
TSLA,2026-06-16,65,0,0,0,0
AAPL,2026-06-17,65,0,0,0,0
AMZN,2026-06-17,65,0,0,0,0
META,2026-06-17,65,0,0,0,0
MSFT,2026-06-17,65,0,0,0,0
NVDA,2026-06-17,65,0,0,0,0
TSLA,2026-06-17,65,0,0,0,0
AAPL,2026-06-18,65,0,0,0,0
AMZN,2026-06-18,65,0,0,0,0
META,2026-06-18,65,0,0,0,0
MSFT,2026-06-18,65,0,0,0,0
NVDA,2026-06-18,65,0,0,0,0
TSLA,2026-06-18,65,0,0,0,0
AAPL,2026-06-22,65,0,0,0,0
AMZN,2026-06-22,65,0,0,0,0
META,2026-06-22,65,0,0,0,0
MSFT,2026-06-22,65,0,0,0,0
NVDA,2026-06-22,65,0,0,0,0
TSLA,2026-06-22,65,0,0,0,0
AAPL,2026-06-23,65,0,0,0,0
AMZN,2026-06-23,65,0,0,0,0
META,2026-06-23,65,0,0,0,0
MSFT,2026-06-23,65,0,0,0,0
NVDA,2026-06-23,65,0,0,0,0
TSLA,2026-06-23,65,0,0,0,0
AAPL,2026-06-24,65,0,0,0,0
AMZN,2026-06-24,65,0,0,0,0
META,2026-06-24,65,0,0,0,0
MSFT,2026-06-24,65,0,0,0,0
NVDA,2026-06-24,65,0,0,0,0
TSLA,2026-06-24,65,0,0,0,0
AAPL,2026-06-25,65,0,0,0,0
AMZN,2026-06-25,65,0,0,0,0
META,2026-06-25,65,0,0,0,0
MSFT,2026-06-25,65,0,0,0,0
NVDA,2026-06-25,65,0,0,0,0
TSLA,2026-06-25,65,0,0,0,0
AAPL,2026-06-26,65,0,0,0,0
AMZN,2026-06-26,65,0,0,0,0
META,2026-06-26,65,0,0,0,0
MSFT,2026-06-26,65,0,0,0,0
NVDA,2026-06-26,65,0,0,0,0
TSLA,2026-06-26,65,0,0,0,0
AAPL,2026-06-29,65,0,0,0,0
AMZN,2026-06-29,65,0,0,0,0
META,2026-06-29,65,0,0,0,0
MSFT,2026-06-29,65,0,0,0,0
NVDA,2026-06-29,65,0,0,0,0
TSLA,2026-06-29,65,0,0,0,0
AAPL,2026-06-30,65,0,0,0,0
AMZN,2026-06-30,65,0,0,0,0
META,2026-06-30,65,0,0,0,0
MSFT,2026-06-30,65,0,0,0,0
NVDA,2026-06-30,65,0,0,0,0
TSLA,2026-06-30,65,0,0,0,0
AAPL,2026-07-01,65,0,0,0,0
AMZN,2026-07-01,65,0,0,0,0
META,2026-07-01,65,0,0,0,0
MSFT,2026-07-01,65,0,0,0,0
NVDA,2026-07-01,65,0,0,0,0
TSLA,2026-07-01,65,0,0,0,0
AAPL,2026-07-02,65,0,0,0,0
AMZN,2026-07-02,65,0,0,0,0
META,2026-07-02,65,0,0,0,0
MSFT,2026-07-02,65,0,0,0,0
NVDA,2026-07-02,65,0,0,0,0
TSLA,2026-07-02,65,0,0,0,0
AAPL,2026-07-06,65,0,0,0,0
AMZN,2026-07-06,65,0,0,0,0
META,2026-07-06,65,0,0,0,0
MSFT,2026-07-06,65,0,0,0,0
NVDA,2026-07-06,65,0,0,0,0
TSLA,2026-07-06,65,0,0,0,0
AAPL,2026-07-07,65,0,0,0,0
AMZN,2026-07-07,65,0,0,0,0
META,2026-07-07,65,0,0,0,0
MSFT,2026-07-07,65,0,0,0,0
NVDA,2026-07-07,65,0,0,0,0
TSLA,2026-07-07,65,0,0,0,0
AAPL,2026-07-08,65,0,0,0,0
AMZN,2026-07-08,65,0,0,0,0
META,2026-07-08,65,0,0,0,0
MSFT,2026-07-08,65,0,0,0,0
NVDA,2026-07-08,65,0,0,0,0
TSLA,2026-07-08,65,0,0,0,0
AAPL,2026-07-09,65,0,0,0,0
AMZN,2026-07-09,65,0,0,0,0
META,2026-07-09,65,0,0,0,0
MSFT,2026-07-09,65,0,0,0,0
NVDA,2026-07-09,65,0,0,0,0
TSLA,2026-07-09,65,0,0,0,0
AAPL,2026-07-10,65,0,0,0,0
AMZN,2026-07-10,65,0,0,0,0
META,2026-07-10,65,0,0,0,0
MSFT,2026-07-10,65,0,0,0,0
NVDA,2026-07-10,65,0,0,0,0
TSLA,2026-07-10,65,0,0,0,0
AAPL,2026-07-13,65,0,0,0,0
AMZN,2026-07-13,65,0,0,0,0
META,2026-07-13,65,0,0,0,0
MSFT,2026-07-13,65,0,0,0,0
NVDA,2026-07-13,65,0,0,0,0
TSLA,2026-07-13,65,0,0,0,0
AAPL,2026-07-14,65,0,0,0,0
AMZN,2026-07-14,65,0,0,0,0
META,2026-07-14,65,0,0,0,0
MSFT,2026-07-14,65,0,0,0,0
NVDA,2026-07-14,65,0,0,0,0
TSLA,2026-07-14,65,0,0,0,0
AAPL,2026-07-15,65,0,0,0,0
AMZN,2026-07-15,65,0,0,0,0
META,2026-07-15,65,0,0,0,0
MSFT,2026-07-15,65,0,0,0,0
NVDA,2026-07-15,65,0,0,0,0
TSLA,2026-07-15,65,0,0,0,0
AAPL,2026-07-16,65,0,0,0,0
AMZN,2026-07-16,65,0,0,0,0
META,2026-07-16,65,0,0,0,0
MSFT,2026-07-16,65,0,0,0,0
NVDA,2026-07-16,65,0,0,0,0
TSLA,2026-07-16,65,0,0,0,0
AAPL,2026-07-17,65,0,0,0,0
AMZN,2026-07-17,65,0,0,0,0
META,2026-07-17,65,0,0,0,0
MSFT,2026-07-17,65,0,0,0,0
NVDA,2026-07-17,65,0,0,0,0
TSLA,2026-07-17,65,0,0,0,0
AAPL,2026-07-20,65,0,0,0,0
AMZN,2026-07-20,65,0,0,0,0
META,2026-07-20,65,0,0,0,0
MSFT,2026-07-20,65,0,0,0,0
NVDA,2026-07-20,65,0,0,0,0
TSLA,2026-07-20,65,0,0,0,0
AAPL,2026-07-21,65,0,0,0,0
AMZN,2026-07-21,65,0,0,0,0
META,2026-07-21,65,0,0,0,0
MSFT,2026-07-21,65,0,0,0,0
NVDA,2026-07-21,65,0,0,0,0
TSLA,2026-07-21,65,0,0,0,0
AAPL,2026-07-22,65,0,0,0,0
AMZN,2026-07-22,65,0,0,0,0
META,2026-07-22,65,0,0,0,0
MSFT,2026-07-22,65,0,0,0,0
NVDA,2026-07-22,65,0,0,0,0
TSLA,2026-07-22,65,0,0,0,0
AAPL,2026-07-23,65,0,0,0,0
AMZN,2026-07-23,65,0,0,0,0
META,2026-07-23,65,0,0,0,0
MSFT,2026-07-23,65,0,0,0,0
NVDA,2026-07-23,65,0,0,0,0
TSLA,2026-07-23,65,3,0,0,0
AAPL,2026-07-24,65,0,0,0,0
AMZN,2026-07-24,65,0,0,0,0
META,2026-07-24,65,0,0,0,0
MSFT,2026-07-24,65,0,0,0,0
NVDA,2026-07-24,65,0,0,0,0
TSLA,2026-07-24,65,0,0,0,0
AAPL,2026-07-27,65,0,0,0,0
AMZN,2026-07-27,65,0,0,0,0
META,2026-07-27,65,0,0,0,0
MSFT,2026-07-27,65,0,0,0,0
NVDA,2026-07-27,65,0,0,0,0
TSLA,2026-07-27,65,0,0,0,0
AAPL,2026-07-28,65,0,0,0,0
AMZN,2026-07-28,65,0,0,0,0
META,2026-07-28,65,0,0,0,0
MSFT,2026-07-28,65,0,0,0,0
NVDA,2026-07-28,65,0,0,0,0
TSLA,2026-07-28,65,0,0,0,0
AAPL,2026-07-29,65,0,0,0,0
AMZN,2026-07-29,65,0,0,0,0
META,2026-07-29,65,0,0,0,0
MSFT,2026-07-29,65,0,0,0,0
NVDA,2026-07-29,65,0,0,0,0
TSLA,2026-07-29,65,0,0,0,0
AAPL,2026-07-30,65,0,0,0,0
AMZN,2026-07-30,65,0,0,0,0
META,2026-07-30,65,0,0,0,0
MSFT,2026-07-30,65,0,0,0,0
NVDA,2026-07-30,65,0,0,0,0
TSLA,2026-07-30,65,0,0,0,0
AAPL,2026-07-31,65,0,0,0,0
AMZN,2026-07-31,65,0,0,0,0
META,2026-07-31,65,0,0,0,0
MSFT,2026-07-31,65,0,0,0,0
NVDA,2026-07-31,65,0,0,0,0
TSLA,2026-07-31,65,0,0,0,0
AAPL,2026-08-03,65,0,0,0,0
AMZN,2026-08-03,65,0,0,0,0
META,2026-08-03,65,0,0,0,0
MSFT,2026-08-03,65,0,0,0,0
NVDA,2026-08-03,65,0,0,0,0
TSLA,2026-08-03,65,0,0,0,0
AAPL,2026-08-04,65,0,0,0,0
AMZN,2026-08-04,65,0,0,0,0
META,2026-08-04,65,0,0,0,0
MSFT,2026-08-04,65,0,0,0,0
NVDA,2026-08-04,65,0,0,0,0
TSLA,2026-08-04,65,0,0,0,0
AAPL,2026-08-05,65,0,0,0,0
AMZN,2026-08-05,65,0,0,0,0
META,2026-08-05,65,0,0,0,0
MSFT,2026-08-05,65,0,0,0,0
NVDA,2026-08-05,65,0,0,0,0
TSLA,2026-08-05,65,0,0,0,0
AAPL,2026-08-06,65,0,0,0,0
AMZN,2026-08-06,65,0,0,0,0
META,2026-08-06,65,0,0,0,0
MSFT,2026-08-06,65,0,0,0,0
NVDA,2026-08-06,65,0,0,0,0
TSLA,2026-08-06,65,0,0,0,0
AAPL,2026-08-07,65,0,0,0,0
AMZN,2026-08-07,65,0,0,0,0
META,2026-08-07,65,0,0,0,0
MSFT,2026-08-07,65,0,0,0,0
NVDA,2026-08-07,65,0,0,0,0
TSLA,2026-08-07,65,0,0,0,0
AAPL,2026-08-10,65,0,0,0,0
AMZN,2026-08-10,65,0,0,0,0
META,2026-08-10,65,0,0,0,0
MSFT,2026-08-10,65,0,0,0,0
NVDA,2026-08-10,65,0,0,0,0
TSLA,2026-08-10,65,0,0,0,0
AAPL,2026-08-11,65,0,0,0,0
AMZN,2026-08-11,65,0,0,0,0
META,2026-08-11,65,0,0,0,0
MSFT,2026-08-11,65,0,0,0,0
NVDA,2026-08-11,65,0,0,0,0
TSLA,2026-08-11,65,0,0,0,0
AAPL,2026-08-12,65,0,0,0,0
AMZN,2026-08-12,65,0,0,0,0
META,2026-08-12,65,0,0,0,0
MSFT,2026-08-12,65,0,0,0,0
NVDA,2026-08-12,65,0,0,0,0
TSLA,2026-08-12,65,0,0,0,0
AAPL,2026-08-13,65,0,0,0,0
AMZN,2026-08-13,65,0,0,0,0
META,2026-08-13,65,0,0,0,0
MSFT,2026-08-13,65,0,0,0,0
NVDA,2026-08-13,65,0,0,0,0
TSLA,2026-08-13,65,0,0,0,0
AAPL,2026-08-14,65,0,0,0,0
AMZN,2026-08-14,65,0,0,0,0
META,2026-08-14,65,0,0,0,0
MSFT,2026-08-14,65,0,0,0,0
NVDA,2026-08-14,65,0,0,0,0
TSLA,2026-08-14,65,0,0,0,0
AAPL,2026-08-17,65,0,0,0,0
AMZN,2026-08-17,65,0,0,0,0
META,2026-08-17,65,0,0,0,0
MSFT,2026-08-17,65,0,0,0,0
NVDA,2026-08-17,65,0,0,0,0
TSLA,2026-08-17,65,0,0,0,0
AAPL,2026-08-18,65,0,0,0,0
AMZN,2026-08-18,65,0,0,0,0
META,2026-08-18,65,0,0,0,0
MSFT,2026-08-18,65,0,0,0,0
NVDA,2026-08-18,65,0,0,0,0
TSLA,2026-08-18,65,0,0,0,0
AAPL,2026-08-19,65,0,0,0,0
AMZN,2026-08-19,65,0,0,0,0
META,2026-08-19,65,0,0,0,0
MSFT,2026-08-19,65,0,0,0,0
NVDA,2026-08-19,65,0,0,0,0
TSLA,2026-08-19,65,0,0,0,0
AAPL,2026-08-20,65,0,0,0,0
AMZN,2026-08-20,65,0,0,0,0
META,2026-08-20,65,0,0,0,0
MSFT,2026-08-20,65,0,0,0,0
NVDA,2026-08-20,65,0,0,0,0
TSLA,2026-08-20,65,0,0,0,0
AAPL,2026-08-21,65,0,0,0,0
AMZN,2026-08-21,65,0,0,0,0
META,2026-08-21,65,0,0,0,0
MSFT,2026-08-21,65,0,0,0,0
NVDA,2026-08-21,65,0,0,0,0
TSLA,2026-08-21,65,0,0,0,0
AAPL,2026-08-24,65,0,0,0,0
AMZN,2026-08-24,65,0,0,0,0
META,2026-08-24,65,0,0,0,0
MSFT,2026-08-24,65,0,0,0,0
NVDA,2026-08-24,65,0,0,0,0
TSLA,2026-08-24,65,0,0,0,0
AAPL,2026-08-25,65,0,0,0,0
AMZN,2026-08-25,65,0,0,0,0
META,2026-08-25,65,0,0,0,0
MSFT,2026-08-25,65,0,0,0,0
NVDA,2026-08-25,65,0,0,0,0
TSLA,2026-08-25,65,0,0,0,0
AAPL,2026-08-26,65,0,0,0,0
AMZN,2026-08-26,65,0,0,0,0
META,2026-08-26,65,0,0,0,0
MSFT,2026-08-26,65,0,0,0,0
NVDA,2026-08-26,65,0,0,0,0
TSLA,2026-08-26,65,0,0,0,0
AAPL,2026-08-27,65,0,0,0,0
AMZN,2026-08-27,65,0,0,0,0
META,2026-08-27,65,0,0,0,0
MSFT,2026-08-27,65,0,0,0,0
NVDA,2026-08-27,65,0,0,0,0
TSLA,2026-08-27,65,0,0,0,0
AAPL,2026-08-28,65,0,0,0,0
AMZN,2026-08-28,65,0,0,0,0
META,2026-08-28,65,0,0,0,0
MSFT,2026-08-28,65,0,0,0,0
NVDA,2026-08-28,65,0,0,0,0
TSLA,2026-08-28,65,0,0,0,0
AAPL,2026-08-31,65,0,0,0,0
AMZN,2026-08-31,65,0,0,0,0
META,2026-08-31,65,0,0,0,0
MSFT,2026-08-31,65,0,0,0,0
NVDA,2026-08-31,65,0,0,0,0
TSLA,2026-08-31,65,0,0,0,0
AAPL,2026-09-01,65,0,0,0,0
AMZN,2026-09-01,65,0,0,0,0
META,2026-09-01,65,0,0,0,0
MSFT,2026-09-01,65,0,0,0,0
NVDA,2026-09-01,65,0,0,0,0
TSLA,2026-09-01,65,0,0,0,0
AAPL,2026-09-02,65,0,0,0,0
AMZN,2026-09-02,65,0,0,0,0
META,2026-09-02,65,0,0,0,0
MSFT,2026-09-02,65,0,0,0,0
NVDA,2026-09-02,65,0,0,0,0
TSLA,2026-09-02,65,0,0,0,0
AAPL,2026-09-03,65,0,0,0,0
AMZN,2026-09-03,65,0,0,0,0
META,2026-09-03,65,0,0,0,0
MSFT,2026-09-03,65,0,0,0,0
NVDA,2026-09-03,65,0,0,0,0
TSLA,2026-09-03,65,0,0,0,0
AAPL,2026-09-04,65,0,0,0,0
AMZN,2026-09-04,65,0,0,0,0
META,2026-09-04,65,0,0,0,0
MSFT,2026-09-04,65,0,0,0,0
NVDA,2026-09-04,65,0,0,0,0
TSLA,2026-09-04,65,0,0,0,0
