horizon_minutes,window,N_asset_sessions,N_origins,N_sessions,contrast,estimate,family,qlike_reduction_percent,subset
15,primary,419,26898,419,B1_over_B0,0.002470328159092283,log_ridge_harq,1.2695185955104678,asset_AAPL
15,primary,419,26898,419,B2_over_B1,0.0015291325661040927,log_ridge_harq,0.7959362796640411,asset_AAPL
15,primary,419,26898,419,B1_over_B0,0.0018376250912231513,lightgbm_qlike,0.9301852477923238,asset_AAPL
15,primary,419,26898,419,B2_over_B1,-0.0017399709633425828,lightgbm_qlike,-0.8890233859449034,asset_AAPL
15,primary,419,26743,419,B1_over_B0,0.0022447147650524434,log_ridge_harq,1.251918956412515,asset_AMZN
15,primary,419,26743,419,B2_over_B1,0.000513946955014077,log_ridge_harq,0.2902716922510049,asset_AMZN
15,primary,419,26743,419,B1_over_B0,0.002543660845364593,lightgbm_qlike,1.3838164740407544,asset_AMZN
15,primary,419,26743,419,B2_over_B1,-6.818128691242335e-05,lightgbm_qlike,-0.037612854551026566,asset_AMZN
15,primary,419,26853,419,B1_over_B0,0.0024773449769160253,log_ridge_harq,1.2785874780631703,asset_META
15,primary,419,26853,419,B2_over_B1,4.531936915142427e-05,log_ridge_harq,0.023692803605807004,asset_META
15,primary,419,26853,419,B1_over_B0,0.0024922617454581374,lightgbm_qlike,1.2558184535111843,asset_META
15,primary,419,26853,419,B2_over_B1,0.00023213684560391466,lightgbm_qlike,0.11845837570759266,asset_META
15,primary,419,26729,419,B1_over_B0,0.0008978172172918919,log_ridge_harq,0.5032085032004199,asset_MSFT
15,primary,419,26729,419,B2_over_B1,0.0007797463824454374,log_ridge_harq,0.43924247912437203,asset_MSFT
15,primary,419,26729,419,B1_over_B0,0.0014329081682954512,lightgbm_qlike,0.7814584432484418,asset_MSFT
15,primary,419,26729,419,B2_over_B1,-0.0006875474888096151,lightgbm_qlike,-0.37791783742258467,asset_MSFT
15,primary,419,26764,419,B1_over_B0,0.0006937700851507865,log_ridge_harq,0.38323672166443407,asset_NVDA
15,primary,419,26764,419,B2_over_B1,0.002278727558413713,log_ridge_harq,1.2636055505540502,asset_NVDA
15,primary,419,26764,419,B1_over_B0,0.0017840737888896352,lightgbm_qlike,0.9761391393128735,asset_NVDA
15,primary,419,26764,419,B2_over_B1,0.001029045904754202,lightgbm_qlike,0.5685829172434541,asset_NVDA
15,primary,419,26845,419,B1_over_B0,0.0009138950140293057,log_ridge_harq,0.5226185212490023,asset_TSLA
15,primary,419,26845,419,B2_over_B1,0.001655685123425383,log_ridge_harq,0.951791650173417,asset_TSLA
15,primary,419,26845,419,B1_over_B0,0.0030891860589228825,lightgbm_qlike,1.711052555782677,asset_TSLA
15,primary,419,26845,419,B2_over_B1,-4.2901441897062556e-05,lightgbm_qlike,-0.024176113594305788,asset_TSLA
15,primary,180,11700,30,B1_over_B0,-0.0010528192215797307,log_ridge_harq,-0.6241083192304311,last30sessions
15,primary,180,11700,30,B2_over_B1,0.0006614217124004622,log_ridge_harq,0.38965707735680044,last30sessions
15,primary,180,11700,30,B1_over_B0,0.0009324438473412032,lightgbm_qlike,0.5471618622479373,last30sessions
15,primary,180,11700,30,B2_over_B1,-0.0008107430402686887,lightgbm_qlike,-0.4783647605730655,last30sessions
15,primary,834,53528,139,B1_over_B0,0.003337574865040956,log_ridge_harq,1.8321444588758926,chronological_block_1
15,primary,834,53528,139,B2_over_B1,0.0021131623738115564,log_ridge_harq,1.181659259620524,chronological_block_1
15,primary,834,53528,139,B1_over_B0,0.002364035368240962,lightgbm_qlike,1.232133691190789,chronological_block_1
15,primary,834,53528,139,B2_over_B1,-0.0012118300229653886,lightgbm_qlike,-0.6394843188891604,chronological_block_1
15,primary,1680,107304,280,B1_over_B0,0.0007618274902988474,log_ridge_harq,0.41313543400218244,leave_block_1_out
15,primary,1680,107304,280,B2_over_B1,0.0006475561685710386,log_ridge_harq,0.35262345073753076,leave_block_1_out
15,primary,1680,107304,280,B1_over_B0,0.0021135091550080354,lightgbm_qlike,1.1380849748309123,leave_block_1_out
15,primary,1680,107304,280,B2_over_B1,0.0002829928075775238,lightgbm_qlike,0.15414056104146187,leave_block_1_out
15,primary,834,52674,139,B1_over_B0,0.0013955743043126071,log_ridge_harq,0.7845364963454208,chronological_block_2
15,primary,834,52674,139,B2_over_B1,0.00048216132559099773,log_ridge_harq,0.27319528137698557,chronological_block_2
15,primary,834,52674,139,B1_over_B0,0.002271156923676324,lightgbm_qlike,1.2699670366464733,chronological_block_2
15,primary,834,52674,139,B2_over_B1,0.001084054257363538,lightgbm_qlike,0.6139698478619587,chronological_block_2
15,primary,1680,108158,280,B1_over_B0,0.0017258920543747065,log_ridge_harq,0.9252756840237276,leave_block_2_out
15,primary,1680,108158,280,B2_over_B1,0.001457231688937673,log_ridge_harq,0.7885391386169713,leave_block_2_out
15,primary,1680,108158,280,B1_over_B0,0.0021596166685597666,lightgbm_qlike,1.1237725482579537,leave_block_2_out
15,primary,1680,108158,280,B2_over_B1,-0.0008567497458714788,lightgbm_qlike,-0.45088298273039956,leave_block_2_out
15,primary,846,54630,141,B1_over_B0,0.00013706999279592102,log_ridge_harq,0.07183014814516231,chronological_block_3
15,primary,846,54630,141,B2_over_B1,0.0008106049854095187,log_ridge_harq,0.4250947183800869,chronological_block_3
15,primary,846,54630,141,B1_over_B0,0.001958097524902417,lightgbm_qlike,1.0172905720694951,chronological_block_3
15,primary,846,54630,141,B2_over_B1,-0.0005067060684526601,lightgbm_qlike,-0.26595457727045074,chronological_block_3
15,primary,1668,106202,278,B1_over_B0,0.002366574584676782,log_ridge_harq,1.31457060544711,leave_block_3_out
15,primary,1668,106202,278,B2_over_B1,0.0012976618497012769,log_ridge_harq,0.7304192704315378,leave_block_3_out
15,primary,1668,106202,278,B1_over_B0,0.0023175961459586435,lightgbm_qlike,1.250385487299926,leave_block_3_out
15,primary,1668,106202,278,B2_over_B1,-6.388788280092537e-05,lightgbm_qlike,-0.03490512933790742,leave_block_3_out
15,confirmation,25,1625,25,B1_over_B0,0.003384080195595421,log_ridge_harq,1.9068837994481573,asset_AAPL
15,confirmation,25,1625,25,B2_over_B1,0.0006618241644948358,log_ridge_harq,0.38017860383075147,asset_AAPL
15,confirmation,25,1625,25,B1_over_B0,0.0028838552280452995,lightgbm_qlike,1.5610255941265663,asset_AAPL
15,confirmation,25,1625,25,B2_over_B1,-0.0010784152349104209,lightgbm_qlike,-0.5930011058953752,asset_AAPL
15,confirmation,25,1625,25,B1_over_B0,-0.0002948612018958485,log_ridge_harq,-0.05750483783221201,asset_AMZN
15,confirmation,25,1625,25,B2_over_B1,0.028259866291791634,log_ridge_harq,5.508168100246131,asset_AMZN
15,confirmation,25,1625,25,B1_over_B0,0.03435041735224833,lightgbm_qlike,6.829842496467383,asset_AMZN
15,confirmation,25,1625,25,B2_over_B1,-0.016872007362637245,lightgbm_qlike,-3.6005479340119355,asset_AMZN
15,confirmation,25,1625,25,B1_over_B0,0.0007732966411045805,log_ridge_harq,0.42261391875882987,asset_META
15,confirmation,25,1625,25,B2_over_B1,0.0012136907364720616,log_ridge_harq,0.6661085190614671,asset_META
15,confirmation,25,1625,25,B1_over_B0,0.000683667896160437,lightgbm_qlike,0.380963688221906,asset_META
15,confirmation,25,1625,25,B2_over_B1,0.000282330131521904,lightgbm_qlike,0.1579258744215104,asset_META
15,confirmation,25,1625,25,B1_over_B0,0.002744860901108005,log_ridge_harq,1.5338007560508853,asset_MSFT
15,confirmation,25,1625,25,B2_over_B1,0.0034335084610011947,log_ridge_harq,1.9484961580686002,asset_MSFT
15,confirmation,25,1625,25,B1_over_B0,0.0007234516388946622,lightgbm_qlike,0.3984796504153399,asset_MSFT
15,confirmation,25,1625,25,B2_over_B1,0.001148858079345475,lightgbm_qlike,0.6353266279745801,asset_MSFT
15,confirmation,25,1625,25,B1_over_B0,0.0008966147866596174,log_ridge_harq,0.6044212008404753,asset_NVDA
15,confirmation,25,1625,25,B2_over_B1,-0.0002674708647931307,log_ridge_harq,-0.18140247468130263,asset_NVDA
15,confirmation,25,1625,25,B1_over_B0,0.0029490708801960964,lightgbm_qlike,1.9688276910592337,asset_NVDA
15,confirmation,25,1625,25,B2_over_B1,-0.0028084381774021437,lightgbm_qlike,-1.9125956781254407,asset_NVDA
15,confirmation,25,1625,25,B1_over_B0,-0.0050066399909262874,log_ridge_harq,-2.1389255474349826,asset_TSLA
15,confirmation,25,1625,25,B2_over_B1,-0.0046975392600185385,log_ridge_harq,-1.964845638661983,asset_TSLA
15,confirmation,25,1625,25,B1_over_B0,0.003302413958728993,lightgbm_qlike,1.4943405057134242,asset_TSLA
15,confirmation,25,1625,25,B2_over_B1,0.005692811465618868,lightgbm_qlike,2.6150721493819074,asset_TSLA
15,confirmation,150,9750,25,B1_over_B0,0.00041622522194090185,log_ridge_harq,0.17408259647110502,last30sessions
15,confirmation,150,9750,25,B2_over_B1,0.004767313254824691,log_ridge_harq,1.9973645698181244,last30sessions
15,confirmation,150,9750,25,B1_over_B0,0.007482146159045653,lightgbm_qlike,3.162627461057245,last30sessions
15,confirmation,150,9750,25,B2_over_B1,-0.0022724768497439274,lightgbm_qlike,-0.9919238217819006,last30sessions
15,confirmation,48,3120,8,B1_over_B0,0.003219966800254853,log_ridge_harq,1.8763823808515885,chronological_block_1
15,confirmation,48,3120,8,B2_over_B1,0.0005603668228238174,log_ridge_harq,0.33278888718570654,chronological_block_1
15,confirmation,48,3120,8,B1_over_B0,0.004107883365523885,lightgbm_qlike,2.4287062685865966,chronological_block_1
15,confirmation,48,3120,8,B2_over_B1,-7.252250033220123e-05,lightgbm_qlike,-0.043944810365894135,chronological_block_1
15,confirmation,102,6630,17,B1_over_B0,-0.0009031825796186046,log_ridge_harq,-0.3334536118905156,leave_block_1_out
15,confirmation,102,6630,17,B2_over_B1,0.006747052752236867,log_ridge_harq,2.4827227152375473,leave_block_1_out
15,confirmation,102,6630,17,B1_over_B0,0.009070034532467661,lightgbm_qlike,3.3803408604906893,leave_block_1_out
15,confirmation,102,6630,17,B2_over_B1,-0.0033077494847612104,lightgbm_qlike,-1.2759059536223318,leave_block_1_out
15,confirmation,48,3120,8,B1_over_B0,-0.00311559845481643,log_ridge_harq,-1.5671035054034972,chronological_block_2
15,confirmation,48,3120,8,B2_over_B1,-0.0012378213609461671,log_ridge_harq,-0.6130008939878983,chronological_block_2
15,confirmation,48,3120,8,B1_over_B0,0.0011793553029755405,lightgbm_qlike,0.62031200110601,chronological_block_2
15,confirmation,48,3120,8,B2_over_B1,0.0018033237136380748,lightgbm_qlike,0.9544245108163113,chronological_block_2
15,confirmation,102,6630,17,B1_over_B0,0.0020782598933561168,log_ridge_harq,0.8053600685102958,leave_block_2_out
15,confirmation,102,6630,17,B2_over_B1,0.007593258956363919,log_ridge_harq,2.9664036149957758,leave_block_2_out
15,confirmation,102,6630,17,B1_over_B0,0.010448165385431588,lightgbm_qlike,4.0427466041370606,leave_block_2_out
15,confirmation,102,6630,17,B2_over_B1,-0.004190500644276634,lightgbm_qlike,-1.6897582896114314,leave_block_2_out
15,confirmation,54,3510,9,B1_over_B0,0.0010634093094461288,log_ridge_harq,0.3175336388558427,chronological_block_3
15,confirmation,54,3510,9,B2_over_B1,0.013844718630621786,log_ridge_harq,4.147196768323577,chronological_block_3
15,confirmation,54,3510,9,B1_over_B0,0.016083971625349545,lightgbm_qlike,4.761062653780784,chronological_block_3
15,confirmation,54,3510,9,B2_over_B1,-0.00785092566111613,lightgbm_qlike,-2.440152239434749,chronological_block_3
15,confirmation,96,6240,16,B1_over_B0,5.218417271921159e-05,log_ridge_harq,0.02817586070886523,leave_block_3_out
15,confirmation,96,6240,16,B2_over_B1,-0.00033872726906117485,log_ridge_harq,-0.18294095119034567,leave_block_3_out
15,confirmation,96,6240,16,B1_over_B0,0.002643619334249713,lightgbm_qlike,1.4716957342389967,leave_block_3_out
15,confirmation,96,6240,16,B2_over_B1,0.0008654006066529368,lightgbm_qlike,0.4889622134589833,leave_block_3_out
5,primary,419,26898,419,B1_over_B0,0.0018570723379525574,log_ridge_harq,0.5068044913801721,asset_AAPL
5,primary,419,26898,419,B2_over_B1,0.0019128816970803587,log_ridge_harq,0.5246943238908117,asset_AAPL
5,primary,419,26898,419,B1_over_B0,3.9336716566499785e-05,lightgbm_qlike,0.010621721863227563,asset_AAPL
5,primary,419,26898,419,B2_over_B1,0.0015046603488818703,lightgbm_qlike,0.4063323752566104,asset_AAPL
5,primary,419,26743,419,B1_over_B0,0.0018423370264299785,log_ridge_harq,0.5289090338676784,asset_AMZN
5,primary,419,26743,419,B2_over_B1,-0.0005167221111539288,log_ridge_harq,-0.14913242135216054,asset_AMZN
5,primary,419,26743,419,B1_over_B0,0.0028077760591874094,lightgbm_qlike,0.7973828191960668,asset_AMZN
5,primary,419,26743,419,B2_over_B1,-0.0010844690505417355,lightgbm_qlike,-0.31045484335191575,asset_AMZN
5,primary,419,26853,419,B1_over_B0,0.002064006020786625,log_ridge_harq,0.5704507784886046,asset_META
5,primary,419,26853,419,B2_over_B1,-0.00015705920513874275,log_ridge_harq,-0.04365712598549003,asset_META
5,primary,419,26853,419,B1_over_B0,0.0010692413096261473,lightgbm_qlike,0.29443274471671976,asset_META
5,primary,419,26853,419,B2_over_B1,0.00026971426836659116,lightgbm_qlike,0.07448947127537713,asset_META
5,primary,419,26729,419,B1_over_B0,0.0016109037383696203,log_ridge_harq,0.46180446762798333,asset_MSFT
5,primary,419,26729,419,B2_over_B1,-1.7963241809380777e-05,log_ridge_harq,-0.005173488564122403,asset_MSFT
5,primary,419,26729,419,B1_over_B0,0.0005093652907024765,lightgbm_qlike,0.1440827447490261,asset_MSFT
5,primary,419,26729,419,B2_over_B1,-0.0005063585043634184,lightgbm_qlike,-0.14343889414596211,asset_MSFT
5,primary,419,26764,419,B1_over_B0,0.00045840681558599063,log_ridge_harq,0.13731690509269776,asset_NVDA
5,primary,419,26764,419,B2_over_B1,0.002648147285710646,log_ridge_harq,0.7943499018702125,asset_NVDA
5,primary,419,26764,419,B1_over_B0,0.002394108020048251,lightgbm_qlike,0.7115621088100317,asset_NVDA
5,primary,419,26764,419,B2_over_B1,0.0015120347883117544,lightgbm_qlike,0.45261837118731846,asset_NVDA
5,primary,419,26845,419,B1_over_B0,6.573282760522327e-05,log_ridge_harq,0.01965778527615703,asset_TSLA
5,primary,419,26845,419,B2_over_B1,0.001476809494039077,log_ridge_harq,0.44173532343916155,asset_TSLA
5,primary,419,26845,419,B1_over_B0,0.00453778982644398,lightgbm_qlike,1.3181831708901177,asset_TSLA
5,primary,419,26845,419,B2_over_B1,0.0016882492122214509,lightgbm_qlike,0.4969707228817551,asset_TSLA
5,primary,180,11700,30,B1_over_B0,1.7178642468568262e-05,log_ridge_harq,0.005027355010414173,last30sessions
5,primary,180,11700,30,B2_over_B1,0.0002006130517894796,log_ridge_harq,0.05871265666098321,last30sessions
5,primary,180,11700,30,B1_over_B0,-0.00036534369743464835,lightgbm_qlike,-0.10702882035508716,last30sessions
5,primary,180,11700,30,B2_over_B1,0.0006655121420525915,lightgbm_qlike,0.19475585856755603,last30sessions
5,primary,834,53528,139,B1_over_B0,0.0019115352201598142,log_ridge_harq,0.5666387758096065,chronological_block_1
5,primary,834,53528,139,B2_over_B1,0.0012433073126288771,log_ridge_harq,0.370655418846092,chronological_block_1
5,primary,834,53528,139,B1_over_B0,0.004254822199351599,lightgbm_qlike,1.2078673430790927,chronological_block_1
5,primary,834,53528,139,B2_over_B1,0.00010527905632617303,lightgbm_qlike,0.03025223362935026,chronological_block_1
5,primary,1680,107304,280,B1_over_B0,0.0010209725295515404,log_ridge_harq,0.287848738827127,leave_block_1_out
5,primary,1680,107304,280,B2_over_B1,0.0007161280078658075,log_ridge_harq,0.20248499570275116,leave_block_1_out
5,primary,1680,107304,280,B1_over_B0,0.0007204285130949942,lightgbm_qlike,0.20360971978971357,leave_block_1_out
5,primary,1680,107304,280,B2_over_B1,0.0007916800490293088,lightgbm_qlike,0.2242035480019866,leave_block_1_out
5,primary,834,52674,139,B1_over_B0,0.0015819970430718906,log_ridge_harq,0.4588535145923122,chronological_block_2
5,primary,834,52674,139,B2_over_B1,0.00042935148053750173,log_ridge_harq,0.1251061678741493,chronological_block_2
5,primary,834,52674,139,B1_over_B0,0.0009311049714168788,lightgbm_qlike,0.26965272915365995,chronological_block_2
5,primary,834,52674,139,B2_over_B1,0.0013137953634328793,lightgbm_qlike,0.3815105641577718,chronological_block_2
5,primary,1680,108158,280,B1_over_B0,0.001184564696034474,log_ridge_harq,0.33747850809579455,leave_block_2_out
5,primary,1680,108158,280,B2_over_B1,0.001120198938796883,log_ridge_harq,0.320221598858062,leave_block_2_out
5,primary,1680,108158,280,B1_over_B0,0.0023704167083911584,lightgbm_qlike,0.6634546315348484,leave_block_2_out
5,primary,1680,108158,280,B2_over_B1,0.000191738025144194,lightgbm_qlike,0.05402387452198412,leave_block_2_out
5,primary,846,54630,141,B1_over_B0,0.00046790581054920947,log_ridge_harq,0.12838017928181808,chronological_block_3
5,primary,846,54630,141,B2_over_B1,0.0009988367830334282,log_ridge_harq,0.2744049699498799,chronological_block_3
5,primary,846,54630,141,B1_over_B0,0.0005127403733308669,lightgbm_qlike,0.14154812086847493,chronological_block_3
5,primary,846,54630,141,B2_over_B1,0.0002769706256101863,lightgbm_qlike,0.07656944092990124,chronological_block_3
5,primary,1668,106202,278,B1_over_B0,0.0017467661316158524,log_ridge_harq,0.5121594850325812,leave_block_3_out
5,primary,1668,106202,278,B2_over_B1,0.0008363293965831894,log_ridge_harq,0.24647780376150336,leave_block_3_out
5,primary,1668,106202,278,B1_over_B0,0.0025929635853842387,lightgbm_qlike,0.743441481874806,leave_block_3_out
5,primary,1668,106202,278,B2_over_B1,0.0007095372098795261,lightgbm_qlike,0.20495868920564442,leave_block_3_out
5,confirmation,25,1625,25,B1_over_B0,0.002603819311131177,log_ridge_harq,0.7332492880696756,asset_AAPL
5,confirmation,25,1625,25,B2_over_B1,0.002516304593152716,log_ridge_harq,0.7138388993207659,asset_AAPL
5,confirmation,25,1625,25,B1_over_B0,0.0037316352812123443,lightgbm_qlike,1.0269479844586606,asset_AAPL
5,confirmation,25,1625,25,B2_over_B1,0.0004900735115274246,lightgbm_qlike,0.1362678874541101,asset_AAPL
5,confirmation,25,1625,25,B1_over_B0,-0.0032626108197766203,log_ridge_harq,-0.47140450777161375,asset_AMZN
5,confirmation,25,1625,25,B2_over_B1,0.024794883972668914,log_ridge_harq,3.56572680649333,asset_AMZN
5,confirmation,25,1625,25,B1_over_B0,0.01998698491914199,lightgbm_qlike,2.958059050855735,asset_AMZN
5,confirmation,25,1625,25,B2_over_B1,-0.029701252511412726,lightgbm_qlike,-4.52975636980581,asset_AMZN
5,confirmation,25,1625,25,B1_over_B0,0.00014521709469633937,log_ridge_harq,0.03972117311673639,asset_META
5,confirmation,25,1625,25,B2_over_B1,0.0017042820074219466,log_ridge_harq,0.46635680985555306,asset_META
5,confirmation,25,1625,25,B1_over_B0,0.0038411185713685047,lightgbm_qlike,1.0643386385279279,asset_META
5,confirmation,25,1625,25,B2_over_B1,0.001128705479813643,lightgbm_qlike,0.3161184815895044,asset_META
5,confirmation,25,1625,25,B1_over_B0,0.003287243245605418,log_ridge_harq,0.9036464786482322,asset_MSFT
5,confirmation,25,1625,25,B2_over_B1,0.0033537258011641026,log_ridge_harq,0.9303290816205372,asset_MSFT
5,confirmation,25,1625,25,B1_over_B0,0.004096205830058683,lightgbm_qlike,1.1055755758782235,asset_MSFT
5,confirmation,25,1625,25,B2_over_B1,0.0021914674944430368,lightgbm_qlike,0.5980946126569701,asset_MSFT
5,confirmation,25,1625,25,B1_over_B0,0.0013794255785601994,log_ridge_harq,0.45413806634108794,asset_NVDA
5,confirmation,25,1625,25,B2_over_B1,-0.0007383208529813834,log_ridge_harq,-0.24418082403384994,asset_NVDA
5,confirmation,25,1625,25,B1_over_B0,0.0027569821886858337,lightgbm_qlike,0.8992194292351323,asset_NVDA
5,confirmation,25,1625,25,B2_over_B1,-0.001110197078441022,lightgbm_qlike,-0.36538837548790204,asset_NVDA
5,confirmation,25,1625,25,B1_over_B0,-0.004131493996870423,log_ridge_harq,-0.9967168981083397,asset_TSLA
5,confirmation,25,1625,25,B2_over_B1,-0.0009843518240789907,log_ridge_harq,-0.2351298621338727,asset_TSLA
5,confirmation,25,1625,25,B1_over_B0,-0.0014160159555038354,lightgbm_qlike,-0.3514144362727343,asset_TSLA
5,confirmation,25,1625,25,B2_over_B1,0.0020257854645844885,lightgbm_qlike,0.5009811716121683,asset_TSLA
5,confirmation,150,9750,25,B1_over_B0,3.600068890998731e-06,log_ridge_harq,0.0008658056653297615,last30sessions
5,confirmation,150,9750,25,B2_over_B1,0.005107753949557885,log_ridge_harq,1.2284099914708604,last30sessions
5,confirmation,150,9750,25,B1_over_B0,0.005499485139160578,lightgbm_qlike,1.3305247957775443,last30sessions
5,confirmation,150,9750,25,B2_over_B1,-0.004162569606580859,lightgbm_qlike,-1.0206565576597642,last30sessions
5,confirmation,48,3120,8,B1_over_B0,0.002826685593779174,log_ridge_harq,0.7983260154947968,chronological_block_1
5,confirmation,48,3120,8,B2_over_B1,-0.0014140488277334592,log_ridge_harq,-0.40257627951437147,chronological_block_1
5,confirmation,48,3120,8,B1_over_B0,0.005234178343776839,lightgbm_qlike,1.4802234080769892,chronological_block_1
5,confirmation,48,3120,8,B2_over_B1,0.0013221455337276006,lightgbm_qlike,0.37951993721309424,chronological_block_1
5,confirmation,102,6630,17,B1_over_B0,-0.0013249107663504955,log_ridge_harq,-0.29783005748069746,leave_block_1_out
5,confirmation,102,6630,17,B2_over_B1,0.008176837609459694,log_ridge_harq,1.8326339670155176,leave_block_1_out
5,confirmation,102,6630,17,B1_over_B0,0.005624335395811749,lightgbm_qlike,1.2740947249844166,leave_block_1_out
5,confirmation,102,6630,17,B2_over_B1,-0.006743612025549546,lightgbm_qlike,-1.5473621105569135,leave_block_1_out
5,confirmation,48,3120,8,B1_over_B0,-0.0024586575001838626,log_ridge_harq,-0.6465165020138692,chronological_block_2
5,confirmation,48,3120,8,B2_over_B1,0.0018015164884936513,log_ridge_harq,0.470674937594783,chronological_block_2
5,confirmation,48,3120,8,B1_over_B0,0.0003809329871171871,lightgbm_qlike,0.10224191437974425,chronological_block_2
5,confirmation,48,3120,8,B2_over_B1,0.00024704872296239105,lightgbm_qlike,0.06637541688548598,chronological_block_2
5,confirmation,102,6630,17,B1_over_B0,0.0011623095131615218,log_ridge_harq,0.26873124041788765,leave_block_2_out
5,confirmation,102,6630,17,B2_over_B1,0.006663630401823406,log_ridge_harq,1.544813020422461,leave_block_2_out
5,confirmation,102,6630,17,B1_over_B0,0.007908215563651585,lightgbm_qlike,1.8284492975140079,leave_block_2_out
5,confirmation,102,6630,17,B2_over_B1,-0.0062376841146012125,lightgbm_qlike,-1.4690688484766536,leave_block_2_out
5,confirmation,54,3510,9,B1_over_B0,-0.00031713589183194707,log_ridge_harq,-0.06314395808495067,chronological_block_3
5,confirmation,54,3510,9,B2_over_B1,0.013843789716985066,log_ridge_harq,2.754655258126552,chronological_block_3
5,confirmation,54,3510,9,B1_over_B0,0.010285137536873582,lightgbm_qlike,2.046204597854969,chronological_block_3
5,confirmation,54,3510,9,B2_over_B1,-0.01295753269089349,lightgbm_qlike,-2.631721918702489,chronological_block_3
5,confirmation,96,6240,16,B1_over_B0,0.00018401404679765573,log_ridge_harq,0.050114827204375184,leave_block_3_out
5,confirmation,96,6240,16,B2_over_B1,0.00019373383038009603,log_ridge_harq,0.05278839120721009,leave_block_3_out
5,confirmation,96,6240,16,B1_over_B0,0.0028075556654470132,lightgbm_qlike,0.7732317396249545,leave_block_3_out
5,confirmation,96,6240,16,B2_over_B1,0.0007845971283449958,lightgbm_qlike,0.21777055812499563,leave_block_3_out
