comparison,reason,asset,column,rows,absolute_tolerance,relative_tolerance,finite_pairs,only_left_finite,only_right_finite,both_nonfinite,nonzero_difference_pairs,outside_tolerance_pairs,maximum_absolute_difference,mean_absolute_difference,mean_signed_difference
candidate_vs_independent_legacy,Independent implementation/source-order/dedup comparison,ALL,rp4_gamma_imb_total,195479,1e-8,1e-10,195479,0,0,0,455,455,5697464.933521271,4104.354957542046,-2027.0495030593909
candidate_vs_independent_legacy,Independent implementation/source-order/dedup comparison,ALL,rp4_gamma_imb_near_spot,195479,1e-8,1e-10,195479,0,0,0,455,455,5586970.567497253,2902.3833417195156,-746.3274150474867
candidate_vs_independent_legacy,Independent implementation/source-order/dedup comparison,ALL,rp4_gamma_imb_near_short,195479,1e-8,1e-10,195479,0,0,0,455,455,5485852.8732299805,2320.283359005474,114.62544517759622
candidate_vs_independent_legacy,Independent implementation/source-order/dedup comparison,ALL,rp4_gamma_imb_signed_trades,195479,1e-8,1e-10,195479,0,0,0,0,0,0.0,0.0,0.0
candidate_vs_independent_legacy,Independent implementation/source-order/dedup comparison,AAPL,rp4_gamma_imb_total,32580,1e-8,1e-10,32580,0,0,0,0,0,0.0,0.0,0.0
candidate_vs_independent_legacy,Independent implementation/source-order/dedup comparison,AAPL,rp4_gamma_imb_near_spot,32580,1e-8,1e-10,32580,0,0,0,0,0,0.0,0.0,0.0
candidate_vs_independent_legacy,Independent implementation/source-order/dedup comparison,AAPL,rp4_gamma_imb_near_short,32580,1e-8,1e-10,32580,0,0,0,0,0,0.0,0.0,0.0
candidate_vs_independent_legacy,Independent implementation/source-order/dedup comparison,AAPL,rp4_gamma_imb_signed_trades,32580,1e-8,1e-10,32580,0,0,0,0,0,0.0,0.0,0.0
candidate_vs_independent_legacy,Independent implementation/source-order/dedup comparison,AMZN,rp4_gamma_imb_total,32580,1e-8,1e-10,32580,0,0,0,0,0,0.0,0.0,0.0
candidate_vs_independent_legacy,Independent implementation/source-order/dedup comparison,AMZN,rp4_gamma_imb_near_spot,32580,1e-8,1e-10,32580,0,0,0,0,0,0.0,0.0,0.0
candidate_vs_independent_legacy,Independent implementation/source-order/dedup comparison,AMZN,rp4_gamma_imb_near_short,32580,1e-8,1e-10,32580,0,0,0,0,0,0.0,0.0,0.0
candidate_vs_independent_legacy,Independent implementation/source-order/dedup comparison,AMZN,rp4_gamma_imb_signed_trades,32580,1e-8,1e-10,32580,0,0,0,0,0,0.0,0.0,0.0
candidate_vs_independent_legacy,Independent implementation/source-order/dedup comparison,META,rp4_gamma_imb_total,32579,1e-8,1e-10,32579,0,0,0,0,0,0.0,0.0,0.0
candidate_vs_independent_legacy,Independent implementation/source-order/dedup comparison,META,rp4_gamma_imb_near_spot,32579,1e-8,1e-10,32579,0,0,0,0,0,0.0,0.0,0.0
candidate_vs_independent_legacy,Independent implementation/source-order/dedup comparison,META,rp4_gamma_imb_near_short,32579,1e-8,1e-10,32579,0,0,0,0,0,0.0,0.0,0.0
candidate_vs_independent_legacy,Independent implementation/source-order/dedup comparison,META,rp4_gamma_imb_signed_trades,32579,1e-8,1e-10,32579,0,0,0,0,0,0.0,0.0,0.0
candidate_vs_independent_legacy,Independent implementation/source-order/dedup comparison,MSFT,rp4_gamma_imb_total,32580,1e-8,1e-10,32580,0,0,0,0,0,0.0,0.0,0.0
candidate_vs_independent_legacy,Independent implementation/source-order/dedup comparison,MSFT,rp4_gamma_imb_near_spot,32580,1e-8,1e-10,32580,0,0,0,0,0,0.0,0.0,0.0
candidate_vs_independent_legacy,Independent implementation/source-order/dedup comparison,MSFT,rp4_gamma_imb_near_short,32580,1e-8,1e-10,32580,0,0,0,0,0,0.0,0.0,0.0
candidate_vs_independent_legacy,Independent implementation/source-order/dedup comparison,MSFT,rp4_gamma_imb_signed_trades,32580,1e-8,1e-10,32580,0,0,0,0,0,0.0,0.0,0.0
candidate_vs_independent_legacy,Independent implementation/source-order/dedup comparison,NVDA,rp4_gamma_imb_total,32580,1e-8,1e-10,32580,0,0,0,455,455,5697464.933521271,24626.003767506492,-12162.234800753427
candidate_vs_independent_legacy,Independent implementation/source-order/dedup comparison,NVDA,rp4_gamma_imb_near_spot,32580,1e-8,1e-10,32580,0,0,0,455,455,5586970.567497253,17414.210965499977,-4477.941582752231
candidate_vs_independent_legacy,Independent implementation/source-order/dedup comparison,NVDA,rp4_gamma_imb_near_short,32580,1e-8,1e-10,32580,0,0,0,455,455,5485852.8732299805,13921.628936004636,687.7491527891752
candidate_vs_independent_legacy,Independent implementation/source-order/dedup comparison,NVDA,rp4_gamma_imb_signed_trades,32580,1e-8,1e-10,32580,0,0,0,0,0,0.0,0.0,0.0
candidate_vs_independent_legacy,Independent implementation/source-order/dedup comparison,TSLA,rp4_gamma_imb_total,32580,1e-8,1e-10,32580,0,0,0,0,0,0.0,0.0,0.0
candidate_vs_independent_legacy,Independent implementation/source-order/dedup comparison,TSLA,rp4_gamma_imb_near_spot,32580,1e-8,1e-10,32580,0,0,0,0,0,0.0,0.0,0.0
candidate_vs_independent_legacy,Independent implementation/source-order/dedup comparison,TSLA,rp4_gamma_imb_near_short,32580,1e-8,1e-10,32580,0,0,0,0,0,0.0,0.0,0.0
candidate_vs_independent_legacy,Independent implementation/source-order/dedup comparison,TSLA,rp4_gamma_imb_signed_trades,32580,1e-8,1e-10,32580,0,0,0,0,0,0.0,0.0,0.0
legacy_vs_iv_only,IV range and induced prior-print multileg history changes only,ALL,rp4_gamma_imb_total,195479,1e-8,1e-10,195479,0,0,0,163420,163404,223533054212.31125,3433861513.8929796,531479234.26433545
legacy_vs_iv_only,IV range and induced prior-print multileg history changes only,ALL,rp4_gamma_imb_near_spot,195479,1e-8,1e-10,195479,0,0,0,40891,40760,223533060025.9393,3433434280.0379043,531195945.6429154
legacy_vs_iv_only,IV range and induced prior-print multileg history changes only,ALL,rp4_gamma_imb_near_short,195479,1e-8,1e-10,195479,0,0,0,40891,40761,223533060025.93988,3433434280.0379043,531195945.6429153
legacy_vs_iv_only,IV range and induced prior-print multileg history changes only,ALL,rp4_gamma_imb_signed_trades,195479,1e-8,1e-10,195479,0,0,0,162639,162639,217845.0,5190.077021061086,-5190.076028627116
legacy_vs_iv_only,IV range and induced prior-print multileg history changes only,AAPL,rp4_gamma_imb_total,32580,1e-8,1e-10,32580,0,0,0,26510,26510,180211541399.02957,3954843769.7178693,-83252687.92593329
legacy_vs_iv_only,IV range and induced prior-print multileg history changes only,AAPL,rp4_gamma_imb_near_spot,32580,1e-8,1e-10,32580,0,0,0,7830,7829,180211537198.839,3954715640.934155,-83352905.17152424
legacy_vs_iv_only,IV range and induced prior-print multileg history changes only,AAPL,rp4_gamma_imb_near_short,32580,1e-8,1e-10,32580,0,0,0,7830,7829,180211537198.83868,3954715640.9341555,-83352905.17152514
legacy_vs_iv_only,IV range and induced prior-print multileg history changes only,AAPL,rp4_gamma_imb_signed_trades,32580,1e-8,1e-10,32580,0,0,0,26359,26359,112205.0,7623.954634745242,-7623.954082259054
legacy_vs_iv_only,IV range and induced prior-print multileg history changes only,AMZN,rp4_gamma_imb_total,32580,1e-8,1e-10,32580,0,0,0,25396,25389,155140191321.21442,2427773304.344826,-330934575.4187271
legacy_vs_iv_only,IV range and induced prior-print multileg history changes only,AMZN,rp4_gamma_imb_near_spot,32580,1e-8,1e-10,32580,0,0,0,7569,7545,155140192757.19424,2427589283.4850945,-331063289.44736326
legacy_vs_iv_only,IV range and induced prior-print multileg history changes only,AMZN,rp4_gamma_imb_near_short,32580,1e-8,1e-10,32580,0,0,0,7569,7546,155140192757.19437,2427589283.485094,-331063289.4473625
legacy_vs_iv_only,IV range and induced prior-print multileg history changes only,AMZN,rp4_gamma_imb_signed_trades,32580,1e-8,1e-10,32580,0,0,0,25039,25039,63187.0,3733.9048496009823,-3733.9012891344382
legacy_vs_iv_only,IV range and induced prior-print multileg history changes only,META,rp4_gamma_imb_total,32579,1e-8,1e-10,32579,0,0,0,28767,28760,218223986897.8143,5864571667.55517,3010552432.720925
legacy_vs_iv_only,IV range and induced prior-print multileg history changes only,META,rp4_gamma_imb_near_spot,32579,1e-8,1e-10,32579,0,0,0,7987,7965,218223990758.852,5864269870.445903,3010319053.024286
legacy_vs_iv_only,IV range and induced prior-print multileg history changes only,META,rp4_gamma_imb_near_short,32579,1e-8,1e-10,32579,0,0,0,7987,7965,218223990758.85193,5864269870.445903,3010319053.0242844
legacy_vs_iv_only,IV range and induced prior-print multileg history changes only,META,rp4_gamma_imb_signed_trades,32579,1e-8,1e-10,32579,0,0,0,28753,28753,96502.0,5660.182080481291,-5660.181650756623
legacy_vs_iv_only,IV range and induced prior-print multileg history changes only,MSFT,rp4_gamma_imb_total,32580,1e-8,1e-10,32580,0,0,0,18038,18038,198004391821.47916,3983189760.9641037,1440231095.9629095
legacy_vs_iv_only,IV range and induced prior-print multileg history changes only,MSFT,rp4_gamma_imb_near_spot,32580,1e-8,1e-10,32580,0,0,0,8012,8009,198004391821.4788,3982901344.019462,1439967451.4945736
legacy_vs_iv_only,IV range and induced prior-print multileg history changes only,MSFT,rp4_gamma_imb_near_short,32580,1e-8,1e-10,32580,0,0,0,8012,8009,198004391821.47897,3982901344.0194635,1439967451.4945736
legacy_vs_iv_only,IV range and induced prior-print multileg history changes only,MSFT,rp4_gamma_imb_signed_trades,32580,1e-8,1e-10,32580,0,0,0,17815,17815,78177.0,4429.538612645795,-4429.537200736649
legacy_vs_iv_only,IV range and induced prior-print multileg history changes only,NVDA,rp4_gamma_imb_total,32580,1e-8,1e-10,32580,0,0,0,32449,32447,223533054212.31125,3934350474.1258087,-967811357.6951971
legacy_vs_iv_only,IV range and induced prior-print multileg history changes only,NVDA,rp4_gamma_imb_near_spot,32580,1e-8,1e-10,32580,0,0,0,7374,7364,223533060025.9393,3933965445.830377,-968044710.217073
legacy_vs_iv_only,IV range and induced prior-print multileg history changes only,NVDA,rp4_gamma_imb_near_short,32580,1e-8,1e-10,32580,0,0,0,7374,7364,223533060025.93988,3933965445.830378,-968044710.217073
legacy_vs_iv_only,IV range and induced prior-print multileg history changes only,NVDA,rp4_gamma_imb_signed_trades,32580,1e-8,1e-10,32580,0,0,0,32451,32451,139337.0,8696.96028238183,-8696.96028238183
legacy_vs_iv_only,IV range and induced prior-print multileg history changes only,TSLA,rp4_gamma_imb_total,32580,1e-8,1e-10,32580,0,0,0,32260,32260,114990619700.65895,438514714.08268505,120166589.8143025
legacy_vs_iv_only,IV range and induced prior-print multileg history changes only,TSLA,rp4_gamma_imb_near_spot,32580,1e-8,1e-10,32580,0,0,0,2119,2048,114990628975.77278,437238706.79513454,119426167.57874948
legacy_vs_iv_only,IV range and induced prior-print multileg history changes only,TSLA,rp4_gamma_imb_near_short,32580,1e-8,1e-10,32580,0,0,0,2119,2048,114990628975.77316,437238706.79513544,119426167.57874888
legacy_vs_iv_only,IV range and induced prior-print multileg history changes only,TSLA,rp4_gamma_imb_signed_trades,32580,1e-8,1e-10,32580,0,0,0,32222,32222,217845.0,995.9360957642725,-995.9360957642725
iv_only_vs_production,"First-available versions, eligible-history, dual clocks, prefix NaN, ambiguous side zero",ALL,rp4_gamma_imb_total,195479,1e-8,1e-10,195089,390,0,0,1068,1068,28092964.292370796,44942.882572647504,7884.947376925872
iv_only_vs_production,"First-available versions, eligible-history, dual clocks, prefix NaN, ambiguous side zero",ALL,rp4_gamma_imb_near_spot,195479,1e-8,1e-10,195089,390,0,0,1068,1068,31008664.580394745,29185.46441864083,10075.989407830994
iv_only_vs_production,"First-available versions, eligible-history, dual clocks, prefix NaN, ambiguous side zero",ALL,rp4_gamma_imb_near_short,195479,1e-8,1e-10,195089,390,0,0,1039,1039,30259585.265538216,24335.99241159119,11768.011427359386
iv_only_vs_production,"First-available versions, eligible-history, dual clocks, prefix NaN, ambiguous side zero",ALL,rp4_gamma_imb_signed_trades,195479,1e-8,1e-10,195089,390,0,0,1068,1068,138.0,0.4248778762513519,0.4248778762513519
iv_only_vs_production,"First-available versions, eligible-history, dual clocks, prefix NaN, ambiguous side zero",AAPL,rp4_gamma_imb_total,32580,1e-8,1e-10,32515,65,0,0,130,130,27855135.548225403,56351.25112632644,56351.25112632644
iv_only_vs_production,"First-available versions, eligible-history, dual clocks, prefix NaN, ambiguous side zero",AAPL,rp4_gamma_imb_near_spot,32580,1e-8,1e-10,32515,65,0,0,130,130,10074852.562570572,28518.729677633466,5873.155293081167
iv_only_vs_production,"First-available versions, eligible-history, dual clocks, prefix NaN, ambiguous side zero",AAPL,rp4_gamma_imb_near_short,32580,1e-8,1e-10,32515,65,0,0,130,130,8173368.134300232,20834.177414997837,11844.212788260527
iv_only_vs_production,"First-available versions, eligible-history, dual clocks, prefix NaN, ambiguous side zero",AAPL,rp4_gamma_imb_signed_trades,32580,1e-8,1e-10,32515,65,0,0,130,130,66.0,0.20295248346916808,0.20295248346916808
iv_only_vs_production,"First-available versions, eligible-history, dual clocks, prefix NaN, ambiguous side zero",AMZN,rp4_gamma_imb_total,32580,1e-8,1e-10,32515,65,0,0,390,390,4283959.842154026,24122.08812331188,-21893.662257153595
iv_only_vs_production,"First-available versions, eligible-history, dual clocks, prefix NaN, ambiguous side zero",AMZN,rp4_gamma_imb_near_spot,32580,1e-8,1e-10,32515,65,0,0,390,390,2464863.2947893143,15631.10589735318,-7110.73461378857
iv_only_vs_production,"First-available versions, eligible-history, dual clocks, prefix NaN, ambiguous side zero",AMZN,rp4_gamma_imb_near_short,32580,1e-8,1e-10,32515,65,0,0,390,390,1394655.2303390503,5206.94494389399,-566.2490144937116
iv_only_vs_production,"First-available versions, eligible-history, dual clocks, prefix NaN, ambiguous side zero",AMZN,rp4_gamma_imb_signed_trades,32580,1e-8,1e-10,32515,65,0,0,390,390,95.0,0.6546209441796094,0.6546209441796094
iv_only_vs_production,"First-available versions, eligible-history, dual clocks, prefix NaN, ambiguous side zero",META,rp4_gamma_imb_total,32579,1e-8,1e-10,32514,65,0,0,194,194,18681610.357733965,54092.03479498725,13875.256725750532
iv_only_vs_production,"First-available versions, eligible-history, dual clocks, prefix NaN, ambiguous side zero",META,rp4_gamma_imb_near_spot,32579,1e-8,1e-10,32514,65,0,0,194,194,21104117.953121185,37325.579497372666,31311.735698998487
iv_only_vs_production,"First-available versions, eligible-history, dual clocks, prefix NaN, ambiguous side zero",META,rp4_gamma_imb_near_short,32579,1e-8,1e-10,32514,65,0,0,194,194,17672860.418840766,41281.83299159104,23710.255317420186
iv_only_vs_production,"First-available versions, eligible-history, dual clocks, prefix NaN, ambiguous side zero",META,rp4_gamma_imb_signed_trades,32579,1e-8,1e-10,32514,65,0,0,194,194,128.0,0.5841791228393922,0.5841791228393922
iv_only_vs_production,"First-available versions, eligible-history, dual clocks, prefix NaN, ambiguous side zero",MSFT,rp4_gamma_imb_total,32580,1e-8,1e-10,32515,65,0,0,130,130,28092964.292370796,61222.890648972134,42925.4650226518
iv_only_vs_production,"First-available versions, eligible-history, dual clocks, prefix NaN, ambiguous side zero",MSFT,rp4_gamma_imb_near_spot,32580,1e-8,1e-10,32515,65,0,0,130,130,31008664.580394745,60000.47684308941,59998.53007065796
iv_only_vs_production,"First-available versions, eligible-history, dual clocks, prefix NaN, ambiguous side zero",MSFT,rp4_gamma_imb_near_short,32580,1e-8,1e-10,32515,65,0,0,130,130,30259585.265538216,63755.780515944934,49570.88923965939
iv_only_vs_production,"First-available versions, eligible-history, dual clocks, prefix NaN, ambiguous side zero",MSFT,rp4_gamma_imb_signed_trades,32580,1e-8,1e-10,32515,65,0,0,130,130,124.0,0.3940950330616638,0.3940950330616638
iv_only_vs_production,"First-available versions, eligible-history, dual clocks, prefix NaN, ambiguous side zero",NVDA,rp4_gamma_imb_total,32580,1e-8,1e-10,32515,65,0,0,0,0,0.0,0.0,0.0
iv_only_vs_production,"First-available versions, eligible-history, dual clocks, prefix NaN, ambiguous side zero",NVDA,rp4_gamma_imb_near_spot,32580,1e-8,1e-10,32515,65,0,0,0,0,0.0,0.0,0.0
iv_only_vs_production,"First-available versions, eligible-history, dual clocks, prefix NaN, ambiguous side zero",NVDA,rp4_gamma_imb_near_short,32580,1e-8,1e-10,32515,65,0,0,0,0,0.0,0.0,0.0
iv_only_vs_production,"First-available versions, eligible-history, dual clocks, prefix NaN, ambiguous side zero",NVDA,rp4_gamma_imb_signed_trades,32580,1e-8,1e-10,32515,65,0,0,0,0,0.0,0.0,0.0
iv_only_vs_production,"First-available versions, eligible-history, dual clocks, prefix NaN, ambiguous side zero",TSLA,rp4_gamma_imb_total,32580,1e-8,1e-10,32515,65,0,0,224,224,16846771.87738037,73869.31212479455,-43948.44212383946
iv_only_vs_production,"First-available versions, eligible-history, dual clocks, prefix NaN, ambiguous side zero",TSLA,rp4_gamma_imb_near_spot,32580,1e-8,1e-10,32515,65,0,0,224,224,11697354.608251572,33637.14494592968,-29616.09689581849
iv_only_vs_production,"First-available versions, eligible-history, dual clocks, prefix NaN, ambiguous side zero",TSLA,rp4_gamma_imb_near_short,32580,1e-8,1e-10,32515,65,0,0,195,195,5855875.176602364,14937.7397730587,-13950.67248254768
iv_only_vs_production,"First-available versions, eligible-history, dual clocks, prefix NaN, ambiguous side zero",TSLA,rp4_gamma_imb_signed_trades,32580,1e-8,1e-10,32515,65,0,0,224,224,138.0,0.7134245732738737,0.7134245732738737
candidate_vs_production,"Combined registered IV, version/history and causal safety corrections",ALL,rp4_gamma_imb_total,195479,1e-8,1e-10,195089,390,0,0,163528,163512,223533054212.31125,3440755928.3708453,532547561.65466547
candidate_vs_production,"Combined registered IV, version/history and causal safety corrections",ALL,rp4_gamma_imb_near_spot,195479,1e-8,1e-10,195089,390,0,0,42234,42103,223533060025.9393,3440317177.547886,532267181.0388709
candidate_vs_production,"Combined registered IV, version/history and causal safety corrections",ALL,rp4_gamma_imb_near_short,195479,1e-8,1e-10,195089,390,0,0,42234,42104,223533060025.93988,3440312523.8472147,532269735.73487055
candidate_vs_production,"Combined registered IV, version/history and causal safety corrections",ALL,rp4_gamma_imb_signed_trades,195479,1e-8,1e-10,195089,390,0,0,162762,162762,217845.0,5200.605831184741,-5200.026567361563
candidate_vs_production,"Combined registered IV, version/history and causal safety corrections",AAPL,rp4_gamma_imb_total,32580,1e-8,1e-10,32515,65,0,0,26510,26510,180211541399.02957,3962789817.7739353,-83362765.23747616
candidate_vs_production,"Combined registered IV, version/history and causal safety corrections",AAPL,rp4_gamma_imb_near_spot,32580,1e-8,1e-10,32515,65,0,0,7895,7894,180211537198.839,3962624004.857684,-83513660.92092586
candidate_vs_production,"Combined registered IV, version/history and causal safety corrections",AAPL,rp4_gamma_imb_near_short,32580,1e-8,1e-10,32515,65,0,0,7895,7894,180211537198.83868,3962617623.091997,-83507689.8634316
candidate_vs_production,"Combined registered IV, version/history and causal safety corrections",AAPL,rp4_gamma_imb_signed_trades,32580,1e-8,1e-10,32515,65,0,0,26359,26359,112205.0,7639.1305858834385,-7638.992003690604
candidate_vs_production,"Combined registered IV, version/history and causal safety corrections",AMZN,rp4_gamma_imb_total,32580,1e-8,1e-10,32515,65,0,0,25484,25477,155140191321.21442,2432643085.933096,-331618032.8946769
candidate_vs_production,"Combined registered IV, version/history and causal safety corrections",AMZN,rp4_gamma_imb_near_spot,32580,1e-8,1e-10,32515,65,0,0,7954,7930,155140192757.19424,2432457853.3400784,-331732221.30496895
candidate_vs_production,"Combined registered IV, version/history and causal safety corrections",AMZN,rp4_gamma_imb_near_short,32580,1e-8,1e-10,32515,65,0,0,7954,7931,155140192757.19437,2432447429.1791234,-331725676.81936884
candidate_vs_production,"Combined registered IV, version/history and causal safety corrections",AMZN,rp4_gamma_imb_signed_trades,32580,1e-8,1e-10,32515,65,0,0,25141,25141,63187.0,3741.6671382438876,-3740.7110256804554
candidate_vs_production,"Combined registered IV, version/history and causal safety corrections",META,rp4_gamma_imb_total,32579,1e-8,1e-10,32514,65,0,0,28787,28780,218223986897.8143,5876349776.761989,3016584820.253189
candidate_vs_production,"Combined registered IV, version/history and causal safety corrections",META,rp4_gamma_imb_near_spot,32579,1e-8,1e-10,32514,65,0,0,8181,8159,218223990758.852,5876030685.647685,3016368410.477109
candidate_vs_production,"Combined registered IV, version/history and causal safety corrections",META,rp4_gamma_imb_near_short,32579,1e-8,1e-10,32514,65,0,0,8181,8159,218223990758.85193,5876034641.901179,3016360808.996726
candidate_vs_production,"Combined registered IV, version/history and causal safety corrections",META,rp4_gamma_imb_signed_trades,32579,1e-8,1e-10,32514,65,0,0,28773,28773,96502.0,5672.039183121117,-5670.912960570831
candidate_vs_production,"Combined registered IV, version/history and causal safety corrections",MSFT,rp4_gamma_imb_total,32580,1e-8,1e-10,32515,65,0,0,18038,18038,198004391821.47916,3991151698.3365417,1443153154.7890759
candidate_vs_production,"Combined registered IV, version/history and causal safety corrections",MSFT,rp4_gamma_imb_near_spot,32580,1e-8,1e-10,32515,65,0,0,8077,8074,198004391821.4788,3990874032.4127107,1442906056.340103
candidate_vs_production,"Combined registered IV, version/history and causal safety corrections",MSFT,rp4_gamma_imb_near_short,32580,1e-8,1e-10,32515,65,0,0,8077,8074,198004391821.47897,3990879045.4147034,1442895628.6992724
candidate_vs_production,"Combined registered IV, version/history and causal safety corrections",MSFT,rp4_gamma_imb_signed_trades,32580,1e-8,1e-10,32515,65,0,0,17815,17815,78177.0,4438.278640627403,-4437.99809318776
candidate_vs_production,"Combined registered IV, version/history and causal safety corrections",NVDA,rp4_gamma_imb_total,32580,1e-8,1e-10,32515,65,0,0,32449,32447,223533054212.31125,3942229413.0886683,-969758274.0064379
candidate_vs_production,"Combined registered IV, version/history and causal safety corrections",NVDA,rp4_gamma_imb_near_spot,32580,1e-8,1e-10,32515,65,0,0,7814,7804,223533060025.9393,3941847100.9653997,-969984393.3633403
candidate_vs_production,"Combined registered IV, version/history and causal safety corrections",NVDA,rp4_gamma_imb_near_short,32580,1e-8,1e-10,32515,65,0,0,7814,7804,223533060025.93988,3941843595.6883163,-969979217.3459892
candidate_vs_production,"Combined registered IV, version/history and causal safety corrections",NVDA,rp4_gamma_imb_signed_trades,32580,1e-8,1e-10,32515,65,0,0,32451,32451,139337.0,8714.34617868676,-8714.34617868676
candidate_vs_production,"Combined registered IV, version/history and causal safety corrections",TSLA,rp4_gamma_imb_total,32580,1e-8,1e-10,32515,65,0,0,32260,32260,114990619700.65895,439446685.1076642,120362863.67997292
candidate_vs_production,"Combined registered IV, version/history and causal safety corrections",TSLA,rp4_gamma_imb_near_spot,32580,1e-8,1e-10,32515,65,0,0,2313,2242,114990628975.77278,438144298.5207181,119635293.6283282
candidate_vs_production,"Combined registered IV, version/history and causal safety corrections",TSLA,rp4_gamma_imb_near_short,32580,1e-8,1e-10,32515,65,0,0,2313,2242,114990628975.77316,438127718.5297319,119650959.05274084
candidate_vs_production,"Combined registered IV, version/history and causal safety corrections",TSLA,rp4_gamma_imb_signed_trades,32580,1e-8,1e-10,32515,65,0,0,32223,32223,217845.0,998.1877594956175,-997.2136244810088
